Name,Position,,,Points,,,PPG,,,'FG,,,FG%,,,'2pt,,,2p%,,,'3pt,,,3p%,,,'FT,,,FT%,,,OFF,,,OFFPG,,,DEF,,,DEFPG,,,REB,,,RPG,,,AST,,,APG,,,STL,,,SPG,,,BLK,,,BPG,,,TO,,,TOPG,,,MIN,,,Ave Mins,,,,Point Guard
J. Macalalag,Power Forward,6,9,0,0,2,3.4,'2-7,'3-8,'0-4,'0-5,'0-2,19.23%,'0-3,'2-7,'0-4,'0-3,'0-2,10.53%,'2-4,'1-1,'0-0,'0-2,'0-0,42.86%,'0-0,'2-2,'0-0,'0-0,'2-4,66.67%,1,3,0,0,0,0.8,2,1,0,1,0,0.8,3,4,0,1,0,1.6,3,1,2,3,1,2,1,1,0,0,0,0.4,0,0,1,0,0,0.2,1,1,1,0,4,1.4,30:21.0,26:49.0,24:19.0,20:42.0,23:24.0,25:07.0,,,,Center
H. Agunanne,Center,5,2,2,4,8,4.2,'2-2,'1-2,'1-3,'2-4,'4-8,52.63%,'2-2,'1-2,'1-3,'2-4,'1-1,58.33%,'0-0,'0-0,'0-1,'0-0,'0-0,0.00%,'1-4,'0-0,'0-0,'0-0,'0-3,14.29%,0,2,0,0,10,2.4,5,4,4,5,5,4.6,5,6,4,5,15,7,0,1,0,0,0,0.2,1,0,0,1,1,0.6,1,0,1,2,0,0.8,3,1,1,0,2,1.4,21:24.0,09:39.0,11:34.0,16:26.0,21:25.0,16:05.0,,,,
E. Gollena,Small Forward,2,9,11,0,2,4.8,'1-3,'3-8,'4-6,'0-3,'1-1,42.86%,'1-1,'3-6,'3-4,'0-2,'3-8,47.62%,'0-2,'0-2,'1-2,'0-1,'0-3,10.00%,'0-2,'3-4,'2-2,'0-0,'0-0,62.50%,1,1,1,2,1,1.2,1,1,3,3,0,1.6,2,2,4,5,1,2.8,1,5,0,1,0,1.4,2,0,0,0,0,0.4,1,0,0,0,1,0.4,3,0,0,0,1,0.8,26:57.0,23:27.0,21:00.0,09:40.0,10:40.0,18:20.0,,,,
K. Quiambao,Power Forward,13,22,19,14,6,14.8,'4-11,'7-14,'5-15,'3-7,'3-17,34.38%,'3-5,'3-7,'3-5,'2-2,'4-8,55.56%,'1-6,'4-7,'2-10,'1-5,'0-9,21.62%,'4-5,'4-6,'7-7,'7-10,'0-0,78.57%,1,1,6,0,2,2,3,8,5,3,5,4.8,4,9,11,3,7,6.8,0,2,1,2,5,2,0,1,0,3,1,1,0,0,1,2,0,0.6,3,4,6,2,0,3,30:04.0,32:18.0,35:30.0,26:18.0,31:11.0,31:04.0,,,,
L. Ramiro,Point Guard,5,0,5,7,4,4.2,'2-4,'0-1,'2-9,'2-3,'1-3,35.00%,'1-2,'0-1,'0-0,'0-0,'1-2,40.00%,'1-2,'0-0,'1-3,'2-3,'0-1,44.44%,'0-0,'0-2,'0-0,'1-2,'2-4,37.50%,0,0,1,1,0,0.4,0,0,1,2,2,1,0,0,2,3,2,1.4,0,1,1,1,1,0.8,1,0,0,1,0,0.4,0,0,0,0,0,0,1,2,0,0,4,1.4,08:31.0,10:49.0,12:40.0,14:51.0,14:43.0,12:18.0,,,,
C. Austria,Shooting Guard,3,5,7,2,0,3.4,'1-2,'2-6,'3-8,'1-11,'0-0,25.93%,'0-1,'2-3,'3-8,'1-7,'0-0,31.58%,'1-1,'0-3,'1-4,'0-4,'0-0,16.67%,'0-0,'1-3,'0-0,'0-0,'0-0,33.33%,1,1,4,1,0,1.4,0,1,1,0,0,0.4,1,2,5,1,0,1.8,0,3,2,2,1,1.6,0,3,0,0,0,0.6,0,0,1,0,0,0.2,2,4,1,0,0,1.4,12:06.0,20:15.0,18:19.0,16:04.0,05:10.0,14:22.0,,,,
M. Rubico,Point Guard,2,0,0,6,0,1.6,'1-3,'0-1,'0-1,'3-3,'0-0,50.00%,'1-2,'0-0,'0-0,'3-3,'0-0,80.00%,'0-1,'0-1,'0-1,'0-0,'0-0,0.00%,'0-0,'0-0,'0-0,'0-1,'0-0,0.00%,1,0,0,1,0,0.4,0,0,0,1,0,0.2,1,0,0,2,0,0.6,0,1,0,1,0,0.4,0,0,0,0,0,0,0,0,0,0,0,0,0,1,0,0,0,0.2,02:03.0,04:03.0,01:33.0,14:12.0,00:00.0,04:22.0,,,,
D. Dungo,Small Forward,2,0,0,5,1,1.6,'1-2,'0-0,'0-3,'2-6,'0-1,25.00%,'1-2,'0-0,'0-3,'2-2,'0-0,42.86%,'0-0,'0-0,'0-3,'0-4,'0-1,0.00%,'0-0,'0-0,'0-0,'1-2,'1-2,50.00%,0,0,0,0,0,0,0,0,1,0,3,0.8,0,0,1,0,3,0.8,0,0,3,0,2,1,0,0,1,0,0,0.2,0,0,0,0,1,0.2,1,0,0,0,1,0.4,01:59.0,00:00.0,09:48.0,10:55.0,09:05.0,06:21.0,,,,
V. Marasigan,Power Forward,0,0,2,5,1,1.6,'0-0,'0-0,'1-4,'2-4,'0-5,23.08%,'0-0,'0-0,'1-4,'2-4,'0-3,27.27%,'0-0,'0-0,'0-1,'0-0,'0-2,0.00%,'0-0,'0-0,'0-0,'1-2,'1-2,50.00%,0,1,0,0,0,0.2,1,0,1,0,1,0.6,1,1,1,0,1,0.8,1,1,0,1,0,0.6,0,0,0,4,0,0.8,0,0,0,0,0,0,2,2,2,2,1,1.8,02:38.0,03:45.0,06:33.0,10:50.0,11:54.0,07:08.0,,,,
R. Gonzales,Center,0,8,0,4,9,4.2,'0-2,'4-5,'0-0,'2-6,'4-5,55.56%,'0-2,'4-5,'0-0,'2-5,'4-5,58.82%,'0-0,'0-0,'0-0,'0-1,'0-0,0.00%,'0-0,'0-0,'0-2,'0-0,'1-2,25.00%,2,0,0,3,4,1.8,1,2,0,6,5,2.8,3,2,0,9,9,4.6,0,0,0,0,0,0,0,0,0,2,0,0.4,0,2,0,1,0,0.6,0,0,0,2,2,0.8,07:28.0,10:25.0,03:26.0,12:30.0,15:01.0,09:46.0,,,,
A. Konov,Power Forward,0,0,0,4,0,0.8,'0-0,'0-0,'0-0,'1-3,'0-1,25.00%,'0-0,'0-0,'0-0,'0-0,'0-0,0.00%,'0-0,'0-0,'0-0,'1-3,'0-1,25.00%,'0-0,'0-0,'0-0,'1-1,'0-1,50.00%,0,0,0,0,0,0,0,0,0,2,1,0.6,0,0,0,2,1,0.6,0,0,0,0,1,0.2,0,0,0,0,0,0,0,0,0,0,0,0,0,0,0,0,0,0,00:00.0,00:00.0,00:00.0,09:55.0,04:59.0,02:58.0,,,,
E. Alian,Point Guard,0,0,0,0,0,0,'0-0,'0-0,'0-0,'0-0,'0-0,0.00%,'0-0,'0-0,'0-0,'0-0,'0-0,0.00%,'0-0,'0-0,'0-0,'0-0,'0-0,0.00%,'0-0,'0-0,'0-0,'0-0,'0-0,0.00%,0,0,0,0,0,0,0,0,0,0,0,0,0,0,0,0,0,0,0,0,0,0,0,0,0,0,0,0,0,0,0,0,0,0,0,0,0,0,0,0,0,0,00:00.0,00:00.0,00:00.0,01:34.0,02:51.0,00:53.0,,,,
Q. Millora-Brown,Center,14,11,17,9,16,13.4,'5-10,'4-4,'7-11,'1-4,'7-10,61.54%,'5-10,'4-4,'7-11,'1-4,'7-10,61.54%,'0-0,'0/0,'0-0,'0-0,'0-0,0.00%,'4-4,'3-4,'3-4,'7-10,'2-6,67.86%,8,2,3,4,7,4.8,2,6,6,15,5,6.8,10,8,9,19,12,11.6,1,3,3,3,2,2.4,1,0,2,0,0,0.6,1,0,1,4,2,1.6,0,3,3,2,6,2.8,26:39.0,30:20.0,34:27.0,29:12.0,25:20.0,29:11.0,,,,
F. Lopez,Shooting Guard,12,16,13,15,4,12,'4-11,'5-13,'5-11,'5-17,'2-7,35.59%,'2-6,'3-10,'5-9,'4-9,'2-4,42.11%,'2-5,'2-3,'0-2,'1-8,'0-3,23.81%,'2-4,'4-8,'3-4,'5-5,'0-0,66.67%,2,0,1,3,2,1.6,11,9,5,6,5,7.2,13,9,6,9,7,8.8,6,1,2,1,3,2.6,1,2,1,0,0,0.8,1,4,4,1,2,2.4,9,2,2,2,1,3.2,34:56.0,34:16.0,24:21.0,31:58.0,24:10.0,29:56.0,,,,
J. Cagulangan,Point Guard,12,16,13,6,4,10.2,'4-18,'5-16,'5-16,'3-13,'0-9,23.61%,'3-12,'2-8,'4-9,'3-9,'0-7,26.67%,'1-6,'3-8,'1-7,'0-4,'0-2,18.52%,'3-3,'3-4,'2-3,'0-0,'4-4,85.71%,0,1,1,1,2,1,2,6,3,2,3,3.2,2,7,4,3,5,4.2,4,5,5,5,9,5.6,3,0,1,2,1,1.4,0,0,2,0,0,0.4,2,1,2,3,1,1.8,35:54.0,37:21.0,34:54.0,23:32.0,30:56.0,32:31.0,,,,
G. Abadiano,Point Guard,9,16,9,0,33,13.4,'3-6,'5-13,'3-10,'0-2,'12-17,47.92%,'2-4,'3-7,'2-6,'0-1,'7-9,51.85%,'1-2,'2-6,'1-4,'0-0,'5-8,45.00%,'2-2,'4-5,'2-2,'0-0,'4-5,85.71%,1,1,1,0,1,0.8,2,0,7,2,4,3,3,1,8,2,5,3.8,0,0,0,0,0,0,1,2,0,0,1,0.8,0,0,0,0,0,0,2,1,1,0,2,1.2,28:10.0,31:09.0,24:55.0,05:09.0,24:15.0,22:43.0,,,,
H. Alarcon,Shooting Guard,7,5,4,16,0,6.4,'3-6,'2-7,'1-4,'7-14,'0-1,40.63%,'3-5,'1-3,'1-2,'7-9,'0-1,60.00%,'0-1,'1-4,'0-2,'0-5,'0-0,8.33%,'1-2,'1-4,'2-2,'2-2,'0-0,60.00%,1,0,1,0,0,0.4,3,1,0,3,1,1.6,4,3,1,3,1,2.4,2,0,2,1,0,1,0,0,0,3,0,0.6,0,0,0,0,0,0,1,0,0,0,1,0.4,20:26.0,24:46.0,15:40.0,26:17.0,08:45.0,19:10.0,,,,
T. Fortea,Point Guard,4,0,2,8,4,3.6,'1-4,'0-2,'1-2,'3-6,'1-4,33.33%,'1-1,'0-0,'1-2,'3-3,'0-0,83.33%,'0-3,'0-2,'0-0,'0-3,'1-4,8.33%,'2-2,'0-0,'0-0,'2-2,'1-2,83.33%,0,0,0,0,0,0,1,0,0,1,1,0.6,1,0,0,1,1,0.6,0,0,0,2,1,0.6,1,0,0,0,0,0.2,0,0,0,0,0,0,1,0,2,0,0,0.6,11:06.0,04:14.0,08:34.0,14:48.0,07:42.0,09:16.0,,,,
G. Stevens,Center,4,2,0,2,0,1.6,'2-2,'1-0,'0-0,'0-0,'0-1,100.00%,'2-2,'1-1,'0-0,'0-0,'0-1,75.00%,'0-0,'0-0,'0-0,'0-0,'0-0,0,'0-0,'0-0,'0-0,'2-4,'0-0,50.00%,0,0,0,1,0,0.2,0,0,1,1,0,0.4,0,1,1,2,0,0.8,0,0,0,0,0,0,0,0,0,0,0,0,0,0,0,0,0,0,0,2,0,0,0,0.4,09:45.0,04:11.0,03:24.0,05:16.0,05:38.0,05:38.0,,,,
R. Torres,Small Forward,2,5,3,13,4,5.4,'1-5,'2-4,'1-4,'4-5,'1-2,45.00%,'1-3,'1-1,'0-2,'4-5,'1-1,58.33%,'0-2,'1-3,'1-2,'0-0,'1-3,30.00%,'0-0,'0-0,'0-0,'1-1,'2-2,100.00%,1,1,0,1,1,0.8,4,1,0,6,5,3.2,5,2,0,7,6,4,0,1,0,1,2,0.8,2,1,0,0,1,0.8,0,0,0,0,0,0,0,3,1,0,2,1.2,16:56.0,15:49.0,11:48.0,23:36.0,15:39.0,16:45.0,,,,
D. Ududo,Center,2,2,0,2,3,1.8,'1-2,'0-1,'0-0,'1-2,'1-3,37.50%,'1-2,'0-1,'0-0,'1-1,'0-0,50.00%,'0-0,'0-0,'0-0,'0-1,'0-0,0.00%,'0-0,'2-2,'0-0,'0-0,'0-0,100.00%,3,2,0,0,0,1,0,0,1,0,1,0.4,3,2,1,0,1,1.4,0,0,0,0,0,0,0,0,0,0,0,0,1,0,0,0,0,0.2,1,0,0,0,0,0.2,03:35.0,05:27.0,02:07.0,06:33.0,03:10.0,04:10.0,,,,
J. Felicilda,Point Guard,0,0,0,4,2,1.2,'0-0,'0-0,'0-1,'2-2,'1-1,75.00%,'0-0,'0-0,'0-0,'2-2,'1-1,100.00%,'0-0,'0-0,'0-1,'0-0,'0-1,0.00%,'0-0,'0-0,'0-0,'0-0,'0-0,0.00%,1,0,0,0,2,0.6,1,0,0,1,1,0.6,2,0,0,1,3,1.2,1,0,0,0,0,0.2,0,0,0,0,0,0,0,0,0,1,0,0.2,0,0,0,1,0,0.2,04:05.0,01:31.0,05:05.0,08:52.0,09:00.0,05:42.0,,,,
J. Bayla,Shooting Guard,0,0,5,0,0,1,'0-0,'0-2,'1-3,'0-1,'0-1,14.29%,'0-0,'0-1,'1-2,'0-0,'0-0,33.33%,'0-0,'0-0,'0-1,'0-1,'0-1,0.00%,'0-0,'0-0,'3-6,'0-0,'0-0,50.00%,0,0,2,0,0,0.4,1,0,0,0,0,0.2,1,0,2,0,0,0.6,0,0,1,0,0,0.2,0,0,3,0,0,0.6,0,0,0,0,0,0,0,0,0,1,1,0.4,03:34.0,05:59.0,20:14.0,12:22.0,12:22.0,10:54.0,,,,
S. Torculas,Small Forward,0,2,7,0,2,2.2,'0-2,'1-2,'2-4,'0-0,'1-2,40.00%,'0-1,'1-2,'1-2,'0-0,'1-1,50.00%,'0-1,'0-0,'1-2,'0-0,'0-0,33.33%,'0-0,'0-0,'2-2,'0-0,'0-0,100.00%,0,0,0,0,0,0,0,1,2,1,1,1,0,1,2,1,1,1,0,0,2,0,0,0.4,0,1,0,0,0,0.2,0,0,0,0,0,0,2,1,1,0,0,0.8,04:47.0,04:50.0,14:25.0,02:07.0,02:07.0,05:39.0,,,,
R. Mantua,Shooting Guard,14,14,6,14,3,10.2,'7-8,'6-7,'2-5,'6-7,'1-4,70.97%,'7-7,'4-4,'2-3,'4-4,'1-2,90.00%,'0-1,'2-3,'0-2,'2-3,'0-2,36.36%,'0-1,'0-2,'2-2,'0-2,'1-1,37.50%,1,0,0,0,0,0.2,0,0,0,0,0,0,1,0,0,0,0,0.2,1,0,0,0,0,0.2,2,0,0,0,0,0.4,0,0,0,0,0,0,3,2,2,2,1,2,17:35.0,19:44.0,19:44.0,19:44.0,12:48.0,17:55.0,,,,
M. Erolon,Point Guard,11,5,5,0,5,5.2,'4-9,'2-5,'2-5,'0-5,'2-5,34.48%,'1-2,'1-2,'1-3,'0-0,'1-3,40.00%,'3-7,'1-3,'1-2,'0-5,'1-2,31.58%,'0-0,'0-0,'0-0,'0-0,'0-0,0.00%,0,2,0,0,0,0.4,3,2,2,2,2,2.2,3,4,2,2,2,2.6,4,2,2,2,2,2.4,1,3,3,0,3,2,0,0,0,0,0,0,3,3,1,0,1,1.6,19:10.0,12:11.0,12:11.0,16:28.0,12:11.0,14:26.0,,,,
A. Fransman,Small Forward,8,0,5,3,18,6.8,'3-11,'0-0,'2-9,'1-7,'7-17,29.55%,'1-5,'0-0,'1-2,'0-2,'4-7,37.50%,'2-6,'0-0,'1-7,'1-5,'3-10,25.00%,'0-0,'0-0,'1-1,'1-3,'1-1,60.00%,0,0,0,0,1,0.2,7,0,0,2,10,3.8,7,0,0,2,11,4,2,0,0,2,3,1.4,0,0,1,0,1,0.4,0,0,0,2,1,0.6,3,0,0,3,4,2,26:03.0,00:00.0,14:55.0,19:20.0,23:14.0,16:42.0,,,,
J. Yerro,Shooting Guard,5,6,7,4,3,5,'2-7,'2-7,'3-5,'2-9,'1-4,31.25%,'1-4,'0-2,'3-5,'2-2,'1-2,46.67%,'1-3,'2-2,'0-0,'0-7,'0-2,21.43%,'0-2,'0-0,'1-2,'0-0,'1-1,40.00%,0,0,0,0,0,0,4,3,0,3,3,2.6,4,3,0,3,3,2.6,2,1,7,3,3,3.2,1,0,2,0,0,0.6,0,2,0,0,0,0.4,0,2,2,0,0,0.8,21:38.0,26:46.0,30:43.0,22:41.0,22:41.0,24:53.0,,,,
E. Ramos,Small Forward,4,3,3,2,0,2.4,'2-4,'1-7,'1-7,'1-2,'0-0,25.00%,'2-4,'1-5,'1-5,'1-2,'0-0,31.25%,'0-0,'0-2,'0-2,'0-0,'0-0,0.00%,'0-0,'1-2,'1-2,'0-0,'0-0,50.00%,0,2,0,0,0,0.4,0,0,0,1,0,0.2,0,2,0,1,0,0.6,0,2,2,1,0,1,1,0,0,0,0,0.2,0,0,0,0,0,0,0,2,0,0,1,0.6,09:00.0,10:43.0,10:43.0,08:16.0,11:25.0,10:01.0,,,,
M. Barasi Jr,Center,0,0,0,0,0,0,'0-0,'0-0,'0-0,'0-1,'0-3,0.00%,'0-0,'0-0,'0-0,'0-0,'0-3,0.00%,'0-0,'0-0,'0-0,'0-1,'0-0,0.00%,'0-0,'0-0,'0-0,'0-0,'0-0,0.00%,0,0,0,0,0,0,0,0,0,0,1,0.2,0,0,0,0,1,0.2,1,0,0,0,2,0.6,0,0,0,0,1,0.2,0,0,0,0,0,0,1,0,0,2,0,0.6,03:57.0,03:17.0,03:17.0,04:36.0,10:54.0,05:12.0,,,,
F. Dignadice,Shooting Guard,0,2,2,0,5,1.8,'0-2,'0-2,'0-2,'0-3,'2-3,16.67%,'0-0,'0-2,'0-2,'0-3,'1-1,12.50%,'0-0,'0-0,'0-0,'0-0,'1-2,50.00%,'2-4,'2-4,'2-4,'0-0,'1-2,50.00%,0,3,3,0,0,1.2,0,0,0,1,1,0.4,3,3,3,1,1,2.2,0,0,0,2,0,0.4,1,0,0,1,0,0.4,0,0,0,0,0,0,0,2,0,0,0,0.4,00:46.0,10:41.0,10:41.0,10:54.0,04:00.0,07:24.0,,,,
J. Barcelona,Power Forward,0,3,3,5,4,3,'0-0,'1-1,'1-2,'2-3,'1-1,71.43%,'0-0,'1-1,'0-2,'1-1,'1-1,60.00%,'0-0,'1-1,'1-0,'1-2,'0-0,100.00%,'0-0,'0-0,'0-0,'1-2,'2-4,50.00%,0,0,0,0,1,0.2,0,0,0,1,0,0.2,0,0,0,1,1,0.4,0,0,0,0,0,0,0,0,0,0,0,0,0,0,0,0,0,0,0,0,0,0,0,0,00:46.0,01:41.0,01:41.0,04:00.0,04:00.0,02:25.0,,,,
C. Alexander,Point Guard,0,0,0,4,0,0.8,'0-0,'0-2,'0-2,'1-1,'0-1,16.67%,'0-0,'0-2,'0-1,'1-1,'0-0,25.00%,'0-0,'0-1,'0-1,'0-0,'0-1,0.00%,'0-0,'0-0,'0-0,'2-4,'0-0,50.00%,0,2,0,1,0,0.6,0,1,1,0,0,0.4,0,3,1,1,0,1,0,0,1,0,0,0.2,0,0,0,0,0,0,0,0,0,0,0,0,1,0,0,0,0,0.2,02:19.0,02:10.0,02:10.0,04:00.0,06:24.0,03:24.0,,,,
A. Ignacio,Power Forward,0,0,0,0,0,0,'0-0,'0-1,'0-1,'0-1,'0-0,0.00%,'0-0,'0-1,'0-1,'0-0,'0-0,0.00%,'0-0,'0-1,'0-0,'0-1,'0-0,0.00%,'0-0,'0-0,'0-0,'0-0,'0-0,0.00%,0,0,0,0,0,0,0,1,1,0,0,0.4,0,1,1,0,0,0.4,0,1,1,0,0,0.4,0,0,0,0,0,0,0,0,0,0,0,0,1,0,0,0,0,0.2,00:46.0,02:10.0,02:10.0,06:24.0,04:00.0,03:06.0,,,,
A. Ronzone,Point Guard,0,0,0,0,0,0,'0-0,'0-0,'0-0,'0-0,'0-1,0.00%,'0-0,'0-0,'0-0,'0-0,'0-0,0.00%,'0-0,'0-0,'0-0,'0-0,'0-1,0.00%,'0-0,'0-0,'0-0,'0-0,'0-0,0.00%,0,0,0,0,0,0,0,1,1,0,0,0.4,0,1,1,0,0,0.4,0,0,0,0,0,0,0,0,0,0,0,0,0,0,0,0,0,0,0,0,0,0,2,0.4,02:37.0,02:22.0,02:22.0,04:00.0,04:36.0,03:11.0,,,,
M. Anabo,Shooting Guard,13,6,5,7,7,7.6,'3-7,'2-5,'2-2,'2-5,'2-5,45.83%,'0-1,'0-3,'2-2,'1-1,'1-1,50.00%,'3-6,'0-0,'0-0,'1-4,'1-4,35.71%,'4-7,'0-0,'1-0,'2-3,'2-3,69.23%,0,0,0,1,1,0.4,2,6,1,1,1,2.2,2,6,1,2,2,2.6,2,1,2,0,0,1,1,1,1,0,0,0.6,0,0,0,0,0,0,3,1,0,2,2,1.6,23:14.0,20:08.0,16:44.0,12:13.0,12:13.0,16:54.0,,,,
J. Calisay,Shooting Guard,6,0,6,0,0,2.4,'2-4,'0-0,'2-4,'0-6,'0-6,20.00%,'0-0,'0-0,'2-4,'0-2,'0-2,25.00%,'2-4,'0-0,'0-0,'0-4,'0-4,16.67%,'0-0,'0-0,'2-4,'0-0,'0-0,50.00%,0,0,0,0,0,0,5,0,5,5,5,4,5,0,5,5,5,4,0,0,0,0,0,0,0,0,0,1,1,0.4,1,0,0,0,0,0.2,0,0,0,0,0,0,10:24.0,00:00.0,19:24.0,17:29.0,17:29.0,12:57.0,,,,
M. Ojarikre,Point Guard,2,13,17,17,0,9.8,'3-5,'5-14,'8-17,'8-17,'0-0,45.28%,'3-5,'5-13,'4-7,'4-7,'0-0,50.00%,'0-0,'0-1,'4-10,'3-6,'0-0,41.18%,'0-0,'3-4,'1-2,'1-2,'0-0,62.50%,2,3,3,3,3,2.8,3,6,7,7,7,6,5,9,10,10,10,8.8,0,1,4,4,4,2.6,0,0,2,2,0,0.8,0,2,1,1,0,0.8,2,5,2,2,0,2.2,22:15.0,21:35.0,24:35.0,24:35.0,18:04.0,22:12.0,,,,
C. Manzano,Shooting Guard,6,0,2,0,6,2.8,'1-1,'1-6,'1-1,'0-0,'3-8,37.50%,'1-1,'1-6,'1-1,'0-0,'3-7,40.00%,'0-0,'0-0,'0-0,'0-0,'0-1,0.00%,'0-1,'0-5,'0-1,'0-0,'0-0,0.00%,5,7,2,0,0,2.8,2,4,5,4,2,3.4,7,11,7,4,2,6.2,1,1,1,0,4,1.4,0,0,0,0,2,0.4,1,0,1,2,1,1,1,0,0,1,2,0.8,17:32.0,00:00.0,17:32.0,19:50.0,24:35.0,15:53.0,,,,
M. Montebon,Point Guard,0,1,13,13,6,6.6,'0-3,'0-5,'6-10,'6-10,'2-2,46.67%,'0-2,'0-2,'6-9,'6-9,'2-2,58.33%,'0-1,'0-3,'0-1,'0-1,'0-0,0.00%,'0-0,'1-1,'0-1,'0-1,'2-3,50.00%,0,0,0,0,0,0,3,2,3,3,3,2.8,3,2,3,3,3,2.8,7,3,5,5,5,5,2,0,0,0,0,0.4,1,0,0,0,0,0.2,2,2,2,2,2,2,21:43.0,28:32.0,24:18.0,24:18.0,24:18.0,24:37.0,,,,
K. Paranada,Point Guard,12,9,3,8,13,9,'4-9,'3-8,'1-3,'3-5,'5-6,51.61%,'2-4,'3-7,'1-2,'1-2,'3-3,55.56%,'2-5,'0-1,'0-1,'2-3,'2-3,46.15%,'2-2,'3-4,'1-1,'0-0,'1-1,87.50%,1,0,0,0,0,0.2,1,2,0,0,1,0.8,2,2,0,0,1,1,4,6,2,1,2,3,0,0,0,2,2,0.8,0,1,0,1,0,0.4,0,0,1,2,0,0.6,24:06.0,19:16.0,07:33.0,16:36.0,14:37.0,16:25.0,,,,
G. Crisostomo,Power Forward,12,5,14,0,0,6.2,'6-9,'2-6,'6-9,'0-1,'0-0,56.00%,'6-8,'2-5,'6-8,'0-0,'0-0,66.67%,'0-1,'0-1,'0-1,'0-1,'0-0,0.00%,'0-0,'1-2,'2-2,'0-0,'0-0,75.00%,0,3,3,0,0,1.2,5,8,4,1,5,4.6,5,11,7,1,5,5.8,0,0,0,0,0,0,1,0,1,1,0,0.6,0,0,2,1,1,0.8,0,1,1,1,0,0.6,18:04.0,22:57.0,24:35.0,16:30.0,11:39.0,18:45.0,,,,
A. Acido,Shooting Guard,3,14,0,6,6,5.8,'1-2,'5-6,'0-1,'2-6,'2-8,43.48%,'1-2,'1-1,'0-0,'1-2,'0-2,42.86%,'0-0,'4-5,'0-1,'1-4,'2-6,43.75%,'1-2,'0-0,'0-0,'1-3,'0-0,40.00%,0,0,0,4,0,0.8,0,2,1,2,0,1,0,2,1,6,0,1.8,2,1,2,1,0,1.2,1,0,0,0,0,0.2,0,0,0,0,0,0,1,0,0,1,2,0.8,17:17.0,13:53.0,05:42.0,15:34.0,14:32.0,13:23.0,,,,
M. Pangilinan,Small Forward,3,0,2,0,6,2.2,'1-3,'0-0,'0-1,'0-1,'2-2,42.86%,'1-3,'0-0,'0-0,'0-0,'0-0,33.33%,'0-0,'0-0,'0-1,'0-1,'0-0,0.00%,'1-3,'0-0,'2-2,'0-0,'2-2,71.43%,0,0,0,0,0,0,1,0,0,0,0,0.2,1,0,0,0,0,0.2,0,0,1,0,0,0.2,0,1,0,0,0,0.2,0,0,0,0,0,0,1,0,0,0,0,0.2,05:29.0,02:13.0,06:19.0,06:23.0,08:20.0,05:44.0,,,,
M. Llemit,Power Forward,2,7,1,0,0,2,'1-2,'2-4,'0-0,'0-0,'0-3,33.33%,'1-1,'2-4,'0-0,'0-0,'0-2,42.86%,'0-1,'0-0,'0-0,'0-0,'0-1,0.00%,'0-2,'3-3,'1-2,'0-2,'0-0,44.44%,0,0,0,1,3,0.8,0,1,1,1,1,0.8,0,1,1,2,4,1.6,0,2,0,0,0,0.4,0,2,1,1,1,1,0,2,0,0,0,0.4,1,0,0,0,0,0.2,13:12.0,19:19.0,09:29.0,05:42.0,08:58.0,11:20.0,,,,
L. Estacio,Shooting Guard,0,3,0,0,0,0.6,'0-0,'1-2,'0-1,'0-2,'0-0,20.00%,'0-0,'1-2,'0-0,'0-0,'0-0,50.00%,'0-0,'0-0,'0-1,'0-0,'0-0,0.00%,'0-0,'1-2,'0-0,'0-0,'0-0,50.00%,0,0,1,0,0,0.2,0,1,3,0,0,0.8,0,0,4,0,0,0.8,1,0,4,0,0,1,0,0,1,0,0,0.2,0,0,0,0,0,0,0,0,1,0,0,0.2,05:26.0,07:13.0,12:40.0,00:00.0,01:40.0,05:23.0,,,,
E. Laure,Center,0,0,0,0,0,0,'0-0,'0-0,'0-0,'0-0,'0-2,0.00%,'0-0,'0-0,'0-0,'0-0,'0-0,0.00%,'0-0,'0-0,'0-0,'0-2,'0-2,0.00%,'0-0,'0-0,'0-0,'0-0,'0-0,0.00%,0,0,0,1,0,0.2,0,1,0,0,0,0.2,0,0,0,1,0,0.2,0,0,0,0,0,0,0,0,0,0,0,0,0,0,0,0,0,0,0,0,0,0,0,0,01:43.0,01:22.0,01:22.0,03:20.0,02:28.0,02:03.0,,,,
N. Cabanero,Shooting Guard,12,13,27,19,16,17.4,'4-13,'5-13,'8-16,'7-17,'6-16,40.00%,'3-11,'5-10,'6-11,'5-10,'5-11,45.28%,'1-2,'0-3,'2-5,'2-7,'1-5,27.27%,'3-4,'3-4,'9-14,'3-4,'5-6,71.88%,0,2,3,0,0,1,3,6,5,1,3,3.6,3,8,8,1,3,4.6,1,1,1,3,3,1.8,0,1,0,1,1,0.6,0,1,0,0,0,0.2,2,2,2,2,2,2,29:35.0,29:35.0,34:23.0,33:20.0,35:42.0,32:31.0,,,,
C. Manaytay,Power Forward,10,6,10,8,7,8.2,'4-12,'3-6,'3-9,'4-10,'1-5,35.71%,'2-6,'3-4,'2-7,'4-9,'1-3,41.38%,'2-6,'0-2,'1-2,'0-1,'0-2,23.08%,'0-2,'0-1,'3-4,'0-0,'5-6,61.54%,1,1,3,4,3,2.4,7,2,4,2,4,3.8,8,3,7,6,7,6.2,2,2,1,0,1,1.2,1,0,0,1,0,0.4,0,0,0,0,1,0.2,1,2,4,4,2,2.6,27:06.0,27:06.0,23:56.0,23:56.0,25:22.0,25:29.0,,,,
M. Tounkara,Center,8,11,7,15,11,10.4,'4-12,'3-10,'3-14,'7-18,'4-8,33.87%,'4-10,'3-8,'3-11,'7-14,'3-6,40.82%,'0-2,'0-2,'0-3,'0-4,'1-2,7.69%,'0-2,'2-5,'1-4,'1-2,'2-2,40.00%,1,9,5,6,2,4.6,7,5,7,12,10,8.2,8,14,12,18,12,12.8,1,2,0,1,2,1.2,0,1,0,0,0,0.2,1,3,0,1,0,1,1,2,4,5,1,2.6,27:36.0,30:46.0,22:53.0,32:59.0,32:57.0,29:26.0,,,,
F. Padrigan,Point Guard,7,7,7,3,14,7.6,'2-8,'3-12,'3-11,'1-8,'5-14,26.42%,'1-2,'2-5,'2-3,'0-3,'2-5,38.89%,'1-6,'1-7,'1-8,'0-5,'3-9,17.14%,'2-4,'0-0,'1-2,'0-0,'3-9,40.00%,0,0,2,0,1,0.6,0,2,3,0,4,1.8,0,2,5,0,5,2.4,3,6,6,0,3,3.6,0,2,2,3,1,1.6,0,0,0,2,0,0.4,1,2,3,7,2,3,25:29.0,25:38.0,34:14.0,27:33.0,27:31.0,28:05.0,,,,
G. Danting,Small Forward,0,0,5,3,0,1.6,'0-1,'0-1,'1-1,'1-1,'0-0,50.00%,'0-0,'0-0,'1-1,'0-0,'0-0,100.00%,'0-1,'0-0,'0-0,'0-1,'0-0,0.00%,'0-0,'0-0,'2-3,'1-1,'0-0,75.00%,0,0,0,0,0,0,3,1,1,0,0,1,3,1,1,0,0,1,0,3,0,0,0,0.6,0,0,2,0,0,0.4,0,0,0,0,0,0,0,0,0,0,0,0,03:51.0,04:38.0,18:00.0,07:23.0,00:00.0,06:46.0,,,,
J. Bahay,Point Guard,14,11,9,6,22,12.4,'5-14,'3-10,'3-9,'2-12,'8-15,35.00%,'4-7,'1-4,'3-5,'1-3,'7-11,53.33%,'2-7,'2-6,'0-4,'1-9,'1-4,20.00%,'0-0,'3-3,'3-4,'1-2,'5-6,80.00%,0,0,0,0,0,0,2,2,2,3,2,2.2,2,2,2,3,2,2.2,1,2,2,5,4,2.8,1,0,0,1,0,0.4,0,0,0,0,0,0,3,3,2,1,3,2.4,19:58.0,27:33.0,17:26.0,20:21.0,25:31.0,22:09.0,,,,
C. Koon,Shooting Guard,10,2,5,9,9,7,'4-10,'1-3,'1-7,'4-9,'3-9,34.21%,'3-4,'1-3,'0-4,'3-3,'1-4,44.44%,'1-6,'0-0,'1-3,'1-5,'2-5,26.32%,'1-2,'0-0,'2-2,'0-0,'1-4,50.00%,0,2,1,0,0,0.6,3,2,3,1,5,2.8,3,4,4,1,7,3.8,0,0,0,0,2,0.4,2,0,1,1,1,1,0,0,0,0,0,0,2,1,1,5,1,2,34:23.0,10:46.0,26:35.0,20:00.0,26:34.0,23:39.0,,,,
K. Porter,Power Forward,7,2,8,4,8,5.8,'1-7,'1-3,'3-8,'2-8,'2-7,27.27%,'0-1,'1-3,'1-2,'2-5,'1-4,33.33%,'1-6,'0-0,'2-6,'0-3,'1-3,22.22%,'4-4,'0-0,'0-0,'0-2,'3-6,58.33%,3,2,1,2,0,1.6,6,2,1,8,4,4.2,9,4,2,10,7,6.4,1,0,2,0,0,0.6,1,0,0,1,1,0.6,0,0,1,0,0,0.2,2,1,0,1,0,0.8,27:28.0,10:46.0,19:46.0,20:20.0,27:09.0,21:05.0,,,,
J. Lazaro,Small Forward,3,11,4,2,6,5.2,'1-4,'5-7,'1-10,'1-5,'2-9,28.57%,'0-2,'5-7,'1-7,'1-3,'1-4,34.78%,'1-2,'0-0,'0-3,'0-2,'1-2,22.22%,'0-2,'1-2,'2-4,'0-0,'1-2,40.00%,2,6,4,2,0,2.8,2,6,2,2,0,2.4,4,12,6,4,1,5.4,0,3,1,0,1,1,1,1,2,0,0,0.8,0,0,0,0,0,0,0,0,1,1,0,0.4,22:21.0,22:19.0,18:32.0,14:30.0,18:38.0,19:16.0,,,,
S. Quitevis,Shooting Guard,2,2,3,0,5,2.4,'1-3,'0-5,'0-3,'0-2,'2-10,13.04%,'1-1,'0-3,'0-1,'0-2,'1-2,22.22%,'0-2,'0-2,'0-2,'0-0,'1-8,7.14%,'0-0,'2-2,'3-5,'0-0,'0-0,71.43%,1,1,0,1,0,0.6,1,3,1,1,3,1.8,2,4,1,1,3,2.2,2,2,0,1,2,1.4,3,0,0,0,2,1,0,0,0,0,0,0,1,2,1,0,2,1.2,22:40.0,31:55.0,23:20.0,19:40.0,29:36.0,25:26.0,,,,
I. Espinosa,Point Guard,10,5,14,2,8,7.8,'4-9,'1-5,'6-9,'1-3,'1-10,36.11%,'3-7,'1-2,'4-5,'1-2,'0-0,56.25%,'1-2,'0-3,'2-4,'0-1,'1-1,36.36%,'1-2,'3-4,'0-0,'0-0,'5-4,90.00%,1,0,0,1,0,0.4,1,0,2,1,3,1.4,2,0,2,1,3,1.6,2,2,6,1,3,2.8,2,0,0,0,1,0.6,0,0,1,0,0,0.2,3,1,1,1,2,1.6,19:15.0,15:40.0,20:24.0,13:38.0,17:04.0,17:12.0,,,,
A. Bongo,Power Forward,4,15,0,7,1,5.4,'1-5,'5-9,'0-4,'2-5,'0-4,29.63%,'0-2,'3-3,'0-1,'0-0,'0-1,42.86%,'1-3,'2-6,'0-3,'2-5,'0-3,25.00%,'1-3,'3-4,'0-0,'1-1,'1-2,60.00%,2,3,0,2,0,1.4,4,3,6,4,1,3.6,6,6,6,6,2,5.2,0,2,1,3,1,1.4,1,0,1,0,0,0.4,0,0,0,0,0,0,2,1,1,1,0,1,19:28.0,28:41.0,19:49.0,18:33.0,19:17.0,21:09.0,,,,
S. Tuano,Power Forward,4,13,4,8,8,7.4,'2-7,'5-9,'2-6,'3-5,'4-10,43.24%,'2-7,'5-8,'2-5,'3-5,'4-10,45.71%,'0-0,'0-1,'0-1,'0-0,'0-0,0.00%,'0-0,'3-9,'0-0,'2-3,'0-0,41.67%,2,1,2,1,0,1.2,3,3,4,1,1,2.4,5,4,6,1,2,3.6,0,3,1,3,0,1.4,0,2,0,0,1,0.6,0,0,0,0,0,0,2,1,2,1,2,1.6,15:42.0,20:05.0,18:47.0,09:36.0,18:31.0,16:32.0,,,,
K. Ong,Center,0,0,7,7,0,2.8,'0-0,'0-1,'3-4,'3-4,'0-0,66.67%,'0-0,'0-1,'3-4,'3-4,'0-0,66.67%,'0-0,'0-0,'0-0,'0-0,'0-0,0.00%,'0-2,'0-0,'1-4,'1-4,'0-0,20.00%,0,0,2,2,0,0.8,1,1,2,2,0,1.2,1,1,4,4,0,2,0,1,0,0,0,0.2,0,0,0,0,0,0,0,1,2,2,0,1,0,0,0,0,0,0,02:05.0,11:29.0,17:16.0,17:16.0,00:26.0,09:42.0,,,,
K. Gamber,Point Guard,0,0,0,0,0,0,'0-2,'0-0,'0-2,'0-3,'0-0,0.00%,'0-1,'0-0,'0-2,'0-1,'0-0,0.00%,'0-1,'0-0,'0-0,'0-2,'0-0,0.00%,'0-1,'0-0,'0-0,'0-0,'0-0,0.00%,0,0,0,0,0,0,1,0,0,2,0,0.6,1,0,0,2,0,0.6,1,0,0,0,0,0.2,1,1,0,0,0,0.4,0,0,0,0,0,0,1,1,1,1,1,1,08:01.0,02:46.0,03:21.0,07:08.0,02:43.0,04:47.0,,,,
W. Espina,Small Forward,0,0,0,3,0,0.6,'0-1,'0-1,'0-0,'1-3,'0-0,20.00%,'0-1,'0-0,'0-0,'0-0,'0-0,0.00%,'0-0,'0-1,'0-0,'1-3,'0-0,25.00%,'0-0,'0-0,'0-0,'0-0,'0-0,0.00%,0,0,0,0,0,0,0,0,1,0,0,0.2,0,0,1,0,0,0.2,1,0,0,0,0,0.2,0,0,0,0,0,0,0,0,0,0,0,0,0,0,1,0,0,0.2,02:30.0,00:41.0,04:55.0,07:32.0,02:50.0,03:41.0,,,,
M. Asoro,Shooting Guard,0,0,0,0,0,0,'0-0,'0-0,'0-1,'0-1,'0-2,0.00%,'0-0,'0-0,'0-1,'0-1,'0-1,0.00%,'0-0,'0-0,'0-0,'0-0,'0-1,0.00%,'0-0,'0-0,'0-0,'0-0,'0-0,0.00%,0,0,0,0,0,0,0,0,1,1,1,0.6,0,0,1,1,1,0.6,0,0,0,0,0,0,0,0,0,0,0,0,0,0,0,0,0,0,1,0,2,2,1,1.2,00:46.0,00:00.0,04:57.0,04:57.0,11:36.0,04:27.0,,,,
F. Edu,Small Forward,0,0,0,0,0,0,'0-0,'0-0,'0-0,'0-0,'0-0,0.00%,'0-0,'0-0,'0-0,'0-0,'0-0,0.00%,'0-0,'0-0,'0-0,'0-0,'0-0,0.00%,'0-0,'0-0,'0-0,'0-0,'0-0,0.00%,0,0,0,0,0,0,0,0,1,1,1,0.6,0,0,1,1,1,0.6,0,0,0,0,0,0,0,0,0,0,0,0,0,0,0,0,0,0,0,0,0,0,0,0,04:33.0,00:00.0,04:44.0,04:44.0,04:44.0,03:45.0,,,,
M. Reyes,Power Forward,0,0,0,0,0,0,'0-0,'0-0,'0-0,'0-2,'0-2,0.00%,'0-0,'0-0,'0-0,'0-2,'0-2,0.00%,'0-0,'0-0,'0-0,'0-0,'0-0,0.00%,'0-0,'0-0,'0-0,'0-0,'0-0,0.00%,0,0,0,2,0,0.4,0,0,0,0,0,0,0,0,0,2,2,0.8,0,0,0,0,0,0,0,0,0,0,0,0,0,0,0,0,0,0,1,0,0,1,1,0.6,00:46.0,00:00.0,00:00.0,10:46.0,10:46.0,04:27.0,,,,
J. Cruz-Dumont,Point Guard,15,14,6,19,0,10.8,'6-10,'3-9,'2-2,'7-14,'0-2,48.65%,'3-5,'2-6,'2-2,'4-6,'0-1,55.00%,'3-5,'1-3,'0-0,'3-8,'0-1,41.18%,'0-0,'7-7,'2-2,'2-2,'0-0,100.00%,0,1,0,0,1,0.4,4,2,1,2,2,2.2,4,3,1,2,3,2.6,4,4,2,2,3,3,0,4,1,2,1,1.6,0,0,0,0,0,0,2,1,0,0,2,1,27:55.0,28:29.0,19:16.0,26:44.0,15:56.0,23:40.0,,,,
R. Maga,Shooting Guard,10,11,15,9,9,10.8,'4-9,'5-9,'5-10,'3-10,'3-10,41.67%,'4-7,'4-5,'2-4,'1-5,'1-5,46.15%,'0-2,'1-3,'3-6,'2-5,'2-5,38.10%,'1-1,'0-2,'2-2,'1-3,'1-3,45.45%,0,0,0,3,3,1.2,2,1,3,3,3,2.4,2,1,3,6,6,3.6,2,0,2,2,2,1.6,2,1,0,2,0,1,0,0,0,0,1,0.2,2,2,0,3,3,2,26:57.0,25:43.0,30:00.0,28:35.0,17:29.0,25:44.0,,,,
P. Momowel,Center,10,11,2,6,12,8.2,'4-8,'3-12,'1-2,'3-6,'5-13,39.02%,'4-8,'3-10,'1-2,'3-6,'5-13,41.03%,'0-0,'0-2,'0-0,'0-0,'0-0,0.00%,'2-4,'5-9,'0-0,'0-2,'2-4,47.37%,2,2,2,4,5,3,9,10,6,6,12,8.6,11,12,8,10,17,11.6,1,1,1,6,9,3.6,0,1,0,6,3,2,2,0,0,0,0,0.4,4,2,0,1,3,2,35:04.0,31:20.0,14:49.0,25:50.0,36:32.0,28:43.0,,,,
J. Abate,Point Guard,10,8,11,0,8,7.4,'4-7,'3-4,'4-8,'0-2,'3-11,43.75%,'2-5,'2-2,'3-6,'0-1,'1-4,44.44%,'2-2,'1-2,'1-2,'0-1,'2-7,42.86%,'0-0,'1-2,'2-2,'0-0,'0-0,75.00%,2,1,1,0,0,0.8,4,1,3,1,5,2.8,6,1,4,1,5,3.4,1,3,1,2,2,1.8,1,1,1,2,0,1,0,0,1,1,0,0.4,1,1,0,2,0,0.8,28:44.0,19:48.0,16:17.0,16:46.0,31:32.0,22:37.0,,,,
D. Fikes,Shooting Guard,9,7,9,12,5,8.4,'3-17,'2-6,'4-8,'4-9,'2-9,30.61%,'2-7,'1-2,'4-4,'2-4,'1-6,43.48%,'1-10,'1-4,'0-4,'2-4,'1-3,20.00%,'2-6,'2-2,'1-1,'2-4,'0-0,53.85%,3,2,4,3,1,2.6,4,3,6,4,2,3.8,7,5,10,7,3,6.4,2,0,3,3,0,1.6,0,0,1,3,1,1,2,0,1,1,0,0.8,3,2,2,3,1,2.2,28:27.0,23:18.0,24:16.0,26:50.0,15:05.0,23:35.0,,,,
W. Lingolingo,Shooting Guard,1,6,8,13,13,8.2,'0-3,'3-7,'3-10,'3-10,'3-10,30.00%,'0-1,'3-4,'3-5,'2-4,'2-4,55.56%,'0-2,'0-3,'0-5,'1-6,'1-6,9.09%,'1-2,'0-0,'2-3,'6-7,'6-7,78.95%,0,4,4,1,1,2,1,5,4,5,5,4,1,9,8,6,6,6,3,4,1,1,1,2,2,1,0,1,0,0.8,1,0,0,0,0,0.2,1,2,2,0,0,1,23:09.0,26:06.0,27:14.0,30:55.0,30:55.0,27:39.0,,,,
G. Wilson,Shooting Guard,0,3,4,3,2,2.4,'0-2,'1-4,'2-5,'1-4,'0-0,26.67%,'0-1,'1-3,'2-5,'0-3,'0-0,25.00%,'0-1,'0-1,'0-0,'1-1,'0-0,33.33%,'0-0,'1-1,'0-0,'0-0,'2-2,100.00%,0,0,0,0,0,0,0,0,1,1,1,0.6,0,0,1,1,1,0.6,1,4,2,0,1,1.6,0,0,0,0,0,0,0,0,0,0,0,0,0,3,1,0,0,0.8,03:34.0,13:31.0,20:15.0,06:14.0,06:18.0,09:58.0,,,,
E. Galang,Small Forward,0,3,8,0,0,2.2,'0-7,'1-6,'1-8,'0-5,'0-4,6.67%,'0-3,'0-1,'0-3,'0-0,'0-2,0.00%,'0-4,'1-5,'1-5,'0-5,'0-2,9.52%,'0-0,'0-2,'5-7,'0-0,'0-0,55.56%,0,0,1,1,0,0.4,2,2,6,1,2,2.6,2,2,7,2,2,3,0,0,0,2,0,0.4,0,0,1,2,1,0.8,1,0,0,1,0,0.4,0,0,1,2,1,0.8,18:59.0,24:30.0,27:08.0,16:41.0,16:03.0,20:40.0,,,,
N. Mulingtapang,Shooting Guard,0,0,0,0,0,0,'0-1,'0-0,'0-5,'0-3,'0-1,0.00%,'0-0,'0-0,'0-3,'0-1,'0-1,0.00%,'0-1,'0-0,'0-2,'0-2,'0-0,0.00%,'0-0,'0-0,'0-0,'0-0,'0-0,0.00%,1,0,0,0,0,0.2,0,0,0,0,1,0.2,1,1,0,0,1,0.6,0,0,0,0,0,0,1,0,0,0,0,0.2,0,0,0,0,0,0,0,0,0,0,1,0.2,03:01.0,01:49.0,06:44.0,04:48.0,06:32.0,04:34.0,,,,
K. Spandonis,Point Guard,0,0,3,3,3,1.8,'0-1,'0-1,'1-3,'1-2,'1-2,33.33%,'0-0,'0-0,'0-0,'0-0,'0-0,0.00%,'0-1,'0-1,'1-3,'1-2,'1-2,33.33%,'0-0,'0-0,'0-0,'0-0,'0-0,0.00%,0,0,0,0,0,0,1,1,1,1,1,1,1,1,1,1,1,1,0,0,0,0,0,0,0,0,0,0,0,0,0,0,0,0,0,0,0,0,0,0,0,0,03:17.0,03:17.0,04:33.0,04:25.0,04:25.0,03:59.0,,,,
R. Go,Power Forward,0,4,1,2,0,1.4,'0-0,'2-2,'0-2,'0-0,'0-0,50.00%,'0-0,'2-2,'0-2,'0-0,'0-0,50.00%,'0-0,'0-0,'0-0,'0-0,'0-0,0.00%,'0-0,'0-0,'1-2,'2-2,'0-0,75.00%,0,0,1,0,0,0.2,0,0,2,1,0,0.6,0,0,3,1,0,0.8,0,0,0,1,0,0.2,0,0,0,1,0,0.2,0,0,0,0,0,0,0,0,0,0,0,0,00:47.0,08:07.0,07:23.0,06:18.0,01:18.0,04:46.0,,,,
P. Palacielo,Center,16,10,15,7,9,11.4,'7-13,'5-10,'7-11,'5-10,'4-7,54.90%,'7-13,'5-9,'7-11,'5-9,'4-7,57.14%,'0-0,'0-1,'0-0,'0-1,'0-0,0.00%,'2-3,'0-0,'1-2,'0-0,'1-2,57.14%,2,2,2,2,2,2,6,5,4,5,1,4.2,8,7,6,7,3,6.2,1,1,1,1,0,0.8,1,1,2,1,0,1,1,0,0,0,2,0.6,1,4,2,4,2,2.6,29:47.0,27:10.0,26:27.0,27:10.0,08:57.0,23:54.0,,,,
J. Figueroa,Power Forward,14,8,13,9,11,11,'6-10,'3-9,'5-15,'3-9,'5-10,41.51%,'5-7,'2-6,'2-8,'2-6,'5-8,45.71%,'1-3,'1-3,'3-7,'1-3,'0-2,33.33%,'1-1,'1-2,'0-0,'1-2,'1-2,57.14%,0,0,3,0,2,1,3,3,6,3,4,3.8,3,3,11,3,6,5.2,2,4,5,4,5,4,1,2,2,2,2,1.8,0,0,0,0,0,0,1,1,1,1,2,1.2,25:07.0,35:10.0,29:32.0,35:10.0,30:09.0,31:01.0,,,,
S. Enriquez,Shooting Guard,5,3,6,7,0,4.2,'2-8,'0-3,'2-4,'0-3,'0-3,19.05%,'1-6,'0-0,'0-1,'0-0,'0-1,12.50%,'1-2,'0-3,'2-3,'0-3,'0-2,23.08%,'0-0,'3-4,'0-0,'3-4,'0-0,75.00%,1,0,0,0,0,0.2,2,0,0,0,1,0.6,3,0,0,0,1,0.8,3,2,0,2,5,2.4,2,2,0,2,0,1.2,0,0,0,0,0,0,1,0,0,0,2,0.6,12:53.0,17:58.0,13:13.0,17:58.0,13:55.0,15:11.0,,,,
E. Dela Cruz,Power Forward,2,0,8,0,5,3,'1-1,'0-0,'4-8,'0-0,'1-4,46.15%,'1-1,'0-0,'4-8,'0-0,'1-4,46.15%,'0-0,'0-0,'0-0,'0-0,'0-0,0.00%,'0-0,'0-0,'0-0,'0-0,'3-3,100.00%,1,0,0,0,0,0.2,2,0,1,0,3,1.2,3,0,1,0,3,1.4,0,0,1,0,1,0.4,0,0,0,0,1,0.2,1,0,0,0,0,0.2,2,0,0,0,1,0.6,08:37.0,01:44.0,11:35.0,01:44.0,18:16.0,08:23.0,,,,
D. Lim,Point Guard,1,0,0,3,3,1.4,'0-2,'0-2,'0-3,'0-2,'1-5,7.14%,'0-1,'0-0,'0-3,'0-0,'0-3,0.00%,'0-1,'0-2,'0-0,'0-2,'1-2,14.29%,'1-2,'0-0,'0-0,'0-0,'0-0,50.00%,0,0,0,0,2,0.4,0,2,0,2,1,1,0,2,0,2,3,1.4,2,1,2,1,1,1.4,0,0,0,0,1,0.2,1,1,0,1,0,0.6,0,0,0,0,1,0.2,14:08.0,10:40.0,07:06.0,10:40.0,12:40.0,11:02.0,,,,
T. Garcia,Point Guard,8,1,5,12,2,5.6,'4-8,'0-2,'2-3,'0-2,'1-3,38.89%,'4-8,'0-2,'2-3,'0-2,'1-3,38.89%,'0-0,'0-0,'0-0,'0-0,'0-0,0.00%,'0-0,'1-2,'1-2,'1-2,'0-0,50.00%,0,0,4,0,0,0.8,1,1,1,1,1,1,1,1,5,1,1,1.8,1,1,0,1,3,1.2,0,0,0,0,0,0,0,0,1,0,0,0.2,0,1,1,1,2,1,11:35.0,08:35.0,13:47.0,08:35.0,13:35.0,11:13.0,,,,
I. Manansala,Power Forward,6,3,16,11,4,8,'3-6,'1-5,'6-9,'1-5,'1-3,42.86%,'3-6,'1-2,'2-4,'1-2,'1-3,47.06%,'0-1,'0-3,'4-5,'0-3,'0-0,33.33%,'0-2,'1-2,'2-4,'1-2,'2-2,50.00%,3,5,2,5,0,3,0,5,5,5,6,4.2,3,10,7,10,6,7.2,0,1,2,1,2,1.2,0,1,0,1,0,0.4,0,1,0,1,2,0.8,0,2,2,2,2,1.6,17:43.0,19:22.0,23:30.0,19:22.0,21:02.0,20:11.0,,,,
K. Padrones,Small Forward,5,4,2,0,0,2.2,'2-3,'1-2,'0-1,'1-2,'0-2,40.00%,'2-3,'1-2,'0-1,'1-2,'0-2,40.00%,'0-0,'0-0,'0-0,'0-0,'0-0,0.00%,'1-2,'2-4,'2-2,'2-4,'0-0,58.33%,4,2,2,2,1,2.2,1,2,0,2,1,1.2,5,4,2,4,2,3.4,0,0,1,0,3,0.8,0,0,1,0,1,0.4,1,1,0,1,0,0.6,1,1,0,1,1,0.8,13:47.0,15:54.0,20:07.0,15:54.0,17:00.0,16:32.0,,,,
R. Jumamoy,Point Guard,3,4,4,2,3,3.2,'1-5,'1-3,'1-5,'1-3,'1-3,26.32%,'0-1,'1-3,'0-2,'1-3,'1-3,25.00%,'1-4,'0-0,'1-3,'0-0,'0-0,28.57%,'0-0,'2-3,'1-3,'2-3,'0-0,55.56%,0,4,2,4,0,2,1,4,2,4,1,2.4,1,4,4,4,1,2.8,2,2,3,2,2,2.2,1,1,1,1,0,0.8,0,0,0,0,0,0,2,0,1,0,0,0.6,17:07.0,15:21.0,14:34.0,15:21.0,12:12.0,14:55.0,,,,
P. Yu,Point Guard,3,0,0,0,17,4,'1-6,'0-5,'0-4,'0-5,'7-9,27.59%,'0-2,'0-2,'0-2,'0-2,'7-7,46.67%,'1-4,'0-3,'0-2,'0-3,'0-2,7.14%,'0-0,'0-0,'0-0,'0-0,'0-0,0.00%,0,0,2,0,0,0.4,2,1,2,1,1,1.4,2,1,4,1,1,1.8,0,0,0,0,1,0.2,0,0,0,0,0,0,0,0,1,0,0,0.2,0,0,1,0,1,0.4,23:28.0,13:23.0,17:05.0,13:23.0,17:30.0,16:57.0,,,,
G. Santiago,Small Forward,0,5,4,7,8,4.8,'0-5,'2-9,'1-5,'2-9,'2-3,22.58%,'0-3,'1-4,'1-2,'1-4,'1-1,28.57%,'0-2,'1-5,'0-3,'1-5,'1-2,17.65%,'0-0,'0-0,'2-2,'0-0,'3-5,71.43%,1,1,3,1,1,1.4,1,1,7,1,4,2.8,2,2,10,2,5,4.2,2,1,0,1,0,0.8,1,0,1,0,0,0.4,0,0,0,0,0,0,1,1,1,1,1,1,09:55.0,14:51.0,15:10.0,14:51.0,17:23.0,14:26.0,,,,
N. Tulabut,Power Forward,0,0,1,0,4,1,'0-0,'0-1,'0-1,'0-1,'2-4,28.57%,'0-0,'0-0,'0-0,'0-0,'2-3,66.67%,'0-0,'0-1,'0-1,'0-1,'0-1,0.00%,'0-0,'0-0,'1-2,'0-0,'0-0,50.00%,0,1,1,1,0,0.6,1,1,1,1,1,1,1,2,2,2,1,1.6,0,0,1,0,0,0.2,0,0,0,0,0,0,1,0,0,0,0,0.2,0,1,1,1,2,1,07:54.0,06:35.0,07:17.0,06:35.0,09:28.0,07:33.0,,,,
P. Francisco,Small Forward,0,3,2,0,0,1,'0-1,'1-3,'1-1,'1-3,'0-1,33.33%,'0-0,'0-0,'1-1,'0-0,'0-0,100.00%,'0-1,'1-3,'0-0,'1-3,'0-1,25.00%,'0-0,'0-0,'0-0,'0-0,'0-0,0.00%,0,1,0,1,0,0.4,0,1,0,1,0,0.4,0,2,0,2,0,0.8,0,1,1,1,1,0.8,0,0,0,0,0,0,0,2,0,2,0,0.8,1,1,0,1,0,0.6,04:12.0,10:24.0,11:55.0,10:24.0,03:47.0,08:08.0,,,,
B. Parks,Power Forward,0,0,0,3,3,1.2,'0-0,'0-0,'0-1,'0-0,'1-3,25.00%,'0-0,'0-0,'0-0,'0-0,'1-1,100.00%,'0-0,'0-0,'0-1,'0-0,'0-2,0.00%,'0-0,'0-0,'0-0,'0-0,'1-2,50.00%,0,0,0,0,1,0.2,0,0,0,0,2,0.4,0,0,0,0,3,0.6,0,0,0,0,0,0,0,0,0,0,0,0,0,0,0,0,0,0,1,0,0,0,2,0.6,03:39.0,02:19.0,04:02.0,02:19.0,14:22.0,05:20.0,,,,
J. Pasaol,Point Guard,14,15,11,9,7,11.2,'5-8,'4-9,'4-12,'3-10,'3-7,41.30%,'4-6,'4-8,'4-9,'2-8,'2-3,47.06%,'1-2,'0-1,'0-3,'1-2,'1-2,30.00%,'3-4,'7-10,'1-1,'2-4,'0-1,65.00%,2,2,3,1,1,1.8,5,5,3,0,3,3.2,7,7,6,1,4,5,1,6,4,3,4,3.6,2,1,0,3,2,1.6,0,0,0,0,0,0,1,3,1,0,2,1.4,24:26.0,32:00.0,23:47.0,21:58.0,17:55.0,24:01.0,,,,
M. Konateh,Center,11,16,0,8,12,9.4,'5-11,'4-10,'0-9,'3-11,'4-13,29.63%,'5-11,'3-8,'0-4,'1-4,'2-6,33.33%,'0-0,'1-2,'0-5,'2-7,'2-7,23.81%,'1-3,'7-9,'0-0,'0-0,'2-2,71.43%,8,1,0,0,2,2.2,13,1,0,4,2,4,21,2,0,4,4,6.2,5,0,2,1,4,2.4,2,1,0,2,0,1,1,0,0,0,0,0.2,1,5,5,2,2,3,38:24.0,29:38.0,25:08.0,20:44.0,32:35.0,29:17.0,,,,
J. Bautista,Shooting Guard,8,11,14,4,3,8,'3-9,'5-12,'6-9,'1-7,'1-3,40.00%,'1-6,'5-11,'6-9,'1-7,'1-3,38.89%,'2-3,'0-1,'0-0,'0-0,'0-0,50.00%,'0-0,'1-2,'2-5,'2-2,'1-3,50.00%,2,6,1,5,8,4.4,4,10,18,2,11,9,6,16,19,7,11,11.8,3,3,1,1,1,1.8,1,1,2,2,3,1.8,0,1,0,0,0,0.2,7,1,1,1,2,2.4,29:24.0,35:15.0,38:27.0,20:26.0,33:09.0,31:20.0,,,,
V. Pre,Power Forward,5,15,12,17,20,13.8,'2-6,'5-11,'5-15,'6-17,'9-16,41.54%,'1-4,'3-6,'3-11,'6-10,'9-13,50.00%,'1-2,'2-5,'2-4,'0-7,'0-3,23.81%,'0-0,'3-4,'0-0,'4-4,'2-5,69.23%,0,2,1,2,5,2,3,6,4,12,8,6.6,3,8,5,14,13,8.6,1,2,2,4,0,1.8,0,1,0,1,0,0.4,3,3,0,0,1,1.4,3,4,2,4,1,2.8,32:35.0,34:29.0,34:31.0,31:15.0,33:39.0,33:17.0,,,,
J. Daa,Shooting Guard,4,3,2,2,3,2.8,'1-4,'1-1,'1-6,'1-4,'1-3,27.78%,'1-1,'1-1,'1-4,'1-1,'1-3,50.00%,'0-3,'0-0,'0-2,'0-3,'0-0,0.00%,'2-2,'1-1,'0-0,'0-0,'0-0,100.00%,2,0,0,0,2,0.8,1,3,1,0,2,1.4,3,3,1,1,1,1.8,1,0,0,1,2,0.8,0,0,1,1,2,0.8,0,0,0,0,0,0,0,1,0,1,1,0.6,17:23.0,15:10.0,17:39.0,14:31.0,15:35.0,16:03.0,,,,
R. Montemayor,Point Guard,13,7,0,2,0,4.4,'3-7,'2-4,'0-4,'1-6,'0-1,27.27%,'0-1,'1-1,'0-2,'1-2,'0-0,33.33%,'3-6,'1-3,'0-2,'0-4,'0-1,25.00%,'4-6,'2-2,'0-0,'0-0,'0-0,75.00%,1,1,2,1,1,1.2,2,3,2,1,1,1.8,3,4,4,2,2,3,1,1,1,0,1,0.8,0,0,2,0,0,0.4,1,0,0,0,0,0.2,0,0,2,0,1,0.6,20:13.0,22:57.0,17:47.0,15:23.0,11:00.0,17:28.0,,,,
R. Alforque,Shooting Guard,8,9,11,8,9,9,'4-11,'2-9,'3-7,'3-8,'2-9,31.82%,'4-9,'1-6,'3-6,'3-7,'1-6,35.29%,'0-2,'1-3,'0-1,'0-1,'1-3,20.00%,'0-1,'4-4,'5-5,'2-3,'4-6,78.95%,0,0,1,2,1,0.8,4,2,3,6,7,4.4,4,2,4,8,8,5.2,2,4,4,2,3,3,0,1,0,0,0,0.2,0,0,0,0,0,0,1,3,4,2,2,2.4,23:37.0,21:27.0,22:46.0,22:16.0,29:36.0,23:56.0,,,,
A. Bagunu,Small Forward,2,0,0,3,5,2,'1-3,'0-0,'0-0,'1-2,'2-4,44.44%,'1-1,'0-0,'0-0,'0-1,'2-2,75.00%,'0-2,'0-0,'0-0,'1-1,'0-2,20.00%,'0-0,'0-0,'0-0,'0-0,'1-1,100.00%,1,0,0,0,0,0.2,0,0,0,1,4,1,1,0,0,1,4,1.2,0,0,0,0,3,0.6,0,0,0,0,1,0.2,0,0,0,0,0,0,0,1,0,0,6,1.4,07:36.0,04:16.0,01:59.0,06:21.0,21:32.0,08:20.0,,,,
A. Nakai,Shooting Guard,0,0,0,0,0,0,'0-4,'0-0,'0-0,'0-2,'0-2,0.00%,'0-2,'0-0,'0-0,'0-2,'0-2,0.00%,'0-2,'0-0,'0-0,'0-0,'0-0,0.00%,'0-0,'0-0,'0-0,'0-0,'0-0,0.00%,0,0,0,0,0,0,1,0,0,1,0,0.4,1,0,0,1,0,0.4,0,0,0,0,0,0,1,0,0,0,0,0.2,0,0,0,0,0,0,1,0,0,0,0,0.2,04:46.0,00:00.0,01:27.0,04:28.0,02:12.0,02:34.0,,,,
M. Ona,Small Forward,0,2,0,0,0,0.4,'0-0,'1-1,'0-0,'0-1,'0-0,50.00%,'0-0,'1-1,'0-0,'0-1,'0-0,50.00%,'0-0,'0-0,'0-0,'0-0,'0-0,0.00%,'0-0,'0-0,'0-0,'0-0,'0-0,0.00%,0,0,0,0,1,0.2,1,0,0,3,1,1,1,0,0,3,2,1.2,0,0,0,0,0,0,0,0,0,0,0,0,0,0,0,0,0,0,0,0,0,0,0,0,01:35.0,04:44.0,05:48.0,10:38.0,05:51.0,05:43.0,,,,
A. Surada,Point Guard,14,10,8,7,9,9.6,'5-8,'3-10,'3-6,'2-3,'4-6,51.52%,'4-6,'2-7,'3-6,'2-2,'4-6,55.56%,'1-2,'1-3,'0-0,'0-1,'0-0,33.33%,'3-4,'3-9,'2-2,'3-4,'1-2,57.14%,2,3,1,3,0,1.8,6,4,3,4,5,4.4,8,7,4,7,5,6.2,3,2,2,4,3,2.8,4,0,0,3,0,1.4,1,2,0,1,1,1,0,3,3,1,2,1.8,25:36.0,25:18.0,17:50.0,19:13.0,22:09.0,22:01.0,,,,
D. Alterado,Power Forward,7,0,0,0,2,1.8,'3-3,'0-0,'0-2,'0-0,'1-2,57.14%,'2-2,'0-0,'0-2,'0-0,'1-2,50.00%,'1-1,'0-0,'0-0,'0-0,'0-0,100.00%,'0-0,'0-0,'0-0,'0-0,'0-0,0.00%,5,1,1,0,3,2,0,0,3,0,5,1.6,5,1,4,0,8,3.6,3,0,0,0,3,1.2,0,1,0,0,0,0.2,0,0,0,0,0,0,0,0,0,0,1,0.2,09:34.0,04:19.0,08:02.0,00:03.0,11:02.0,06:36.0,,,,
M. Solis,Center,0,0,0,5,4,1.8,'0-1,'0-2,'0-2,'2-6,'2-7,22.22%,'0-0,'0-1,'0-1,'1-1,'2-3,50.00%,'0-1,'0-1,'0-1,'1-5,'0-4,8.33%,'0-0,'0-0,'0-0,'0-2,'0-1,0.00%,0,1,0,0,1,0.4,1,0,0,1,0,0.4,1,1,0,1,1,0.8,0,1,0,3,2,1.2,0,0,1,2,1,0.8,0,0,0,0,0,0,2,1,1,1,1,1.2,04:34.0,05:54.0,04:29.0,16:43.0,12:50.0,08:54.0,,,,
N. Pring,Shooting Guard,7,0,0,9,0,3.2,'3-5,'0-2,'0-3,'3-5,'0-1,37.50%,'2-3,'0-1,'0-1,'0-0,'0-1,33.33%,'1-2,'0-1,'0-2,'3-5,'0-0,40.00%,'0-0,'0-0,'0-0,'0-0,'0-0,0.00%,0,1,0,0,0,0.2,2,0,0,1,1,0.8,2,1,0,1,1,1,1,1,2,1,1,1.2,0,0,1,0,0,0.2,0,0,0,0,0,0,1,0,1,0,0,0.4,12:16.0,08:06.0,16:21.0,08:33.0,06:02.0,10:15.0,,,,
G. Canuto,Small Forward,2,2,9,1,9,4.6,'1-6,'1-2,'4-6,'0-2,'3-5,42.86%,'1-2,'1-2,'3-3,'0-0,'3-3,80.00%,'0-4,'0-0,'1-3,'0-2,'0-2,9.09%,'0-0,'0-0,'0-0,'1-2,'3-3,80.00%,0,0,0,0,0,0,0,1,2,2,2,1.4,0,1,2,2,2,1.4,3,4,4,5,6,4.4,1,3,2,0,1,1.4,0,1,0,0,0,0.2,2,1,4,4,2,2.6,17:11.0,15:53.0,21:39.0,19:58.0,21:46.0,19:17.0,,,,
P. Fabruada,Shooting Guard,4,12,4,16,6,8.4,'1-2,'4-5,'1-4,'4-6,'1-7,45.83%,'1-2,'4-4,'1-3,'4-6,'1-5,55.00%,'0-0,'0-1,'0-1,'0-0,'0-2,0.00%,'2-4,'4-4,'2-4,'8-9,'4-4,80.00%,1,2,3,4,2,2.4,3,1,1,1,3,1.8,4,3,4,5,5,4.2,0,1,0,0,1,0.4,0,1,2,1,2,1.2,0,0,0,0,0,0,2,2,3,0,0,1.4,18:50.0,15:01.0,15:48.0,15:52.0,18:06.0,16:43.0,,,,
K. Pingol,Point Guard,11,6,6,18,12,10.6,'5-7,'2-2,'3-5,'6-9,'5-7,70.00%,'5-6,'1-1,'3-4,'6-9,'3-5,72.00%,'0-1,'1-1,'0-1,'0-0,'2-2,60.00%,'1-1,'1-4,'0-0,'6-6,'0-0,72.73%,2,1,2,2,0,1.4,7,4,0,7,6,4.8,9,5,2,9,6,6.2,4,2,2,2,2,2.4,1,1,1,3,0,1.2,0,2,0,1,1,0.8,2,2,0,1,1,1.2,27:18.0,20:25.0,15:53.0,26:50.0,18:04.0,21:42.0,,,,
C. Clarin,Point Guard,14,12,5,8,12,10.2,'4-14,'4-9,'2-6,'3-13,'4-7,34.69%,'3-5,'1-2,'1-1,'1-4,'2-2,57.14%,'1-9,'3-7,'1-5,'2-9,'2-5,25.71%,'5-6,'1-2,'0-0,'0-0,'2-2,80.00%,1,0,1,1,2,1,5,5,4,2,2,3.6,6,5,5,3,4,4.6,3,2,5,1,2,2.6,2,1,2,0,2,1.4,0,0,1,0,0,0.2,3,3,2,3,7,3.6,30:59.0,31:34.0,19:56.0,22:35.0,28:48.0,26:46.0,,,,
J. Talas,Power Forward,9,0,0,0,3,2.4,'4-8,'0-2,'0-0,'0-4,'1-4,27.78%,'3-3,'0-2,'0-0,'0-1,'1-2,50.00%,'1-5,'0-0,'0-0,'0-3,'0-2,10.00%,'0-0,'0-0,'0-0,'0-0,'1-1,100.00%,1,1,0,1,1,0.8,0,0,1,0,1,0.4,1,1,1,1,2,1.2,1,0,1,0,0,0.4,0,0,0,1,2,0.6,0,0,0,0,0,0,0,0,0,1,0,0.2,11:38.0,03:37.0,08:00.0,13:36.0,12:25.0,09:51.0,,,,
G. Ico,Shooting Guard,3,2,0,2,2,1.8,'1-3,'1-1,'0-1,'1-2,'1-1,50.00%,'1-3,'1-1,'0-1,'1-2,'1-1,50.00%,'0-0,'0-0,'0-0,'0-0,'0-0,0.00%,'1-1,'0-0,'0-0,'0-0,'0-0,100.00%,1,0,1,1,1,0.8,0,1,0,3,0,0.8,1,1,1,4,1,1.6,0,0,0,1,0,0.2,0,0,0,0,0,0,0,0,0,0,0,0,0,1,0,2,1,0.8,06:41.0,03:34.0,05:12.0,11:33.0,04:00.0,06:12.0,,,,
K. Cayabyab,Power Forward,5,0,3,9,3,4,'2-10,'0-7,'1-3,'4-10,'1-4,23.53%,'1-4,'0-1,'0-0,'3-7,'1-2,35.71%,'1-6,'0-6,'1-3,'1-3,'0-2,15.00%,'0-0,'0-0,'0-0,'0-0,'1-2,50.00%,2,0,0,3,1,1.2,6,5,4,3,1,3.8,8,5,4,6,2,5,3,0,1,2,2,1.6,0,0,0,1,0,0.2,0,0,0,0,0,0,2,1,2,0,1,1.2,18:39.0,18:06.0,16:42.0,17:56.0,14:03.0,17:05.0,,,,
C. Pagdulagan,Point Guard,21,3,16,9,11,12,'5-15,'1-7,'7-13,'4-13,'5-7,40.00%,'4-10,'1-6,'6-11,'3-8,'4-4,46.15%,'1-5,'0-1,'1-2,'1-5,'1-3,25.00%,'10-13,'1-2,'1-1,'0-0,'0-1,70.59%,4,3,0,2,2,2.2,5,2,3,3,1,2.8,9,5,3,5,3,5,3,1,2,0,3,1.8,3,1,2,0,0,1.2,0,0,0,0,0,0,2,3,3,1,1,2,26:46.0,22:08.0,22:57.0,24:24.0,17:46.0,22:48.0,,,,
M. Villanueva,Shooting Guard,5,3,10,0,0,3.6,'2-5,'1-7,'4-5,'0-1,'0-2,35.00%,'1-1,'0-0,'2-2,'0-0,'0-1,75.00%,'1-4,'1-7,'2-3,'0-1,'0-1,25.00%,'0-0,'0-0,'0-0,'0-0,'0-0,0.00%,1,0,0,0,0,0.2,0,2,0,0,0,0.4,1,2,0,0,0,0.6,0,1,0,1,1,0.6,1,0,1,0,0,0.4,0,0,0,0,0,0,1,3,1,0,0,1,06:47.0,14:04.0,16:02.0,04:25.0,03:10.0,08:53.0,,,,
J. Konateh,Center,4,3,6,7,3,4.6,'2-3,'1-2,'3-4,'2-3,'1-2,64.29%,'2-3,'1-2,'3-4,'2-3,'1-2,64.29%,'0-0,'0-0,'0-0,'0-0,'0-0,0.00%,'0-1,'1-2,'0-2,'3-6,'1-5,31.25%,1,2,2,2,4,2.2,3,4,3,2,2,2.8,4,6,5,4,6,5,0,0,3,1,3,1.4,0,0,0,1,2,0.6,0,0,0,1,0,0.2,2,0,2,1,1,1.2,12:42.0,12:04.0,17:18.0,11:34.0,15:44.0,13:52.0,,,,
A. Betanio,Small Forward,3,5,3,13,4,5.6,'1-3,'2-3,'1-10,'5-6,'2-4,42.31%,'0-0,'2-2,'0-4,'2-3,'2-3,50.00%,'1-3,'0-1,'1-6,'3-3,'0-1,35.71%,'0-0,'1-3,'0-0,'0-0,'0-0,33.33%,0,1,1,0,0,0.4,1,3,6,4,3,3.4,1,4,7,4,3,3.8,1,5,1,2,7,3.2,1,3,2,4,3,2.6,0,0,0,0,0,0,3,4,3,3,2,3,23:45.0,22:13.0,22:24.0,18:26.0,18:59.0,21:09.0,,,,
G. Relliquette,Power Forward,4,3,6,2,0,3,'2-3,'1-4,'1-7,'1-5,'0-2,23.81%,'2-3,'0-1,'0-2,'1-3,'0-1,30.00%,'0-0,'1-3,'1-5,'0-2,'0-1,18.18%,'0-0,'0-0,'3-4,'0-0,'0-0,75.00%,0,0,0,1,0,0.2,1,1,0,0,0,0.4,1,1,0,1,0,0.6,0,0,2,1,0,0.6,0,1,0,3,1,1,0,0,0,0,0,0,1,1,3,3,1,1.8,08:17.0,13:07.0,14:37.0,17:55.0,08:00.0,12:23.0,,,,
C. Maglupay,Shooting Guard,7,2,7,8,5,5.8,'1-3,'1-7,'2-6,'3-7,'2-6,31.03%,'1-3,'1-7,'1-5,'3-6,'1-5,26.92%,'0-0,'0-0,'1-1,'0-1,'1-1,66.67%,'5-10,'0-0,'2-2,'2-4,'0-0,56.25%,8,3,4,8,4,5.4,15,5,4,3,5,6.4,23,8,8,11,9,11.8,0,0,2,2,0,0.8,1,0,2,0,3,1.2,1,2,2,1,1,1.4,5,6,1,0,2,2.8,30:21.0,25:49.0,25:55.0,20:54.0,25:17.0,25:39.0,,,,
K. Pastrana,Point Guard,7,11,22,23,10,14.6,'3-10,'5-14,'8-21,'9-20,'3-9,37.84%,'2-5,'4-9,'5-11,'7-10,'0-0,51.43%,'1-5,'1-5,'3-10,'2-10,'3-9,25.64%,'0-0,'0-0,'3-4,'3-4,'1-1,77.78%,3,2,1,7,2,3,4,6,5,9,4,5.6,7,8,6,16,6,8.6,7,4,2,8,6,5.4,2,3,3,2,3,2.6,1,0,0,1,1,0.6,1,4,3,7,1,3.2,32:30.0,31:35.0,34:30.0,29:18.0,26:10.0,30:48.0,,,,
A. Tacatac,Shooting Guard,0,14,0,8,10,6.4,'0-2,'5-16,'0-6,'3-9,'3-16,22.45%,'0-1,'1-4,'0-0,'1-2,'1-3,30.00%,'0-1,'4-12,'0-6,'2-7,'2-13,20.51%,'0-0,'0-0,'0-0,'0-0,'2-2,100.00%,0,1,0,1,2,0.8,1,1,2,1,2,1.4,1,2,2,2,4,2.2,2,1,1,3,2,1.8,0,1,2,2,3,1.6,0,0,0,0,0,0,2,0,0,1,0,0.6,15:19.0,26:44.0,23:48.0,29:41.0,28:55.0,24:53.0,,,,
A. Soriano,Shooting Guard,8,6,7,12,6,7.8,'2-6,'3-7,'3-12,'5-7,'2-7,38.46%,'0-2,'3-6,'2-5,'3-3,'0-1,47.06%,'2-4,'0-1,'1-7,'2-4,'2-6,31.82%,'2-2,'0-0,'0-0,'0-0,'0-0,100.00%,0,1,1,0,0,0.4,3,6,3,3,4,3.8,3,7,4,3,4,4.2,2,4,4,7,4,4.2,2,7,3,2,0,2.8,0,1,0,0,0,0.2,1,2,2,3,1,1.8,26:31.0,31:02.0,27:20.0,24:10.0,22:37.0,26:20.0,,,,
B. Santos,Point Guard,8,27,12,10,9,13.2,'3-15,'11-21,'6-10,'5-12,'4-10,42.65%,'2-10,'10-17,'6-7,'5-8,'4-7,55.10%,'1-5,'1-4,'0-3,'0-4,'0-3,10.53%,'1-2,'4-4,'0-0,'0-0,'1-2,75.00%,1,0,1,0,1,0.6,3,2,2,0,0,1.4,4,2,3,0,1,2,5,4,2,2,1,2.8,4,2,3,7,2,3.6,1,0,0,0,0,0.2,4,1,6,5,5,4.2,28:19.0,30:59.0,26:24.0,25:11.0,21:05.0,26:23.0,,,,
R. Amatong,Center,0,4,0,0,0,0.8,'0-0,'1-3,'0-1,'0-1,'0-0,20.00%,'0-0,'1-2,'0-0,'0-0,'0-0,50.00%,'0-0,'0-1,'0-1,'0-1,'0-0,0.00%,'0-0,'2-2,'0-0,'0-0,'0-0,100.00%,0,0,0,0,0,0,0,0,0,2,0,0.4,0,0,0,2,0,0.4,1,0,0,0,0,0.2,0,0,0,0,0,0,0,0,0,0,0,0,1,0,0,1,0,0.4,02:38.0,06:01.0,02:33.0,03:54.0,00:51.0,03:11.0,,,,
A. Bron,Power Forward,0,2,6,0,0,1.6,'0-4,'1-6,'1-5,'0-2,'0-2,10.53%,'0-3,'1-4,'0-3,'0-1,'0-2,7.69%,'0-1,'0-2,'1-2,'0-1,'0-0,16.67%,'0-0,'0-0,'3-4,'0-0,'0-0,75.00%,1,2,3,3,1,2,0,2,1,0,0,0.6,1,4,4,3,1,2.6,1,3,1,2,0,1.4,0,4,0,0,1,1,0,0,0,0,0,0,1,0,1,4,1,1.4,14:29.0,20:51.0,20:03.0,11:41.0,13:02.0,16:01.0,,,,
C. Serrano,Small Forward,0,0,0,0,0,0,'0-1,'0-0,'0-1,'0-1,'0-0,0.00%,'0-1,'0-0,'0-1,'0-1,'0-0,0.00%,'0-0,'0-0,'0-0,'0-0,'0-0,0.00%,'0-0,'0-0,'0-0,'0-0,'0-0,0.00%,0,1,0,0,0,0.2,0,0,0,1,2,0.6,0,1,0,1,2,0.8,0,0,0,0,0,0,0,1,0,0,0,0.2,0,0,0,0,0,0,1,1,2,0,0,0.8,04:28.0,04:55.0,03:05.0,07:51.0,05:44.0,05:12.0,,,,
A. Pescador,Small Forward,0,0,0,0,5,1,'0-0,'0-3,'0-0,'0-0,'2-7,20.00%,'0-0,'0-0,'0-0,'0-0,'1-2,50.00%,'0-0,'0-3,'0-0,'0-0,'1-5,12.50%,'0-0,'0-0,'0-0,'0-0,'0-0,0.00%,1,0,0,0,2,0.6,1,0,0,1,0,0.4,2,0,0,1,2,1,0,0,0,0,0,0,0,0,1,0,0,0.2,0,0,0,0,1,0.2,1,0,0,1,0,0.4,00:54.0,01:48.0,00:42.0,02:22.0,10:41.0,03:17.0,,,,
C. Lopez,Center,0,0,0,0,0,0,'0-0,'0-0,'0-0,'0-1,'0-0,0.00%,'0-0,'0-0,'0-0,'0-1,'0-0,0.00%,'0-0,'0-0,'0-0,'0-0,'0-0,0.00%,'0-0,'0-0,'0-0,'0-0,'0-0,0.00%,0,0,0,0,0,0,0,0,0,0,0,0,0,0,0,0,0,0,0,0,0,0,0,0,0,0,0,0,0,0,0,0,0,0,0,0,0,0,0,0,0,0,00:42.0,00:37.0,01:12.0,02:08.0,00:00.0,00:55.0,,,,
A. Ambos,Shooting Guard,6,4,2,10,10,6.4,'3-8,'2-8,'1-7,'4-13,'4-8,31.82%,'3-6,'2-5,'1-5,'4-10,'2-4,40.00%,'0-2,'0-3,'0-2,'0-3,'2-4,14.29%,'0-0,'0-0,'0-0,'2-3,'0-0,66.67%,3,4,1,2,4,2.8,3,1,2,4,3,2.6,6,5,3,6,7,5.4,4,2,0,2,0,1.6,2,2,1,0,1,1.2,0,0,1,0,0,0.2,0,3,6,1,1,2.2,18:09.0,17:40.0,22:36.0,27:53.0,20:15.0,21:18.0,,,,
K. Sierba,Power Forward,4,7,7,16,9,8.6,'2-7,'3-10,'3-9,'6-10,'3-7,39.53%,'2-4,'2-5,'2-7,'4-6,'3-4,50.00%,'0-3,'1-5,'1-2,'2-4,'0-3,23.53%,'0-0,'0-0,'0-0,'2-3,'3-4,71.43%,4,1,4,1,3,2.6,2,4,2,2,0,2,6,5,6,3,3,4.6,0,2,4,0,2,1.6,2,0,4,3,2,2.2,0,0,0,0,0,0,0,1,3,1,0,1,15:56.0,17:10.0,19:37.0,21:06.0,20:58.0,18:57.0,,,,
B. Pineda,Center,2,0,0,0,2,0.8,'1-5,'0-1,'0-1,'0-0,'1-2,22.22%,'1-3,'0-0,'0-0,'0-0,'1-2,40.00%,'0-2,'0-1,'0-1,'0-0,'0-0,0.00%,'0-0,'0-0,'0-0,'0-0,'0-0,0.00%,1,0,0,0,1,0.4,0,2,0,0,0,0.4,1,2,0,0,1,0.8,1,0,0,1,0,0.4,0,0,0,1,0,0.2,0,0,0,0,0,0,1,0,2,1,0,0.8,06:13.0,03:19.0,03:41.0,02:20.0,03:38.0,03:50.0,,,,
R. Dionisio,Small Forward,0,3,0,0,2,1,'0-0,'1-2,'0-0,'0-0,'0-1,33.33%,'0-0,'1-2,'0-0,'0-0,'0-1,33.33%,'0-0,'0-0,'0-0,'0-0,'0-0,0.00%,'0-0,'1-2,'0-0,'0-0,'2-2,75.00%,1,1,1,0,1,0.8,1,2,3,3,1,2,2,3,4,3,2,2.8,0,0,0,1,1,0.4,0,0,1,0,1,0.4,0,0,0,0,0,0,2,3,0,1,0,1.2,08:21.0,16:37.0,16:10.0,06:31.0,08:25.0,11:12.0,,,,
N. Danganan,Shooting Guard,4,6,0,4,9,4.6,'1-8,'2-6,'0-5,'2-4,'4-9,28.13%,'0-3,'0-3,'0-1,'2-3,'4-9,31.58%,'1-5,'2-3,'0-4,'0-1,'0-0,23.08%,'1-2,'0-0,'0-0,'0-0,'1-2,50.00%,3,2,4,1,4,2.8,2,2,1,1,2,1.6,5,4,5,2,6,4.4,0,1,0,1,0,0.4,1,0,3,1,1,1.2,0,0,0,0,1,0.2,0,0,1,3,0,0.8,16:11.0,11:33.0,17:40.0,12:09.0,13:32.0,14:13.0,,,,
B. Bajo,Power Forward,0,2,4,0,0,1.2,'0-2,'1-2,'2-5,'0-1,'0-1,27.27%,'0-1,'1-1,'2-4,'0-1,'0-1,37.50%,'0-1,'0-1,'0-1,'0-0,'0-0,0.00%,'0-0,'0-0,'0-0,'0-0,'0-0,0.00%,0,0,1,2,1,0.8,1,0,3,0,1,1,1,0,4,2,2,1.8,1,1,0,0,0,0.4,0,0,0,0,0,0,0,0,0,0,0,0,0,0,0,1,1,0.4,06:03.0,06:26.0,09:50.0,03:40.0,09:41.0,07:08.0,,,,
Z. Cortez,Center,0,0,0,0,0,0,'0-0,'0-0,'0-0,'0-0,'0-0,0.00%,'0-0,'0-0,'0-0,'0-0,'0-0,0.00%,'0-0,'0-0,'0-0,'0-0,'0-0,0.00%,'0-0,'0-0,'0-0,'0-0,'0-0,0.00%,0,0,0,1,0,0.2,0,0,0,1,1,0.4,0,0,0,2,1,0.6,0,0,0,0,0,0,0,0,1,0,0,0.2,0,0,0,0,0,0,0,0,0,0,0,0,04:01.0,01:44.0,01:24.0,03:09.0,02:00.0,02:27.0,,,,
C. Padilla,Power Forward,3,1,6,4,0,2.8,'1-8,'0-6,'2-4,'1-6,'0-2,15.38%,'0-0,'0-2,'0-0,'0-1,'0-2,0.00%,'1-8,'0-4,'2-4,'1-5,'0-0,19.05%,'0-0,'1-2,'0-0,'1-3,'0-0,40.00%,0,0,0,1,0,0.2,5,2,0,0,0,1.4,5,2,0,1,0,1.6,1,2,1,4,2,2,2,3,0,3,1,1.8,0,0,0,0,0,0,6,1,0,3,1,2.2,26:17.0,21:18.0,21:11.0,23:02.0,20:22.0,22:26.0,,,,
A. Delos Santos,Center,0,0,2,4,0,1.2,'0-0,'0-0,'1-1,'2-2,'0-0,100.00%,'0-0,'0-0,'1-1,'2-2,'0-0,100.00%,'0-0,'0-0,'0-0,'0-0,'0-0,0.00%,'0-0,'0-0,'0-0,'0-0,'0-0,0.00%,0,0,1,0,0,0.2,0,0,0,1,0,0.2,0,0,1,1,0,0.4,0,0,0,0,0,0,0,0,0,0,1,0.2,0,0,0,0,0,0,0,0,0,0,0,0,00:16.0,00:39.0,02:22.0,03:05.0,00:55.0,01:27.0,,,,
N. Ornopia,Small Forward,0,0,10,2,4,3.2,'0-1,'0-3,'5-11,'1-1,'2-2,44.44%,'0-1,'0-3,'5-11,'1-1,'2-2,44.44%,'0-0,'0-0,'0-0,'0-0,'0-0,0.00%,'0-0,'0-0,'0-0,'0-0,'0-0,0.00%,0,1,1,0,0,0.4,1,2,4,1,0,1.6,1,3,5,1,0,2,0,0,1,0,0,0.2,0,0,1,0,0,0.2,0,0,0,0,0,0,0,0,0,2,0,0.4,02:23.0,11:47.0,19:01.0,03:29.0,04:12.0,08:10.0,,,,
N. Manlimos,Small Forward,2,0,3,0,0,1,'1-2,'0-2,'1-5,'0-0,'0-0,22.22%,'1-2,'0-2,'1-4,'0-0,'0-0,25.00%,'0-0,'0-0,'0-1,'0-0,'0-0,0.00%,'0-2,'0-0,'1-2,'0-0,'0-0,25.00%,1,0,1,0,0,0.4,0,0,0,0,0,0,1,0,1,0,0,0.4,0,0,0,0,0,0,0,0,0,0,0,0,0,0,0,0,0,0,0,0,0,0,1,0.2,01:36.0,01:10.0,06:53.0,00:32.0,03:49.0,02:48.0,,,,
A. Alaba,Center,2,7,0,0,7,3.2,'1-2,'3-8,'0-2,'0-1,'2-5,33.33%,'1-2,'2-5,'0-2,'0-0,'1-2,36.36%,'0-0,'1-3,'0-0,'0-1,'1-3,28.57%,'0-1,'0-0,'0-0,'0-0,'2-3,50.00%,1,1,0,0,4,1.2,1,3,1,3,1,1.8,2,4,1,3,5,3,1,2,1,0,0,0.8,0,2,0,0,4,1.2,0,0,0,0,0,0,2,1,1,2,1,1.4,11:48.0,19:27.0,08:57.0,10:41.0,12:17.0,12:38.0,,,,
B. Alaba,Shooting Guard,3,0,0,5,0,1.6,'1-6,'0-2,'0-1,'2-3,'0-0,25.00%,'0-1,'0-0,'0-0,'1-1,'0-0,50.00%,'1-5,'0-2,'0-1,'1-2,'0-0,20.00%,'0-0,'0-0,'0-0,'0-2,'0-0,0.00%,0,0,0,0,0,0,2,0,0,0,0,0.4,2,0,0,0,0,0.4,1,0,0,1,0,0.4,1,1,0,0,0,0.4,0,0,0,0,0,0,0,0,0,1,0,0.2,12:59.0,03:19.0,00:28.0,09:10.0,04:42.0,06:07.0,,,,
O. Adeshina,Point Guard,12,16,8,14,4,10.8,'5-9,'7-20,'4-11,'6-13,'2-8,39.34%,'5-9,'7-20,'4-11,'6-13,'2-8,39.34%,'0-0,'0-0,'0-0,'0-0,'0-0,0.00%,'2-4,'2-3,'0-2,'2-4,'0-0,46.15%,2,4,2,3,4,3,6,3,3,7,2,4.2,8,7,5,10,6,7.2,0,0,0,1,1,0.4,2,0,3,1,1,1.4,1,1,0,0,0,0.4,5,2,1,5,2,3,31:12.0,37:11.0,18:22.0,29:34.0,28:45.0,29:00.0,,,,
J. Meniano,Center,0,2,0,2,0,0.8,'0-1,'1-6,'0-0,'0-1,'0-1,11.11%,'0-1,'1-4,'0-0,'0-1,'0-0,16.67%,'0-0,'0-2,'0-0,'0-0,'0-1,0.00%,'0-0,'0-1,'0-0,'2-2,'0-0,66.67%,0,3,0,1,0,0.8,2,0,1,0,0,0.6,2,3,1,1,0,1.4,0,3,1,1,0,1,0,2,0,1,0,0.6,0,0,0,0,0,0,0,0,1,0,1,0.4,09:19.0,12:24.0,07:40.0,16:24.0,05:30.0,10:15.0,,,,
E. Etang,Point Guard,12,22,9,9,6,11.6,'3-14,'9-25,'4-16,'4-12,'3-15,28.05%,'2-6,'8-19,'3-12,'4-8,'3-14,33.90%,'1-8,'1-6,'1-4,'0-4,'0-1,13.04%,'5-6,'3-5,'0-2,'1-2,'0-0,60.00%,1,3,0,1,1,1.2,4,5,5,6,2,4.4,5,8,5,7,3,5.6,2,1,2,1,2,1.6,2,3,1,3,2,2.2,0,0,0,0,0,0,6,3,1,7,4,4.2,38:00.0,39:41.0,25:35.0,35:26.0,30:13.0,33:47.0,,,,
K. Limbago,Small Forward,4,3,2,5,7,4.2,'2-3,'1-13,'1-4,'2-4,'1-6,23.33%,'2-2,'0-5,'1-3,'1-2,'0-3,26.67%,'0-1,'1-8,'0-1,'1-2,'1-3,20.00%,'0-0,'0-0,'0-0,'0-0,'4-6,66.67%,2,6,4,3,4,3.8,2,3,2,3,2,2.4,4,9,6,6,6,6.2,2,2,2,4,3,2.6,3,4,1,0,1,1.8,0,0,0,0,0,0,6,0,2,7,1,3.2,20:29.0,30:51.0,16:30.0,22:05.0,24:14.0,22:49.0,,,,
K. Mazo,Center,0,0,2,0,0,0.4,'0-1,'0-1,'0-2,'0-2,'0-4,0.00%,'0-1,'0-0,'0-0,'0-0,'0-1,0.00%,'0-0,'0-1,'0-2,'0-2,'0-3,0.00%,'0-0,'0-0,'2-2,'0-0,'0-0,100.00%,0,0,0,0,2,0.4,0,0,2,0,1,0.6,0,0,2,0,3,1,0,2,3,0,1,1.2,0,2,0,1,2,1,0,0,0,0,0,0,2,2,2,1,3,2,05:46.0,08:53.0,13:36.0,07:42.0,16:44.0,10:32.0,,,,
C. Apag,Power Forward,2,5,6,6,17,7.2,'1-10,'2-9,'2-11,'2-11,'6-12,24.53%,'1-7,'2-4,'2-5,'0-4,'4-8,32.14%,'0-3,'0-5,'0-6,'2-7,'2-4,16.00%,'0-0,'1-3,'2-3,'0-0,'3-5,54.55%,0,1,1,2,2,1.2,4,2,5,4,6,4.2,4,3,6,6,8,5.4,5,1,0,4,6,3.2,2,4,0,5,3,2.8,0,0,0,0,0,0,3,3,2,4,3,3,23:14.0,25:48.0,25:00.0,27:42.0,24:32.0,25:15.0,,,,
K. Agojo,Shooting Guard,6,2,2,0,2,2.4,'3-6,'1-5,'1-5,'0-0,'0-5,23.81%,'3-4,'1-4,'1-3,'0-0,'0-5,31.25%,'0-2,'0-1,'0-2,'0-0,'0-0,0.00%,'0-0,'0-0,'0-0,'0-0,'2-2,100.00%,2,3,2,0,1,1.6,2,3,1,0,2,1.6,4,6,3,0,3,3.2,0,0,1,0,1,0.4,0,1,1,0,1,0.6,0,0,0,0,0,0,2,0,2,0,1,1,18:10.0,22:50.0,17:53.0,07:30.0,12:55.0,15:51.0,,,,
M. Trabado,Small Forward,0,0,0,0,0,0,'0-0,'0-0,'0-0,'0-0,'0-0,0.00%,'0-0,'0-0,'0-0,'0-0,'0-0,0.00%,'0-0,'0-0,'0-0,'0-0,'0-0,0.00%,'0-0,'0-0,'0-0,'0-0,'0-0,0.00%,0,0,0,0,0,0,0,0,0,0,0,0,0,0,0,0,0,0,0,0,0,0,0,0,0,0,0,0,0,0,0,0,0,0,0,0,0,0,0,0,0,0,00:03.0,00:23.0,00:39.0,02:29.0,02:00.0,01:06.0,,,,
J. Calago,Point Guard,14,8,14,9,23,13.6,'3-15,'3-7,'3-8,'3-14,'7-20,29.69%,'2-9,'3-5,'0-1,'2-5,'3-11,32.26%,'1-6,'0-2,'3-7,'1-9,'4-9,27.27%,'7-10,'2-2,'5-9,'2-2,'5-8,67.74%,1,3,1,0,1,1.2,5,4,3,4,5,4.2,6,7,4,4,6,5.4,2,6,4,7,5,4.8,3,1,0,1,2,1.4,0,1,1,0,0,0.4,9,3,10,4,10,7.2,38:01.0,23:08.0,26:51.0,31:48.0,34:49.0,30:55.0,,,,
N. Aquirre,Shooting Guard,2,0,11,2,2,3.4,'1-2,'0-2,'4-8,'1-2,'1-1,46.67%,'1-1,'0-2,'3-5,'1-1,'1-1,60.00%,'0-1,'0-0,'1-3,'0-1,'0-0,20.00%,'0-0,'0-0,'2-2,'0-0,'0-0,100.00%,0,0,1,0,0,0.2,0,0,1,0,0,0.2,0,0,2,0,0,0.4,0,0,1,1,0,0.4,0,0,2,0,0,0.4,0,0,0,0,0,0,2,0,2,0,1,1,10:00.0,06:47.0,23:49.0,06:49.0,03:39.0,10:12.0,,,,
K. Cancio,Center,0,0,2,2,3,1.4,'0-0,'0-1,'1-1,'0-0,'0-0,50.00%,'0-0,'0-1,'1-1,'0-0,'0-0,50.00%,'0-0,'0-0,'0-0,'0-0,'0-0,0.00%,'0-0,'0-2,'0-0,'2-2,'3-4,62.50%,0,0,0,0,1,0.2,0,0,1,1,3,1,0,0,1,1,4,1.2,0,0,1,1,3,1,1,1,0,1,0,0.6,3,0,1,0,0,0.8,2,0,3,1,1,1.4,11:20.0,04:52.0,11:32.0,12:59.0,10:09.0,10:10.0,,,,
G. Batongbakal,Power Forward,1,2,2,1,8,2.8,'0-3,'1-5,'1-2,'0-6,'3-5,23.81%,'0-1,'1-2,'1-2,'0-2,'1-1,37.50%,'0-2,'0-3,'0-0,'0-4,'2-4,15.38%,'1-2,'0-0,'0-0,'1-2,'0-0,50.00%,1,1,0,1,0,0.6,2,0,1,3,6,2.4,3,1,1,4,6,3,0,0,2,3,1,1.2,0,0,1,0,0,0.2,0,0,0,0,0,0,1,3,4,4,6,3.6,13:07.0,09:22.0,13:52.0,18:08.0,15:19.0,13:57.0,,,,
M. Fetalvero,Small Forward,0,0,3,1,0,0.8,'0-0,'0-0,'1-1,'0-0,'0-0,100.00%,'0-0,'0-0,'0-0,'0-0,'0-0,0.00%,'0-0,'0-0,'1-1,'0-0,'0-0,100.00%,'0-0,'0-0,'0-0,'1-2,'0-0,50.00%,0,0,0,0,1,0.2,0,0,1,0,0,0.2,0,0,1,0,1,0.4,0,0,0,0,0,0,0,0,0,0,0,0,0,0,0,0,0,0,1,0,0,0,0,0.2,01:51.0,01:03.0,03:16.0,01:35.0,03:08.0,02:10.0,,,,
R. Olivenza,Center,0,0,0,1,0,0.2,'0-0,'0-0,'0-0,'0-0,'0-0,0.00%,'0-0,'0-0,'0-0,'0-0,'0-0,0.00%,'0-0,'0-0,'0-0,'0-0,'0-0,0.00%,'0-0,'0-0,'0-0,'1-2,'0-0,50.00%,0,1,2,0,0,0.6,0,0,1,0,1,0.4,0,1,3,0,1,1,0,0,0,0,0,0,0,0,0,0,0,0,0,0,0,0,0,0,0,1,0,0,0,0.2,00:16.0,06:33.0,01:31.0,03:31.0,01:35.0,02:41.0,,,,
Y. Angala,Power Forward,0,0,0,6,0,1.2,'0-1,'0-1,'0-0,'2-5,'0-1,25.00%,'0-0,'0-1,'0-0,'0-0,'0-0,0.00%,'0-1,'0-0,'0-0,'2-5,'0-1,28.57%,'0-0,'0-0,'0-0,'0-0,'0-0,0.00%,0,0,0,2,0,0.4,0,1,1,2,0,0.8,0,1,1,4,0,1.2,0,2,0,2,0,0.8,0,0,0,0,1,0.2,0,0,0,0,0,0,1,3,1,1,0,1.2,06:29.0,16:41.0,02:23.0,17:24.0,05:16.0,09:38.0,,,,
A. Eufemiano,Small Forward,0,2,0,7,0,1.8,'0-2,'1-3,'0-2,'3-9,'0-2,22.22%,'0-1,'1-2,'0-1,'2-6,'0-1,27.27%,'0-1,'0-1,'0-1,'1-3,'0-1,14.29%,'0-0,'0-2,'0-0,'0-0,'0-0,0.00%,0,1,0,1,1,0.6,0,0,1,2,1,0.8,0,1,1,3,2,1.4,0,0,0,0,0,0,0,0,0,0,0,0,0,0,0,1,0,0.2,0,2,0,1,1,0.8,00:55.0,11:45.0,04:00.0,12:42.0,06:07.0,07:05.0,,,,
S. Villacruz,Power Forward,2,6,12,0,3,4.6,'1-3,'2-2,'3-8,'0-2,'0-2,35.29%,'1-3,'2-2,'3-8,'0-2,'0-2,35.29%,'0-0,'0-0,'0-0,'0-0,'0-0,0.00%,'0-2,'2-3,'6-10,'0-0,'3-8,47.83%,0,2,0,0,2,0.8,3,2,1,1,3,2,3,4,1,1,5,2.8,2,1,4,2,4,2.6,1,1,1,0,0,0.6,0,1,0,0,0,0.2,5,3,4,3,3,3.6,33:35.0,25:03.0,29:20.0,16:12.0,25:39.0,25:57.0,,,,
D. Nieves,Center,0,0,0,0,2,0.4,'0-0,'0-0,'0-1,'0-0,'0-2,0.00%,'0-0,'0-0,'0-1,'0-0,'0-2,0.00%,'0-0,'0-0,'0-0,'0-0,'0-0,0.00%,'0-0,'0-0,'0-0,'0-0,'2-2,100.00%,0,0,1,0,0,0.2,1,0,1,0,1,0.6,1,0,2,0,1,0.8,0,0,2,0,1,0.6,0,0,0,0,0,0,0,0,0,0,0,0,2,1,0,0,0,0.6,02:15.0,07:29.0,05:32.0,01:03.0,03:27.0,03:57.0,,,,
L. Lopez,Shooting Guard,0,0,0,0,0,0,'0-0,'0-0,'0-1,'0-1,'0-2,0.00%,'0-0,'0-0,'0-0,'0-0,'0-1,0.00%,'0-0,'0-0,'0-1,'0-1,'0-1,0.00%,'0-0,'0-0,'0-0,'0-0,'0-0,0.00%,0,0,0,0,2,0.4,0,0,1,0,2,0.6,0,0,1,0,4,1,0,1,0,0,2,0.6,0,0,0,0,0,0,0,0,0,0,0,0,0,0,0,1,2,0.6,01:27.0,00:55.0,02:17.0,01:31.0,03:32.0,01:56.0,,,,
P. Cruza,Center,0,0,0,0,7,1.4,'0-0,'0-2,'0-0,'0-0,'1-4,16.67%,'0-0,'0-0,'0-0,'0-0,'0-0,0.00%,'0-0,'0-2,'0-0,'0-0,'1-4,16.67%,'0-0,'0-0,'0-0,'0-0,'4-6,66.67%,0,0,0,0,0,0,2,1,0,0,3,1.2,2,1,0,0,3,1.2,0,1,0,1,1,0.6,0,0,0,0,0,0,0,0,0,0,0,0,1,2,1,2,2,1.6,04:57.0,03:40.0,00:05.0,01:59.0,11:38.0,04:27.0,,,,
S. Makanjuola,Point Guard,10,11,14,21,8,12.8,'1-3,'2-8,'3-7,'8-11,'4-5,52.94%,'1-3,'2-8,'3-7,'8-11,'4-5,52.94%,'0-0,'0-0,'0-0,'0-0,'0-0,0.00%,'8-12,'7-8,'8-12,'5-5,'0-1,73.68%,6,8,7,8,1,6,17,4,10,3,3,7.4,23,12,17,11,4,13.4,0,1,3,0,1,1,1,1,0,0,1,0.6,1,2,0,1,3,1.4,4,1,3,1,3,2.4,41:18.0,28:26.0,29:56.0,20:26.0,31:45.0,30:22.0,,,,
K. Oani,Shooting Guard,5,3,4,14,9,7,'2-12,'1-10,'1-8,'4-15,'2-10,18.18%,'1-4,'0-1,'0-1,'0-0,'0-0,16.67%,'1-8,'1-9,'1-7,'4-15,'2-10,18.37%,'0-0,'0-0,'1-1,'2-4,'3-4,66.67%,1,0,0,1,0,0.4,2,1,4,3,2,2.4,3,1,4,4,2,2.8,4,1,2,1,6,2.8,2,0,2,1,2,1.4,0,0,0,0,0,0,3,2,2,1,2,2,37:52.0,32:44.0,34:42.0,32:36.0,38:03.0,35:11.0,,,,
K. Dela Rosa,Shooting Guard,19,15,19,24,28,21,'7-19,'6-12,'6-16,'6-13,'11-20,45.00%,'7-17,'6-11,'6-14,'6-12,'10-17,49.30%,'0-2,'0-1,'0-2,'0-1,'1-3,11.11%,'5-6,'3-6,'7-7,'12-16,'5-6,78.05%,6,5,4,9,8,6.4,18,14,10,9,11,12.4,24,19,14,18,19,18.8,1,0,2,3,2,1.6,0,0,4,1,2,1.4,5,3,5,2,5,4,5,6,4,2,4,4.2,36:25.0,34:39.0,32:53.0,25:09.0,37:01.0,33:13.0,,,,
A. Mendoza,Power Forward,5,0,0,5,2,2.4,'2-5,'0-5,'0-1,'2-8,'1-2,23.81%,'2-4,'0-3,'0-0,'2-6,'1-2,33.33%,'0-1,'0-2,'0-1,'0-2,'0-0,0.00%,'1-2,'0-0,'0-0,'1-2,'0-0,50.00%,2,2,0,0,0,0.8,2,1,0,1,0,0.8,4,3,0,1,0,1.6,0,1,2,1,3,1.4,3,1,1,2,2,1.8,0,0,0,0,0,0,2,0,7,1,1,2.2,23:40.0,16:49.0,17:13.0,21:37.0,12:25.0,18:20.0,,,,
K. Pesquera,Small Forward,17,9,10,11,8,11,'7-18,'2-8,'4-9,'3-12,'3-13,31.67%,'5-11,'2-4,'2-3,'2-6,'1-7,38.71%,'2-7,'0-4,'2-6,'1-6,'2-6,24.14%,'1-2,'5-7,'0-0,'4-8,'0-0,58.82%,4,1,0,2,0,1.4,3,4,3,4,1,3,7,5,3,6,1,4.4,6,2,3,5,5,4.2,2,0,1,1,1,1,0,0,0,1,0,0.2,5,7,5,0,3,4,35:03.0,32:52.0,28:12.0,33:58.0,33:58.0,32:48.0,,,,
S. Tapawan,Shooting Guard,4,10,3,4,0,4.2,'0-5,'4-6,'1-2,'2-4,'0-3,35.00%,'0-5,'4-5,'1-2,'2-3,'0-2,41.18%,'0-0,'0-1,'0-0,'0-1,'0-1,0.00%,'4-6,'2-5,'1-2,'0-0,'0-0,53.85%,5,1,1,6,1,2.8,8,3,3,2,1,3.4,13,4,4,8,2,6.2,3,2,5,2,2,2.8,2,0,0,3,0,1,0,1,1,0,0,0.4,0,1,3,0,4,1.6,19:50.0,21:29.0,21:36.0,15:56.0,17:20.0,19:14.0,,,,
A. Sauz,Center,3,0,4,2,2,2.2,'1-5,'0-2,'2-5,'1-4,'1-1,29.41%,'0-3,'0-1,'2-4,'1-2,'1-1,36.36%,'1-2,'0-1,'0-1,'0-2,'0-0,16.67%,'0-0,'0-0,'0-0,'0-0,'0-0,0.00%,0,0,0,2,0,0.4,1,0,3,0,0,0.8,1,0,3,2,0,1.2,0,0,1,1,0,0.4,1,1,1,3,0,1.2,0,0,0,0,0,0,1,0,0,1,2,0.8,13:16.0,15:32.0,14:19.0,16:13.0,11:40.0,14:12.0,,,,
B. Barba,Small Forward,1,0,0,0,0,0.2,'0-0,'0-1,'0-3,'0-0,'0-1,0.00%,'0-0,'0-0,'0-1,'0-0,'0-0,0.00%,'0-0,'0-1,'0-2,'0-0,'0-1,0.00%,'1-2,'0-0,'0-0,'0-0,'0-0,50.00%,0,0,1,0,0,0.2,0,1,0,0,0,0.2,0,1,1,0,0,0.4,0,0,0,0,0,0,0,0,0,0,0,0,0,0,0,0,0,0,0,0,0,0,0,0,02:52.0,04:08.0,03:46.0,01:51.0,02:54.0,03:06.0,,,,
A. Maw,Power Forward,4,25,6,9,6,10,'2-4,'8-14,'2-6,'4-8,'2-8,45.00%,'2-3,'6-11,'0-1,'4-8,'1-5,46.43%,'0-1,'2-3,'2-5,'0-0,'1-3,41.67%,'0-0,'7-12,'0-0,'1-3,'1-2,52.94%,3,4,2,1,2,2.4,6,3,5,4,3,4.2,9,7,7,5,5,6.6,1,2,0,1,0,0.8,2,2,2,0,2,1.6,1,0,1,0,1,0.6,2,6,2,2,4,3.2,22:09.0,25:40.0,25:25.0,26:47.0,29:02.0,25:48.0,,,,
L. Ozar,Point Guard,13,14,7,9,16,11.8,'6-10,'6-11,'3-13,'3-11,'5-12,40.35%,'6-10,'5-8,'3-11,'3-9,'4-9,44.68%,'0-0,'1-3,'0-2,'0-2,'1-3,20.00%,'1-4,'1-2,'1-3,'3-4,'5-9,50.00%,4,2,4,0,2,2.4,0,9,3,9,6,5.4,4,11,7,9,8,7.8,2,8,5,3,5,4.6,3,1,3,1,4,2.4,0,0,0,0,0,0,0,4,6,6,5,4.2,23:31.0,29:48.0,28:24.0,34:28.0,23:44.0,27:59.0,,,,
D. Nolasco,Shooting Guard,14,5,5,4,3,6.2,'4-6,'2-4,'1-3,'2-3,'1-3,52.63%,'1-1,'1-2,'0-0,'2-2,'1-2,71.43%,'3-5,'1-2,'1-3,'0-1,'0-1,41.67%,'3-4,'0-0,'2-2,'0-0,'1-2,75.00%,1,1,0,0,0,0.4,3,4,4,0,1,2.4,4,5,4,0,1,2.8,2,2,3,0,2,1.8,0,0,0,1,2,0.6,0,0,0,0,0,0,2,2,0,1,1,1.2,20:45.0,17:03.0,17:09.0,16:47.0,15:36.0,17:28.0,,,,
R. Lozada,Small Forward,8,0,2,0,4,2.8,'3-4,'0-2,'1-4,'0-1,'2-9,30.00%,'2-3,'0-0,'1-4,'0-1,'2-4,41.67%,'1-1,'0-2,'0-0,'0-0,'0-5,12.50%,'1-1,'0-0,'0-0,'0-0,'0-3,25.00%,0,0,0,0,0,0,1,0,0,0,1,0.4,1,0,0,0,1,0.4,0,4,0,0,0,0.8,1,0,0,0,0,0.2,0,0,0,0,0,0,0,1,1,1,0,0.6,10:05.0,08:56.0,08:18.0,09:24.0,15:14.0,10:23.0,,,,
E. Jimenez,Power Forward,2,5,0,0,9,3.2,'1-4,'2-6,'0-2,'0-4,'3-3,31.58%,'1-2,'1-2,'0-2,'0-2,'0-0,25.00%,'0-2,'1-4,'0-0,'0-2,'3-3,36.36%,'0-0,'0-0,'0-0,'0-0,'0-0,0.00%,0,1,2,1,0,0.8,3,1,3,1,2,2,3,2,5,2,2,2.8,2,1,0,0,1,0.8,2,1,3,3,2,2.2,0,0,0,0,0,0,4,3,1,1,1,2,15:32.0,14:59.0,16:13.0,10:53.0,08:19.0,13:11.0,,,,
M. Vingno,Small Forward,2,2,0,3,2,1.8,'1-6,'1-7,'0-1,'1-4,'1-3,19.05%,'1-4,'1-6,'0-1,'0-2,'1-2,20.00%,'0-2,'0-1,'0-0,'1-2,'0-1,16.67%,'0-0,'0-2,'0-0,'0-0,'0-0,0.00%,3,0,1,2,0,1.2,1,0,3,0,0,0.8,4,0,4,2,0,2,0,1,0,2,0,0.6,1,1,1,0,0,0.6,0,0,0,0,0,0,2,1,0,0,1,0.8,13:11.0,07:17.0,05:55.0,14:17.0,09:49.0,10:05.0,,,,
D. Quinquinio,Center,1,2,0,0,0,0.6,'0-1,'1-1,'0-0,'0-1,'0-0,33.33%,'0-1,'1-1,'0-0,'0-1,'0-0,33.33%,'0-0,'0-0,'0-0,'0-0,'0-0,0.00%,'1-2,'0-0,'0-0,'0-0,'0-0,50.00%,0,0,0,0,0,0,2,1,0,1,0,0.8,2,1,0,1,0,0.8,0,0,0,0,0,0,0,0,0,0,0,0,0,0,0,0,0,0,1,1,0,1,0,0.6,07:00.0,05:32.0,00:43.0,05:18.0,01:50.0,04:04.0,,,,
C. Bariquit,Power Forward,0,8,11,6,13,7.6,'0-9,'2-5,'2-7,'1-3,'4-14,23.68%,'0-5,'2-5,'0-2,'0-0,'2-8,20.00%,'0-4,'0-0,'2-5,'1-3,'2-6,27.78%,'0-0,'4-4,'5-6,'3-4,'3-6,75.00%,5,2,0,1,4,2.4,3,6,3,3,6,4.2,8,8,3,4,10,6.6,0,1,3,2,0,1.2,0,1,2,0,2,1,0,0,0,0,0,0,2,4,3,4,6,3.8,22:52.0,25:46.0,32:56.0,23:01.0,29:53.0,26:53.0,,,,
R. Solitario,Power Forward,3,0,3,2,0,1.6,'1-2,'0-1,'1-6,'0-0,'0-1,20.00%,'0-0,'0-1,'0-0,'0-0,'0-0,0.00%,'1-2,'0-0,'1-6,'0-0,'0-1,22.22%,'0-0,'0-0,'0-0,'2-3,'0-0,66.67%,0,1,1,0,0,0.4,0,0,0,1,0,0.2,0,1,1,1,0,0.6,0,0,0,0,0,0,0,0,0,1,0,0.2,0,0,0,0,0,0,0,0,2,1,0,0.6,05:08.0,03:06.0,09:02.0,05:35.0,00:24.0,04:39.0,,,,
K. Buscar,Small Forward,4,2,0,0,2,1.6,'2-5,'1-3,'0-2,'0-5,'1-5,20.00%,'2-4,'1-2,'0-2,'0-4,'1-4,25.00%,'0-1,'0-1,'0-0,'0-1,'0-1,0.00%,'0-0,'0-0,'0-0,'0-0,'0-0,0.00%,0,2,0,1,1,0.8,3,3,1,2,2,2.2,3,5,1,3,3,3,2,0,0,2,1,1,0,3,0,1,4,1.6,0,0,0,0,0,0,7,3,2,3,5,4,27:19.0,20:37.0,08:02.0,23:21.0,30:32.0,21:58.0,,,,
M. Vacalares,Shooting Guard,9,7,6,6,0,5.6,'4-9,'3-10,'3-7,'2-10,'0-1,32.43%,'3-6,'2-5,'3-3,'0-6,'0-1,38.10%,'1-3,'1-5,'0-4,'2-4,'0-0,25.00%,'0-0,'0-0,'0-0,'0-0,'0-0,0.00%,1,3,1,1,1,1.4,2,4,3,2,0,2.2,3,7,4,3,1,3.6,2,0,0,1,0,0.6,2,2,0,1,0,1,0,1,0,0,0,0.2,2,3,6,4,1,3.2,28:19.0,26:26.0,24:34.0,28:23.0,04:01.0,22:20.0,,,,
P. Ganade,Point Guard,17,12,7,10,10,11.2,'5-12,'5-12,'3-8,'4-11,'4-8,41.18%,'0-7,'5-11,'2-5,'2-5,'4-7,37.14%,'5-5,'0-1,'1-3,'2-6,'0-1,50.00%,'2-5,'2-2,'0-0,'0-0,'2-2,66.67%,1,0,0,4,1,1.2,4,5,7,2,1,3.8,5,5,7,6,2,5,5,7,6,5,8,6.2,1,2,2,5,4,2.8,0,1,0,0,0,0.2,3,5,8,3,10,5.8,36:22.0,35:35.0,35:56.0,34:38.0,28:28.0,34:11.0,,,,
R. Lacayanga,Shooting Guard,6,8,13,19,10,11.2,'3-15,'4-12,'4-15,'7-25,'4-14,27.16%,'3-11,'4-10,'2-7,'5-13,'4-11,34.62%,'0-4,'0-2,'2-8,'2-12,'0-3,13.79%,'0-0,'0-0,'3-4,'3-4,'2-8,50.00%,1,2,3,3,2,2.2,6,7,7,5,8,6.6,7,9,10,8,10,8.8,1,1,1,0,0,0.6,2,2,2,2,5,2.6,0,0,1,1,0,0.4,6,3,2,6,5,4.4,25:11.0,29:30.0,25:07.0,30:02.0,29:43.0,27:54.0,,,,
K. Ruiz,Power Forward,0,0,8,12,2,4.4,'0-1,'0-5,'3-9,'3-13,'1-3,22.58%,'0-1,'0-2,'3-6,'2-5,'1-3,35.29%,'0-0,'0-3,'0-3,'1-8,'0-0,7.14%,'0-0,'0-0,'2-2,'5-5,'0-0,100.00%,0,1,1,1,2,1,0,1,1,6,3,2.2,0,2,2,7,5,3.2,0,1,0,2,0,0.6,0,0,1,1,0,0.4,0,0,0,0,0,0,1,2,4,4,4,3,03:38.0,13:19.0,21:17.0,31:59.0,11:30.0,16:20.0,,,,
I. Yanez,Shooting Guard,0,0,0,2,3,1,'0-0,'0-2,'0-4,'0-5,'1-8,5.26%,'0-0,'0-0,'0-0,'0-4,'1-3,14.29%,'0-0,'0-2,'0-4,'0-1,'0-5,0.00%,'0-0,'0-0,'0-0,'2-2,'1-2,75.00%,0,0,0,1,0,0.2,0,0,3,1,5,1.8,0,0,3,2,5,2,1,0,0,0,1,0.4,0,0,0,0,0,0,0,0,0,0,0,0,0,6,2,0,4,2.4,03:15.0,07:11.0,08:33.0,17:50.0,18:50.0,11:07.0,,,,
M. Dalguntas,Power Forward,0,0,3,0,0,0.6,'0-2,'0-1,'1-2,'0-1,'0-0,16.67%,'0-0,'0-0,'0-1,'0-0,'0-0,0.00%,'0-2,'0-1,'1-1,'0-1,'0-0,20.00%,'0-0,'0-0,'0-0,'0-0,'0-0,0.00%,0,0,2,1,0,0.6,0,1,2,1,0,0.8,0,1,4,2,0,1.4,0,0,0,1,0,0.2,0,0,0,0,0,0,0,0,0,0,0,0,0,1,1,2,0,0.8,06:54.0,07:25.0,16:04.0,08:41.0,06:39.0,09:08.0,,,,
P. Delig,Center,0,0,0,0,0,0,'0-0,'0-2,'0-1,'0-0,'0-0,0.00%,'0-0,'0-0,'0-0,'0-0,'0-0,0.00%,'0-0,'0-2,'0-1,'0-0,'0-0,0.00%,'0-0,'0-0,'0-0,'0-0,'0-0,0.00%,0,0,0,0,0,0,0,0,0,0,1,0.2,0,0,0,0,0,0,0,0,0,0,0,0,0,0,0,0,0,0,0,0,0,0,0,0,2,0,0,0,0,0.4,01:12.0,02:30.0,03:21.0,04:20.0,00:00.0,02:16.0,,,,
R. Lumibao,Small Forward,0,0,2,0,4,1.2,'0-0,'0-3,'1-2,'0-0,'2-5,30.00%,'0-0,'0-2,'1-2,'0-0,'2-4,37.50%,'0-0,'0-1,'0-0,'0-0,'0-1,0.00%,'0-0,'0-0,'0-0,'0-0,'0-0,0.00%,0,0,1,0,1,0.4,0,1,3,0,6,2,0,1,4,0,7,2.4,0,0,0,0,0,0,0,0,1,0,0,0.2,0,0,0,0,0,0,0,0,1,1,5,1.4,00:55.0,06:20.0,12:40.0,00:56.0,15:34.0,07:17.0,,,,
A. Ronquillo,Center,10,6,2,0,6,4.8,'4-14,'2-7,'1-7,'0-1,'2-7,25.00%,'3-6,'0-2,'1-5,'0-1,'2-3,35.29%,'1-8,'2-5,'0-2,'0-0,'0-4,15.79%,'1-1,'0-0,'0-0,'0-0,'2-2,100.00%,4,0,1,0,2,1.4,3,0,2,0,2,1.4,7,0,3,0,4,2.8,1,1,2,0,1,1,1,1,0,0,0,0.4,1,1,0,0,0,0.4,6,3,6,3,3,4.2,38:19.0,33:08.0,28:44.0,08:20.0,29:23.0,27:34.0,,,,
D. Cruz,Small Forward,0,0,8,0,0,1.6,'0-4,'0-7,'4-5,'0-0,'0-2,22.22%,'0-4,'0-7,'4-4,'0-0,'0-2,23.53%,'0-0,'0-0,'0-1,'0-0,'0-0,0.00%,'0-2,'0-0,'0-0,'0-0,'0-0,0.00%,2,1,1,0,1,1,3,1,2,1,3,2,5,2,3,1,4,3,0,0,0,0,1,0.2,1,1,1,0,1,0.8,0,0,0,0,0,0,1,0,0,0,4,1,21:55.0,13:53.0,19:16.0,03:08.0,16:29.0,14:56.0,,,,
K. Kone,Point Guard,5,8,22,12,18,13,'1-5,'4-7,'10-13,'4-7,'8-11,62.79%,'1-5,'4-7,'10-13,'4-7,'8-11,62.79%,'0-0,'0-0,'0-0,'0-0,'0-0,0.00%,'3-6,'0-0,'2-2,'4-5,'2-4,64.71%,4,3,5,4,5,4.2,5,6,10,5,6,6.4,9,9,15,9,11,10.6,0,0,0,0,0,0,1,1,0,1,1,0.8,0,0,0,0,1,0.2,0,4,4,4,6,3.6,28:59.0,38:07.0,39:08.0,37:24.0,34:10.0,35:33.0,,,,
L. Dela Paz,Power Forward,2,6,0,3,0,2.2,'1-4,'2-4,'0-0,'1-2,'0-1,36.36%,'1-3,'0-2,'0-0,'0-1,'0-0,16.67%,'0-1,'2-2,'0-0,'1-1,'0-1,60.00%,'0-0,'0-0,'0-0,'0-0,'0-0,0.00%,2,0,0,1,0,0.6,0,2,1,5,0,1.6,2,2,1,6,0,2.2,3,0,0,0,2,1,1,0,0,1,1,0.6,0,0,0,0,0,0,2,1,0,3,0,1.2,16:03.0,09:42.0,03:10.0,12:44.0,16:58.0,11:43.0,,,,
M. Camba,Small Forward,4,1,4,0,6,3,'1-1,'0-2,'1-4,'0-4,'2-2,30.77%,'1-1,'0-0,'1-2,'0-3,'1-1,42.86%,'0-0,'0-2,'0-2,'0-1,'1-1,16.67%,'2-2,'1-2,'2-6,'0-0,'1-2,50.00%,0,2,2,2,0,1.2,5,1,0,4,7,3.4,5,3,2,6,7,4.6,1,2,3,2,1,1.8,0,2,1,3,0,1.2,0,0,0,0,0,0,5,2,4,2,3,3.2,14:34.0,10:53.0,21:47.0,17:48.0,15:51.0,16:10.0,,,,
K. Sunga,Shooting Guard,7,12,14,11,8,10.4,'2-5,'6-9,'7-8,'4-7,'4-7,63.89%,'2-4,'6-9,'7-8,'4-7,'4-7,65.71%,'0-1,'0-0,'0-0,'0-0,'0-0,0.00%,'3-8,'0-0,'0-0,'3-6,'0-0,42.86%,7,2,3,5,3,4,7,3,4,3,4,4.2,14,5,7,8,7,8.2,2,1,1,0,1,1,0,1,1,5,0,1.4,1,0,0,1,0,0.4,2,2,1,1,1,1.4,25:54.0,31:18.0,22:57.0,28:11.0,33:59.0,28:27.0,,,,
A. Villava-Cua,Small Forward,0,0,0,0,0,0,'0-0,'0-0,'0-0,'0-5,'0-0,0.00%,'0-0,'0-0,'0-0,'0-1,'0-0,0.00%,'0-0,'0-0,'0-0,'0-4,'0-0,0.00%,'0-0,'0-0,'0-0,'0-0,'0-0,0.00%,0,0,1,0,0,0.2,0,0,0,0,0,0,0,0,1,0,0,0.2,0,0,0,1,0,0.2,0,0,0,1,0,0.2,0,0,0,0,0,0,0,0,1,1,0,0.4,00:31.0,02:02.0,01:04.0,08:48.0,00:30.0,02:35.0,,,,
M. Rodriguez,Center,1,0,3,0,0,0.8,'0-1,'0-1,'1-1,'0-1,'0-1,20.00%,'0-0,'0-0,'0-0,'0-1,'0-1,0.00%,'0-1,'0-1,'1-1,'0-0,'0-0,33.33%,'1-2,'0-0,'0-0,'0-0,'0-0,50.00%,0,2,0,1,0,0.6,1,0,0,2,0,0.6,1,2,0,3,0,1.2,1,0,0,0,0,0.2,0,0,0,0,0,0,0,0,0,0,0,0,1,1,2,4,1,1.8,09:03.0,01:36.0,04:37.0,10:54.0,02:20.0,05:42.0,,,,
B. Binaohan,Point Guard,8,4,2,2,15,6.2,'4-9,'2-6,'1-3,'1-2,'6-14,41.18%,'4-8,'2-5,'1-3,'1-2,'3-11,37.93%,'0-1,'0-1,'0-0,'0-0,'3-3,60.00%,'0-1,'0-0,'0-0,'0-0,'0-0,0.00%,2,2,1,1,4,2,4,3,5,4,4,4,6,5,6,5,8,6,4,6,5,5,2,4.4,1,0,1,1,3,1.2,0,0,0,0,0,0,8,4,3,8,1,4.8,29:59.0,35:05.0,27:40.0,28:30.0,31:20.0,30:30.0,,,,
B. Paraiso,Shooting Guard,4,2,13,7,10,7.2,'1-3,'1-7,'3-13,'3-9,'4-10,28.57%,'0-1,'1-5,'1-9,'2-5,'2-6,23.08%,'1-2,'0-2,'2-4,'1-4,'2-4,37.50%,'1-2,'0-0,'5-7,'0-0,'0-0,66.67%,1,3,3,1,0,1.6,2,1,4,5,6,3.6,3,4,7,6,6,5.2,3,1,2,4,0,2,1,0,1,1,0,0.6,0,0,0,0,0,0,0,1,0,0,1,0.4,17:26.0,23:08.0,27:27.0,32:38.0,28:20.0,25:47.0,,,,
L. Sario,Shooting Guard,9,8,7,4,7,7,'4-18,'3-9,'3-9,'1-6,'2-10,25.00%,'3-9,'2-5,'2-8,'1-2,'1-7,29.03%,'1-9,'1-4,'1-1,'0-4,'1-3,19.05%,'0-1,'1-2,'0-0,'2-2,'2-2,71.43%,4,0,1,2,4,2.2,5,4,3,3,7,4.4,9,4,4,5,11,6.6,1,5,0,5,2,2.6,1,2,1,2,2,1.6,1,0,0,0,0,0.2,7,3,3,4,3,4,33:38.0,24:06.0,22:44.0,20:55.0,27:01.0,25:40.0,,,,
B. Dalisay,Power Forward,2,0,7,3,3,3,'1-3,'0-1,'3-9,'1-4,'1-4,28.57%,'1-2,'0-1,'2-3,'1-2,'1-2,50.00%,'0-1,'0-0,'1-6,'0-2,'0-2,9.09%,'0-0,'0-0,'0-0,'1-2,'1-2,50.00%,1,2,0,1,2,1.2,2,1,4,9,0,3.2,3,3,4,10,2,4.4,3,1,1,5,5,3,0,0,1,1,1,0.6,0,0,0,0,0,0,1,7,2,3,4,3.4,22:05.0,11:29.0,21:48.0,30:24.0,23:03.0,21:45.0,,,,
E. Delos Reyes,Small Forward,0,1,0,2,1,0.8,'0-0,'0-2,'0-1,'1-2,'0-3,12.50%,'0-0,'0-1,'0-1,'1-2,'0-3,14.29%,'0-0,'0-1,'0-0,'0-0,'0-0,0.00%,'0-0,'1-2,'0-0,'0-0,'1-2,50.00%,0,1,0,1,2,0.8,0,0,1,0,0,0.2,0,1,1,1,2,1,0,0,0,0,0,0,0,0,0,0,0,0,0,0,0,0,0,0,0,0,0,1,0,0.2,02:19.0,04:04.0,02:35.0,11:01.0,05:07.0,05:01.0,,,,
C. Santos,Small Forward,0,2,0,0,4,1.2,'0-1,'1-3,'0-3,'0-0,'2-2,33.33%,'0-1,'1-3,'0-3,'0-0,'2-2,33.33%,'0-0,'0-0,'0-0,'0-0,'0-0,0.00%,'0-0,'0-0,'0-0,'0-0,'0-1,0.00%,2,0,0,0,0,0.4,0,3,2,0,0,1,2,3,2,0,0,1.4,2,1,0,0,0,0.6,0,1,0,1,0,0.4,0,0,0,0,0,0,2,2,1,1,2,1.6,07:12.0,07:59.0,04:44.0,00:33.0,03:23.0,04:46.0,,,,
A. Bacierto,Shooting Guard,4,4,0,4,2,2.8,'2-4,'2-8,'0-3,'2-4,'1-1,35.00%,'2-3,'2-4,'0-3,'2-4,'1-1,46.67%,'0-1,'0-4,'0-0,'0-0,'0-0,0.00%,'0-0,'0-0,'0-0,'0-0,'0-2,0.00%,2,0,1,1,2,1.2,3,0,2,2,2,1.8,5,0,3,3,4,3,1,0,0,1,1,0.6,1,3,0,1,1,1.2,0,0,0,0,0,0,0,0,1,4,1,1.2,18:37.0,18:09.0,11:57.0,21:28.0,11:03.0,16:14.0,,,,
P. Mendoza,Power Forward,3,6,11,7,8,7,'1-6,'3-9,'5-11,'3-14,'4-8,33.33%,'1-6,'3-7,'4-10,'3-12,'4-8,34.88%,'0-0,'0-2,'1-1,'0-2,'0-0,20.00%,'1-2,'0-0,'0-0,'1-2,'0-0,50.00%,4,2,4,5,1,3.2,5,5,5,5,0,4,9,7,9,10,1,7.2,1,1,4,1,2,1.8,0,0,3,2,1,1.2,1,0,4,3,1,1.8,2,1,3,5,1,2.4,15:17.0,23:51.0,30:57.0,20:18.0,16:43.0,21:25.0,,,,
L. San Juan,Point Guard,15,19,18,14,19,17,'5-13,'7-20,'6-13,'4-9,'7-21,38.16%,'2-3,'5-10,'2-6,'2-6,'5-9,47.06%,'3-10,'2-10,'4-7,'2-3,'2-12,30.95%,'2-2,'3-3,'2-2,'4-5,'3-4,87.50%,0,2,0,3,3,1.6,5,4,1,2,5,3.4,5,6,1,5,8,5,1,3,4,2,3,2.6,0,3,0,1,0,0.8,0,0,1,0,0,0.2,3,4,5,3,6,4.2,30:30.0,35:33.0,29:21.0,24:38.0,36:48.0,31:22.0,,,,
E. Lopez,Center,2,0,9,7,0,3.6,'1-8,'0-5,'4-11,'3-6,'0-6,22.22%,'1-2,'0-2,'3-4,'2-2,'0-3,46.15%,'0-6,'0-3,'1-7,'1-4,'0-3,8.70%,'0-0,'0-0,'0-0,'0-0,'0-0,0.00%,0,0,2,0,0,0.4,4,1,3,2,3,2.6,4,1,5,2,3,3,4,1,0,1,2,1.6,3,0,0,0,2,1,0,0,0,0,0,0,2,0,2,4,3,2.2,27:20.0,11:33.0,31:59.0,17:37.0,25:09.0,22:43.0,,,,
M. Manguiat,Point Guard,15,4,9,16,22,13.2,'3-12,'1-5,'3-10,'6-13,'7-14,37.04%,'2-6,'0-1,'2-4,'3-4,'2-2,52.94%,'1-6,'1-4,'1-6,'3-9,'5-12,29.73%,'8-12,'1-4,'2-2,'1-2,'3-4,62.50%,1,0,0,2,3,1.2,2,2,4,5,2,3,3,2,4,7,5,4.2,2,4,4,3,1,2.8,2,0,0,0,2,0.8,0,0,0,0,0,0,11,2,2,2,4,4.2,37:09.0,30:04.0,35:33.0,35:10.0,37:35.0,35:06.0,,,,
Y. Villanueva,Shooting Guard,5,7,7,15,10,8.8,'2-6,'3-7,'1-5,'6-10,'4-11,41.03%,'1-3,'2-4,'1-3,'3-4,'2-9,39.13%,'1-3,'1-3,'0-2,'3-6,'2-2,43.75%,'0-0,'0-0,'5-5,'0-0,'0-1,83.33%,2,2,1,4,2,2.2,3,0,5,2,3,2.6,5,2,6,6,5,4.8,0,0,2,0,2,0.8,0,0,0,1,2,0.6,0,0,2,2,1,1,2,2,1,1,4,2,20:36.0,20:00.0,19:56.0,22:02.0,29:57.0,22:30.0,,,,
M. Dela Torre,Center,0,6,3,5,3,3.4,'0-2,'1-5,'1-3,'2-5,'1-5,25.00%,'0-1,'1-4,'1-1,'2-4,'1-4,35.71%,'0-1,'0-1,'0-2,'0-1,'0-1,0.00%,'0-0,'4-5,'1-2,'1-2,'1-2,63.64%,1,4,0,0,3,1.6,2,0,1,2,2,1.4,3,4,1,2,5,3,0,2,0,2,0,0.8,0,1,1,3,1,1.2,0,0,0,0,0,0,0,4,2,3,0,1.8,15:11.0,21:10.0,19:17.0,21:29.0,17:05.0,18:50.0,,,,
M. Paras,Shooting Guard,2,4,4,1,2,2.6,'1-2,'2-5,'2-2,'0-0,'1-3,50.00%,'1-2,'2-5,'2-2,'0-0,'1-3,50.00%,'0-0,'0-0,'0-0,'0-0,'0-0,0.00%,'0-0,'0-0,'0-0,'1-2,'0-0,50.00%,1,2,0,0,1,0.8,0,3,2,0,0,1,1,5,2,0,1,1.8,0,2,0,1,0,0.6,0,0,0,1,0,0.2,0,0,0,0,0,0,1,0,1,0,1,0.6,13:11.0,26:07.0,20:58.0,07:31.0,11:10.0,15:47.0,,,,
S. Salvani,Point Guard,8,21,29,0,7,13,'2-8,'6-11,'11-21,'0-14,'2-9,33.33%,'2-7,'6-9,'11-18,'0-6,'2-4,47.73%,'0-1,'0-2,'0-3,'0-8,'0-5,0.00%,'4-8,'9-14,'7-9,'0-0,'3-4,65.71%,2,4,2,2,1,2.2,2,4,4,6,9,5,4,8,6,8,10,7.2,5,3,6,5,5,4.8,0,0,7,4,0,2.2,0,0,0,1,1,0.4,2,6,3,11,9,6.2,25:56.0,35:25.0,37:41.0,26:50.0,27:18.0,30:38.0,,,,
J. Nagma,Shooting Guard,6,2,2,2,5,3.4,'3-3,'1-3,'1-4,'1-2,'2-6,44.44%,'3-3,'1-3,'1-4,'1-2,'2-6,44.44%,'0-0,'0-0,'0-0,'0-0,'0-0,0.00%,'0-0,'0-0,'0-0,'0-0,'1-2,50.00%,3,1,1,0,2,1.4,2,1,1,2,5,2.2,5,2,2,2,7,3.6,0,0,0,1,0,0.2,2,1,1,0,0,0.8,0,0,0,0,0,0,1,0,1,2,2,1.2,24:15.0,16:19.0,18:25.0,14:09.0,28:00.0,20:13.0,,,,
J. Libor,Shooting Guard,8,2,0,5,0,3,'2-7,'0-9,'0-2,'2-6,'0-0,16.67%,'1-4,'0-4,'0-1,'1-4,'0-0,15.38%,'1-3,'0-5,'0-1,'1-2,'0-0,18.18%,'3-4,'2-2,'0-0,'0-0,'0-0,83.33%,0,0,0,1,1,0.4,5,1,1,3,1,2.2,5,1,1,4,2,2.6,1,0,1,0,3,1,1,0,0,0,0,0.2,0,0,0,0,0,0,2,2,2,0,5,2.2,19:48.0,15:51.0,08:00.0,12:11.0,08:58.0,12:57.0,,,,
R. Ong,Small Forward,0,8,7,1,2,3.6,'0-2,'4-4,'2-6,'0-1,'1-4,41.18%,'0-2,'4-4,'2-6,'0-1,'1-4,41.18%,'0-0,'0-0,'0-0,'0-0,'0-0,0.00%,'0-0,'0-0,'3-4,'1-2,'0-0,66.67%,0,1,4,0,0,1,0,1,6,3,2,2.4,0,2,10,3,2,3.4,2,1,0,1,0,0.8,1,2,0,0,1,0.8,0,0,5,1,0,1.2,0,1,2,1,1,1,07:27.0,16:47.0,17:21.0,10:21.0,11:43.0,12:43.0,,,,
M. Pasilang,Shooting Guard,7,6,5,5,18,8.2,'3-6,'2-5,'2-7,'2-8,'7-13,41.03%,'3-4,'2-4,'2-6,'1-5,'5-7,50.00%,'0-2,'0-1,'0-1,'1-3,'2-6,23.08%,'1-2,'2-2,'1-3,'0-0,'2-2,66.67%,2,0,3,2,1,1.6,4,2,3,4,4,3.4,6,2,6,6,5,5,0,0,1,0,1,0.4,0,1,0,0,0,0.2,0,0,0,0,0,0,1,1,0,5,0,1.4,21:07.0,20:50.0,26:40.0,20:59.0,27:59.0,23:31.0,,,,
L. Gavaran,Center,0,2,2,3,0,1.4,'0-0,'1-3,'1-1,'1-5,'0-0,33.33%,'0-0,'1-3,'1-1,'1-5,'0-0,33.33%,'0-0,'0-0,'0-0,'0-0,'0-0,0.00%,'0-0,'0-0,'0-0,'1-2,'0-2,25.00%,0,0,0,2,0,0.4,1,0,1,2,0,0.8,1,0,1,4,0,1.2,0,0,0,0,0,0,0,2,0,0,0,0.4,0,0,0,0,0,0,0,1,1,1,0,0.6,02:40.0,08:01.0,02:38.0,11:50.0,02:15.0,05:28.0,,,,
