NAME,Team,Pos,S,Unnamed: 4,Unnamed: 5,Unnamed: 6,Unnamed: 7,Unnamed: 8,Total Sets,K,Unnamed: 11,Unnamed: 12,Unnamed: 13,Unnamed: 14,Unnamed: 15,Tot K,Ave K,E,Unnamed: 19,Unnamed: 20,Unnamed: 21,Unnamed: 22,Unnamed: 23,Tot Err,Ave E,TA,Unnamed: 27,Unnamed: 28,Unnamed: 29,Unnamed: 30,Unnamed: 31,Tot Att,Ave Att,PCT,Unnamed: 35,Unnamed: 36,Unnamed: 37,Unnamed: 38,Unnamed: 39,Ave Hit PCT,A,Unnamed: 42,Unnamed: 43,Unnamed: 44,Unnamed: 45,Unnamed: 46,Tot Ass,Ave Ass,SA,Unnamed: 50,Unnamed: 51,Unnamed: 52,Unnamed: 53,Unnamed: 54,Tot SA,Ave Ace,SE,Unnamed: 58,Unnamed: 59,Unnamed: 60,Unnamed: 61,Unnamed: 62,Tot SE,Ave SE,RE,Unnamed: 66,Unnamed: 67,Unnamed: 68,Unnamed: 69,Unnamed: 70,Tot RE,Ave RE,DIG,Unnamed: 74,Unnamed: 75,Unnamed: 76,Unnamed: 77,Unnamed: 78,Tot Dig,Ave Dig,BS,Unnamed: 82,Unnamed: 83,Unnamed: 84,Unnamed: 85,Unnamed: 86,Tot BS,BA,Unnamed: 89,Unnamed: 90,Unnamed: 91,Unnamed: 92,Unnamed: 93,Tot BA,Total Blk,Ave Blk,BE,Unnamed: 98,Unnamed: 99,Unnamed: 100,Unnamed: 101,Unnamed: 102,Tot BE,Ave BE,PTS,Unnamed: 106,Unnamed: 107,Unnamed: 108,Unnamed: 109,Unnamed: 110,Tot Pts,Ave Pts,Tot Err.1,Unnamed: 114,Unnamed: 115,Unnamed: 116,Unnamed: 117,Unnamed: 118,Ave Err,Player_Number,Composite_Score,Rating,Rank,Overall_Composite_Score,Overall_Rank
J. Nathan,Penn St.,L,3,4,4,5,5,4,25.0,0,0,0,0,0,0,0.0,0.0,0,0,0,0,0,0,0.0,0.0,0,0,0,0,0,0,0.0,0.0,0,0,0,0,0,0,0.0,0,3,1,0,0,3,7.0,0.28,0,0.0,0,0,0,1,1.0,0.04,1,1,0,2,0,0,4.0,0.16,3,1,1,2,0,0,7.0,0.28,1,2,7,9,6,10,35.0,1.4,0,0,0,0,0,0,0.0,0,0,0,0,0,0,0.0,0.0,0.0,0,0,0,0,0,0,0.0,0.0,0,0,0,0,0,1,1.0,0.04,4,2,1,4,0,0,0.44,5,1.036,30.40221914008322,32.0,1.036,149.0
A. Falduto,Penn St.,L,3,4,4,5,5,4,25.0,0,0,0,0,0,0,0.0,0.0,0,0,0,0,0,0,0.0,0.0,0,0,0,0,0,0,0.0,0.0,0,0,0,0,0,0,0.0,2,3,5,4,1,2,17.0,0.68,3,2.0,4,1,2,2,14.0,0.56,1,3,0,2,1,1,8.0,0.32,2,2,0,2,0,0,6.0,0.24,12,9,11,10,3,14,59.0,2.36,0,0,0,0,0,0,0.0,0,0,0,0,0,0,0.0,0.0,0.0,0,0,0,0,0,0,0.0,0.0,3,2,4,1,2,2,14.0,0.56,3,5,0,4,1,1,0.56,8,2.068,59.02912621359223,18.0,2.068,119.0
G. Grimes,Penn St.,L,3,4,4,5,5,4,25.0,0,0,0,0,0,0,0.0,0.0,0,0,0,0,0,0,0.0,0.0,0,0,0,0,0,0,0.0,0.0,0,0,0,0,0,0,0.0,6,2,7,5,9,7,36.0,1.44,0,0.0,0,1,1,1,3.0,0.12,2,0,4,1,3,3,13.0,0.52,2,1,1,3,1,1,9.0,0.36,14,16,15,17,25,16,103.0,4.12,0,0,0,0,0,0,0.0,0,0,0,0,0,0,0.0,0.0,0.0,0,0,0,0,0,0,0.0,0.0,0,0,0,1,1,1,3.0,0.12,4,1,5,4,4,4,0.88,9,3.2360000000000007,91.42857142857144,6.0,3.2360000000000007,89.0
Q. Menger,Penn St.,L,3,4,4,5,5,4,25.0,0,0,0,0,0,0,0.0,0.0,0,0,0,0,0,0,0.0,0.0,0,0,1,0,0,0,1.0,0.04,0,0,0,0,0,0,0.0,1,0,1,1,0,0,3.0,0.12,1,0.0,1,2,1,0,5.0,0.2,0,2,1,1,2,1,7.0,0.28,0,0,0,0,0,0,0.0,0.0,1,0,2,1,0,4,8.0,0.32,0,0,0,0,0,0,0.0,0,0,0,0,0,0,0.0,0.0,0.0,0,0,0,0,0,0,0.0,0.0,1,0,1,2,1,0,5.0,0.2,0,2,1,1,2,1,0.28,11,0.28800000000000003,9.653259361997227,42.0,0.28800000000000003,174.0
K. Schrand,Louisville,L,3,5,3,4,4,4,23.0,0,0,0,0,0,0,0.0,0.0,0,0,0,0,0,0,0.0,0.0,1,0,0,0,0,0,1.0,0.04,0,0,0,0,0,0,0.0,1,0,0,0,0,0,1.0,0.04,1,1.0,0,0,1,0,3.0,0.13,0,2,1,0,1,1,5.0,0.22,0,0,0,0,0,0,0.0,0.0,5,1,1,1,1,3,12.0,0.52,0,0,0,0,0,0,0.0,0,0,0,0,0,0,0.0,0.0,0.0,0,0,0,0,0,0,0.0,0.0,1,1,0,0,1,0,3.0,0.13,0,2,1,0,1,1,0.22,24,0.42300000000000004,13.398058252427186,40.0,0.42300000000000004,170.0
E. Scott,Louisville,L,3,5,3,4,4,4,23.0,0,0,0,0,0,0,0.0,0.0,0,0,0,0,0,0,0.0,0.0,0,0,0,0,0,0,0.0,0.0,0,0,0,0,0,0,0.0,6,7,4,7,5,7,36.0,1.57,1,2.0,0,0,1,0,4.0,0.17,1,0,1,2,1,0,5.0,0.22,0,1,0,1,0,1,3.0,0.13,13,26,8,13,14,24,98.0,4.26,0,0,0,0,0,0,0.0,0,0,0,0,0,0,0.0,0.0,0.0,0,0,0,0,0,0,0.0,0.0,1,2,0,0,1,0,4.0,0.17,1,1,1,3,1,1,0.35,25,3.545,100.0,1.0,3.545,78.0
S. Untiedti,Louisville,L,0,0,0,0,0,4,4.0,0,0,0,0,0,0,0.0,0.0,0,0,0,0,0,0,0.0,0.0,0,0,0,0,0,0,0.0,0.0,0,0,0,0,0,0,0.0,0,0,0,0,0,0,0.0,0.0,0,0.0,0,0,0,0,0.0,0.0,0,0,0,0,0,0,0.0,0.0,0,0,0,0,0,0,0.0,0.0,0,0,0,0,0,0,0.0,0.0,0,0,0,0,0,0,0.0,0,0,0,0,0,0,0.0,0.0,0.0,0,0,0,0,0,0,0.0,0.0,0,0,0,0,0,0,0.0,0.0,0,0,0,0,0,0,0.0,27,0.0,1.6643550624133148,50.0,0.0,190.0
D. Griffin,Pittsburgh,L,3,3,5,3,4,0,18.0,0,0,0,0,0,0,0.0,0.0,0,0,0,0,0,0,0.0,0.0,0,0,0,0,0,0,0.0,0.0,0,0,0,0,0,0,0.0,0,0,0,0,0,0,0.0,0.0,0,0.0,0,0,0,0,0.0,0.0,0,0,0,0,0,0,0.0,0.0,0,0,0,0,0,0,0.0,0.0,0,0,0,1,0,0,1.0,0.06,0,0,0,0,0,0,0.0,0,0,0,0,0,0,0.0,0.0,0.0,0,0,0,0,0,0,0.0,0.0,0,0,0,0,0,0,0.0,0.0,0,0,0,0,0,0,0.0,38,0.048,2.9958391123439667,49.0,0.048,189.0
E. Klika,Pittsburgh,L,3,3,5,3,4,0,18.0,0,0,0,0,0,0,0.0,0.0,0,0,0,0,0,0,0.0,0.0,0,0,0,0,0,0,0.0,0.0,0,0,0,0,0,0,0.0,2,0,3,1,5,0,11.0,0.61,0,0.0,0,0,0,0,0.0,0.0,0,0,0,0,0,0,0.0,0.0,0,0,2,1,0,0,3.0,0.17,12,8,13,9,21,0,63.0,3.5,0,0,0,0,0,0,0.0,0,0,0,0,0,0,0.0,0.0,0.0,0,0,0,0,0,0,0.0,0.0,0,0,0,0,0,0,0.0,0.0,0,0,2,1,0,0,0.17,39,2.81,79.6116504854369,11.0,2.81,100.0
M. Meyer,Pittsburgh,L,3,3,5,3,4,0,18.0,0,0,0,0,0,0,0.0,0.0,0,0,0,0,0,0,0.0,0.0,0,0,0,0,0,0,0.0,0.0,0,0,0,0,0,0,0.0,0,0,0,0,0,0,0.0,0.0,1,0.0,3,1,0,0,5.0,0.28,0,1,0,1,1,0,3.0,0.17,0,0,0,0,0,0,0.0,0.0,3,0,4,2,2,0,11.0,0.61,0,0,0,0,0,0,0.0,0,0,0,0,0,0,0.0,0.0,0.0,0,0,0,0,0,0,0.0,0.0,1,0,3,1,0,0,5.0,0.28,0,1,0,1,1,0,0.17,40,0.577,17.66990291262136,38.0,0.577,167.0
O. Mauch,Nebraska,L,3,3,4,3,5,0,18.0,0,0,0,0,0,0,0.0,0.0,0,0,0,0,0,0,0.0,0.0,0,0,0,0,0,0,0.0,0.0,0,0,0,0,0,0,0.0,0,0,0,0,0,0,0.0,0.0,4,0.0,1,1,1,0,7.0,0.39,0,1,1,0,1,0,3.0,0.17,0,0,2,3,1,0,6.0,0.33,5,1,7,5,9,0,27.0,1.5,0,0,0,0,0,0,0.0,0,0,0,0,0,0,0.0,0.0,0.0,0,0,0,0,0,0,0.0,0.0,4,0,1,1,1,0,7.0,0.39,0,1,3,3,2,0,0.5,47,1.2450000000000003,36.19972260748961,27.0,1.2450000000000003,139.0
L. Choboy,Nebraska,L,3,3,4,3,5,0,18.0,0,0,0,0,0,0,0.0,0.0,0,0,0,0,0,0,0.0,0.0,0,0,0,0,0,0,0.0,0.0,0,0,0,0,0,0,0.0,2,1,0,1,0,0,4.0,0.22,0,0.0,0,0,0,0,0.0,0.0,0,0,0,0,0,0,0.0,0.0,1,1,1,0,0,0,3.0,0.17,3,6,6,4,6,0,25.0,1.39,0,0,0,0,0,0,0.0,0,0,0,0,0,0,0.0,0.0,0.0,0,0,0,0,0,0,0.0,0.0,0,0,0,0,0,0,0.0,0.0,1,1,1,0,0,0,0.17,50,1.083,31.705963938973646,30.0,1.083,146.0
L. Rodriguez,Nebraska,L,3,3,4,3,5,0,18.0,0,0,0,0,0,0,0.0,0.0,0,0,0,0,0,0,0.0,0.0,0,0,1,0,0,0,1.0,0.06,0,0,0,0,0,0,0.0,5,1,2,5,5,0,18.0,1.0,0,0.0,1,0,0,0,1.0,0.06,0,0,1,0,1,0,2.0,0.11,0,0,1,0,1,0,2.0,0.11,13,9,22,14,15,0,73.0,4.06,0,0,0,0,0,0,0.0,0,0,0,0,0,0,0.0,0.0,0.0,0,0,0,0,0,0,0.0,0.0,0,0,1,0,0,0,1.0,0.06,0,0,2,0,2,0,0.22,53,3.3179999999999996,93.70319001386962,5.0,3.3179999999999996,86.0
A. Pringle,Stanford,L,3,3,4,4,0,0,14.0,0,0,0,0,0,0,0.0,0.0,0,0,0,0,0,0,0.0,0.0,0,0,0,1,0,0,1.0,0.07,0,0,0,0,0,0,0.0,0,1,0,1,0,0,2.0,0.14,0,0.0,0,0,0,0,0.0,0.0,0,0,0,0,0,0,0.0,0.0,1,0,0,0,0,0,1.0,0.07,7,5,6,5,0,0,23.0,1.64,0,0,0,0,0,0,0.0,0,0,0,0,0,0,0.0,0.0,0.0,0,0,0,0,0,0,0.0,0.0,0,0,0,0,0,0,0.0,0.0,1,0,0,0,0,0,0.07,60,1.312,38.05825242718447,25.0,1.312,136.0
T. Beaven,Stanford,L,3,0,0,4,0,0,7.0,0,0,0,0,0,0,0.0,0.0,0,0,0,0,0,0,0.0,0.0,0,0,0,0,0,0,0.0,0.0,0,0,0,0,0,0,0.0,0,0,0,0,0,0,0.0,0.0,0,0.0,0,0,0,0,0.0,0.0,0,0,0,0,0,0,0.0,0.0,0,0,0,0,0,0,0.0,0.0,0,0,0,0,0,0,0.0,0.0,0,0,0,0,0,0,0.0,0,0,0,0,0,0,0.0,0.0,0.0,0,0,0,0,0,0,0.0,0.0,0,0,0,0,0,0,0.0,0.0,0,0,0,0,0,0,0.0,62,0.0,1.6643550624133148,50.0,0.0,190.0
M. Cawa,Stanford,L,0,0,0,4,0,0,4.0,0,0,0,0,0,0,0.0,0.0,0,0,0,0,0,0,0.0,0.0,0,0,0,0,0,0,0.0,0.0,0,0,0,0,0,0,0.0,0,0,0,0,0,0,0.0,0.0,0,0.0,0,0,0,0,0.0,0.0,0,0,0,0,0,0,0.0,0.0,0,0,0,0,0,0,0.0,0.0,0,0,0,0,0,0,0.0,0.0,0,0,0,0,0,0,0.0,0,0,0,0,0,0,0.0,0.0,0.0,0,0,0,0,0,0,0.0,0.0,0,,,0,,,0.0,0.0,0,,,0,,,,63,0.0,1.6643550624133148,50.0,0.0,190.0
K. KiOPPch,Stanford,L,3,3,4,4,0,0,14.0,0,0,0,0,0,0,0.0,0.0,0,0,0,0,0,0,0.0,0.0,0,0,0,0,0,0,0.0,0.0,0,0,0,0,0,0,0.0,1,0,0,0,0,0,1.0,0.07,2,0.0,0,0,0,0,2.0,0.14,3,0,1,2,0,0,6.0,0.43,0,0,0,0,0,0,0.0,0.0,1,0,0,1,0,0,2.0,0.14,0,0,0,0,0,0,0.0,0,0,0,0,0,0,0.0,0.0,0.0,0,0,0,0,0,0,0.0,0.0,2,0,0,0,0,0,2.0,0.14,3,0,1,2,0,0,0.43,64,0.060000000000000026,3.3287101248266304,47.0,0.060000000000000026,187.0
E. Oglivie,Stanford,L,3,3,4,4,0,0,14.0,0,0,0,0,0,0,0.0,0.0,0,0,0,0,0,0,0.0,0.0,0,0,0,0,0,0,0.0,0.0,0,0,0,0,0,0,0.0,2,6,10,1,0,0,19.0,1.36,1,1.0,0,0,0,0,2.0,0.14,2,1,1,0,0,0,4.0,0.29,1,1,0,0,0,0,2.0,0.14,12,9,16,14,0,0,51.0,3.64,0,0,0,0,0,0,0.0,0,0,0,0,0,0,0.0,0.0,0.0,0,0,0,0,0,0,0.0,0.0,1,1,0,0,0,0,2.0,0.14,3,2,1,0,0,0,0.43,66,2.9890000000000003,84.57697642163663,9.0,2.9890000000000003,94.0
G. Guctekin,Wisconsin,L,3,4,5,3,0,0,15.0,0,0,0,0,0,0,0.0,0.0,0,0,0,0,0,0,0.0,0.0,0,0,0,0,0,0,0.0,0.0,0,0,0,0,0,0,0.0,0,2,1,1,0,0,4.0,0.27,0,0.0,1,0,0,0,1.0,0.07,0,2,0,1,0,0,3.0,0.2,0,0,0,0,0,0,0.0,0.0,2,3,13,6,0,0,24.0,1.6,0,0,0,0,0,0,0.0,0,0,0,0,0,0,0.0,0.0,0.0,0,0,0,0,0,0,0.0,0.0,0,0,1,0,0,0,1.0,0.07,0,2,0,1,0,0,0.2,74,1.282,37.22607489597781,26.0,1.282,138.0
L. Schumacher,Wisconsin,L,3,4,5,3,0,0,15.0,0,0,0,0,0,0,0.0,0.0,0,0,0,0,0,0,0.0,0.0,0,0,1,0,0,0,1.0,0.07,0,0,0,0,0,0,0.0,3,0,5,2,0,0,10.0,0.67,0,0.0,1,0,0,0,1.0,0.07,2,0,0,2,0,0,4.0,0.27,0,2,3,0,0,0,5.0,0.33,14,19,24,7,0,0,64.0,4.27,0,0,0,0,0,0,0.0,0,0,0,0,0,0,0.0,0.0,0.0,0,0,0,0,0,0,0.0,0.0,0,0,1,0,0,0,1.0,0.07,2,2,3,2,0,0,0.6,76,3.3449999999999993,94.45214979195559,4.0,3.3449999999999993,83.0
S. Damrow,Wisconsin,L,3,4,0,0,0,0,7.0,0,0,0,0,0,0,0.0,0.0,0,0,0,0,0,0,0.0,0.0,0,0,0,0,0,0,0.0,0.0,0,0,0,0,0,0,0.0,0,0,0,0,0,0,0.0,0.0,2,0.0,0,0,0,0,2.0,0.29,3,3,0,0,0,0,6.0,0.86,0,0,0,0,0,0,0.0,0.0,2,5,0,0,0,0,7.0,1.0,0,0,0,0,0,0,0.0,0,0,0,0,0,0,0.0,0.0,0.0,0,0,0,0,0,0,0.0,0.0,2,0,0,0,0,0,2.0,0.29,3,3,0,0,0,0,0.86,77,0.687,20.721220527045773,36.0,0.687,162.0
E. Beavin,Kentucky,L,3,4,4,3,0,0,14.0,0,0,0,0,0,0,0.0,0.0,0,0,0,0,0,0,0.0,0.0,0,1,0,0,0,0,1.0,0.07,0,0,0,0,0,0,0.0,0,0,1,1,0,0,2.0,0.14,1,0.0,0,0,0,0,1.0,0.07,1,0,0,2,0,0,3.0,0.21,1,0,0,0,0,0,1.0,0.07,9,8,10,11,0,0,38.0,2.71,0,0,0,0,0,0,0.0,0,0,0,0,0,0,0.0,0.0,0.0,0,0,0,0,0,0,0.0,0.0,1,0,0,0,0,0,1.0,0.07,2,0,0,2,0,0,0.29,78,2.1369999999999996,60.94313453536754,17.0,2.1369999999999996,117.0
M. Tuozzo,Kentucky,L,3,4,4,3,0,0,14.0,0,0,1,0,0,0,1.0,0.07,0,0,0,0,0,0,0.0,0.0,0,0,1,0,0,0,1.0,0.07,0,0,1,0,0,0,0.071,7,4,4,2,0,0,17.0,1.21,0,1.0,0,1,0,0,2.0,0.14,0,2,1,2,0,0,5.0,0.36,0,0,2,1,0,0,3.0,0.21,12,8,12,7,0,0,39.0,2.79,0,0,0,0,0,0,0.0,0,0,0,0,0,0,0.0,0.0,0.0,0,0,0,0,0,0,0.0,0.0,0,1,1,1,0,0,3.0,0.21,0,2,3,3,0,0,0.57,87,2.2871,65.10679611650487,16.0,2.2871,113.0
S. Breissinger,Creighton,L,3,3,4,5,0,0,15.0,0,0,0,0,0,0,0.0,0.0,0,0,0,0,0,0,0.0,0.0,0,0,0,0,0,0,0.0,0.0,0,0,0,0,0,0,0.0,2,1,3,3,0,0,9.0,0.6,1,0.0,1,1,0,0,3.0,0.2,1,1,1,2,0,0,5.0,0.33,1,0,2,2,0,0,5.0,0.33,9,3,6,5,0,0,23.0,1.53,0,0,0,0,0,0,0.0,0,0,0,0,0,0,0.0,0.0,0.0,0,0,0,0,0,0,0.0,0.0,1,0,1,1,0,0,3.0,0.2,2,1,3,4,0,0,0.67,89,1.1830000000000003,34.47988904299585,29.0,1.1830000000000003,144.0
M. Bilinovic,Creighton,L,3,3,4,5,0,0,15.0,1,0,0,0,0,0,1.0,0.07,0,0,0,0,0,0,0.0,0.0,1,0,0,0,0,0,1.0,0.07,1,0,0,0,0,0,0.067,5,2,2,5,0,0,14.0,0.93,0,2.0,1,2,0,0,5.0,0.33,1,0,2,0,0,0,3.0,0.2,1,0,0,0,0,0,1.0,0.07,17,6,9,16,0,0,48.0,3.2,0,0,0,0,0,0,0.0,0,0,0,0,0,0,0.0,0.0,0.0,0,0,0,0,0,0,0.0,0.0,1,2,1,2,0,0,6.0,0.4,2,0,2,0,0,0,0.27,95,2.771700000000001,78.54923717059641,13.0,2.771700000000001,103.0
A. Hausmann,Creighton,L,3,3,4,5,0,0,15.0,0,0,0,0,0,0,0.0,0.0,0,0,0,0,0,0,0.0,0.0,0,0,0,0,0,0,0.0,0.0,0,0,0,0,0,0,0.0,0,0,0,0,0,0,0.0,0.0,0,0.0,1,1,0,0,2.0,0.13,1,0,1,4,0,0,6.0,0.4,0,0,0,0,0,0,0.0,0.0,1,0,0,1,0,0,2.0,0.13,0,0,0,0,0,0,0.0,0,0,0,0,0,0,0.0,0.0,0.0,0,0,0,0,0,0,0.0,0.0,0,0,1,1,0,0,2.0,0.13,1,0,1,4,0,0,0.4,96,0.049000000000000016,3.023578363384189,48.0,0.049000000000000016,188.0
S. Mccune,Creighton,L,3,3,4,0,0,0,10.0,0,0,0,0,0,0,0.0,0.0,0,0,0,0,0,0,0.0,0.0,0,0,0,0,0,0,0.0,0.0,0,0,0,0,0,0,0.0,0,0,0,0,0,0,0.0,0.0,0,0.0,0,0,0,0,0.0,0.0,1,0,1,0,0,0,2.0,0.2,0,0,0,0,0,0,0.0,0.0,0,0,0,0,0,0,0.0,0.0,0,0,0,0,0,0,0.0,0,0,0,0,0,0,0.0,0.0,0.0,0,0,0,0,0,0,0.0,0.0,0,0,0,0,0,0,0.0,0.0,1,0,1,0,0,0,0.2,98,-0.06,0.0,55.0,-0.06,203.0
M. Delos Reyes,Oregon,L,3,4,5,0,0,0,12.0,0,0,0,0,0,0,0.0,0.0,0,0,0,0,0,0,0.0,0.0,0,0,0,0,0,0,0.0,0.0,0,0,0,0,0,0,0.0,0,0,0,0,0,0,0.0,0.0,0,1.0,1,0,0,0,2.0,0.17,0,3,0,0,0,0,3.0,0.25,0,0,0,0,0,0,0.0,0.0,1,0,2,0,0,0,3.0,0.25,0,0,0,0,0,0,0.0,0,0,0,0,0,0,0.0,0.0,0.0,0,0,0,0,0,0,0.0,0.0,0,1,1,0,0,0,2.0,0.17,0,3,0,0,0,0,0.25,107,0.21000000000000002,7.489597780859918,43.0,0.21000000000000002,177.0
D. Mcclellan,Oregon,L,3,4,5,0,0,0,12.0,0,0,0,0,0,0,0.0,0.0,0,0,0,0,0,0,0.0,0.0,0,0,0,0,0,0,0.0,0.0,0,0,0,0,0,0,0.0,1,1,0,0,0,0,2.0,0.17,0,2.0,2,0,0,0,4.0,0.33,0,1,2,0,0,0,3.0,0.25,0,2,1,0,0,0,3.0,0.25,14,5,9,0,0,0,28.0,2.33,0,0,0,0,0,0,0.0,0,0,0,0,0,0,0.0,0.0,0.0,0,0,0,0,0,0,0.0,0.0,0,2,2,0,0,0,4.0,0.33,0,3,3,0,0,0,0.5,108,1.8960000000000004,54.257975034674075,21.0,1.8960000000000004,125.0
M. Morris,Oregon,L,3,4,5,0,0,0,12.0,0,0,0,0,0,0,0.0,0.0,0,0,0,0,0,0,0.0,0.0,0,0,0,0,0,0,0.0,0.0,0,0,0,0,0,0,0.0,7,8,6,0,0,0,21.0,1.75,0,2.0,2,0,0,0,4.0,0.33,0,2,0,0,0,0,2.0,0.17,0,1,2,0,0,0,3.0,0.25,5,15,16,0,0,0,36.0,3.0,0,0,0,0,0,0,0.0,0,0,0,0,0,0,0.0,0.0,0.0,0,0,0,0,0,0,0.0,0.0,0,2,2,0,0,0,4.0,0.33,0,3,2,0,0,0,0.42,109,2.6140000000000003,74.17475728155341,14.0,2.6140000000000003,106.0
K. P. Catala,Missouri,L,3,4,4,0,0,0,11.0,0,0,0,0,0,0,0.0,0.0,0,0,0,0,0,0,0.0,0.0,0,0,0,0,0,0,0.0,0.0,0,0,0,0,0,0,0.0,2,0,1,0,0,0,3.0,0.27,1,1.0,3,0,0,0,5.0,0.45,3,3,0,0,0,0,6.0,0.55,2,0,0,0,0,0,2.0,0.18,11,7,8,0,0,0,26.0,2.36,0,0,0,0,0,0,0.0,0,0,0,0,0,0,0.0,0.0,0.0,0,0,0,0,0,0,0.0,0.0,1,1,3,0,0,0,5.0,0.45,5,3,0,0,0,0,0.73,115,1.9209999999999996,54.9514563106796,20.0,1.9209999999999996,124.0
K. Rush,Missouri,L,0,0,4,0,0,0,4.0,0,0,0,0,0,0,0.0,0.0,0,0,0,0,0,0,0.0,0.0,0,0,0,0,0,0,0.0,0.0,0,0,0,0,0,0,0.0,0,0,0,0,0,0,0.0,0.0,0,0.0,0,0,0,0,0.0,0.0,0,0,0,0,0,0,0.0,0.0,0,0,0,0,0,0,0.0,0.0,0,0,0,0,0,0,0.0,0.0,0,0,0,0,0,0,0.0,0,0,0,0,0,0,0.0,0.0,0.0,0,0,0,0,0,0,0.0,0.0,0,0,0,0,0,0,0.0,0.0,0,0,0,0,0,0,0.0,119,0.0,1.6643550624133148,50.0,0.0,190.0
M. Sands,Missouri,L,3,4,4,0,0,0,11.0,0,0,0,0,0,0,0.0,0.0,0,0,0,0,0,0,0.0,0.0,0,0,0,0,0,0,0.0,0.0,0,0,0,0,0,0,0.0,2,5,4,0,0,0,11.0,1.0,0,4.0,0,0,0,0,4.0,0.36,1,0,1,0,0,0,2.0,0.18,2,1,1,0,0,0,4.0,0.36,20,14,13,0,0,0,47.0,4.27,0,0,0,0,0,0,0.0,0,0,0,0,0,0,0.0,0.0,0.0,0,0,0,0,0,0,0.0,0.0,0,4,0,0,0,0,4.0,0.36,3,1,2,0,0,0,0.55,120,3.531,99.6116504854369,2.0,3.531,79.0
M. Berezowitz,Marquette,L,3,5,4,0,0,0,12.0,0,0,0,0,0,0,0.0,0.0,0,0,0,0,0,0,0.0,0.0,0,0,1,0,0,0,1.0,0.08,0,0,0,0,0,0,0.0,0,4,1,0,0,0,5.0,0.42,2,1.0,0,0,0,0,3.0,0.25,1,1,1,0,0,0,3.0,0.25,0,1,3,0,0,0,4.0,0.33,9,21,18,0,0,0,48.0,4.0,0,0,0,0,0,0,0.0,0,0,0,0,0,0,0.0,0.0,0.0,0,0,0,0,0,0,0.0,0.0,2,1,0,0,0,0,3.0,0.25,1,2,4,0,0,0,0.58,130,3.201,90.45769764216367,7.0,3.201,90.0
S. Naber,Marquette,L,3,5,4,0,0,0,12.0,0,0,0,0,0,0,0.0,0.0,0,0,0,0,0,0,0.0,0.0,0,0,0,0,0,0,0.0,0.0,0,0,0,0,0,0,0.0,1,1,0,0,0,0,2.0,0.17,0,0.0,0,0,0,0,0.0,0.0,0,0,0,0,0,0,0.0,0.0,0,2,0,0,0,0,2.0,0.17,2,0,0,0,0,0,2.0,0.17,0,0,0,0,0,0,0.0,0,0,0,0,0,0,0.0,0.0,0.0,0,0,0,0,0,0,0.0,0.0,0,0,0,0,0,0,0.0,0.0,0,2,0,0,0,0,0.17,132,0.10200000000000002,4.493758668515951,46.0,0.10200000000000002,184.0
A. Studer,Marquette,L,3,5,4,0,0,0,12.0,0,0,1,0,0,0,1.0,0.08,0,0,0,0,0,0,0.0,0.0,0,0,1,0,0,0,1.0,0.08,0,0,1,0,0,0,0.083,0,0,1,0,0,0,1.0,0.08,0,0.0,0,0,0,0,0.0,0.0,0,0,0,0,0,0,0.0,0.0,0,0,0,0,0,0,0.0,0.0,0,3,7,0,0,0,10.0,0.83,0,0,0,0,0,0,0.0,0,0,0,0,0,0,0.0,0.0,0.0,0,0,0,0,0,0,0.0,0.0,0,0,1,0,0,0,1.0,0.08,0,0,0,0,0,0,0.0,134,0.7123,21.423023578363384,35.0,0.7123,160.0
J. Garrison,Marquette,L,0,5,0,0,0,0,5.0,0,0,0,0,0,0,0.0,0.0,0,0,0,0,0,0,0.0,0.0,0,0,0,0,0,0,0.0,0.0,0,0,0,0,0,0,0.0,0,0,0,0,0,0,0.0,0.0,0,0.0,0,0,0,0,0.0,0.0,0,0,0,0,0,0,0.0,0.0,0,0,0,0,0,0,0.0,0.0,0,1,0,0,0,0,1.0,0.2,0,0,0,0,0,0,0.0,0,0,0,0,0,0,0.0,0.0,0.0,0,0,0,0,0,0,0.0,0.0,0,0,0,0,0,0,0.0,0.0,0,0,0,0,0,0,0.0,136,0.16000000000000003,6.102635228848822,44.0,0.16000000000000003,178.0
K. Akana,Texas,L,3,3,4,0,0,0,10.0,0,0,0,0,0,0,0.0,0.0,0,0,0,0,0,0,0.0,0.0,0,0,0,0,0,0,0.0,0.0,0,0,0,0,0,0,0.0,1,2,0,0,0,0,3.0,0.3,3,0.0,0,0,0,0,3.0,0.3,1,3,1,0,0,0,5.0,0.5,0,1,2,0,0,0,3.0,0.3,3,6,7,0,0,0,16.0,1.6,0,0,0,0,0,0,0.0,0,0,0,0,0,0,0.0,0.0,0.0,0,0,0,0,0,0,0.0,0.0,3,0,0,0,0,0,3.0,0.3,1,4,3,0,0,0,0.8,143,1.2200000000000004,35.50624133148406,28.0,1.2200000000000004,142.0
R. Emerick,Texas,L,3,0,4,0,0,0,7.0,0,0,0,0,0,0,0.0,0.0,0,0,0,0,0,0,0.0,0.0,0,0,0,0,0,0,0.0,0.0,0,0,0,0,0,0,0.0,0,0,0,0,0,0,0.0,0.0,0,0.0,1,0,0,0,1.0,0.14,0,0,0,0,0,0,0.0,0.0,0,0,0,0,0,0,0.0,0.0,3,0,1,0,0,0,4.0,0.57,0,0,0,0,0,0,0.0,0,0,0,0,0,0,0.0,0.0,0.0,0,0,0,0,0,0,0.0,0.0,0,0,1,0,0,0,1.0,0.14,0,0,0,0,0,0,0.0,145,0.526,16.255201109570045,39.0,0.526,168.0
E. Halter,Texas,L,3,3,4,0,0,0,10.0,0,0,0,0,0,0,0.0,0.0,0,0,1,0,0,0,1.0,0.1,0,0,1,0,0,0,1.0,0.1,0,0,-1,0,0,0,-0.1,1,6,4,0,0,0,11.0,1.1,0,0.0,0,0,0,0,0.0,0.0,2,1,1,0,0,0,4.0,0.4,0,0,0,0,0,0,0.0,0.0,10,12,16,0,0,0,38.0,3.8,0,0,0,0,0,0,0.0,0,0,0,0,0,0,0.0,0.0,0.0,0,0,0,0,0,0,0.0,0.0,0,0,0,0,0,0,0.0,0.0,2,1,2,0,0,0,0.5,146,3.0,84.88210818307907,8.0,3.0,93.0
E. Stinson,Texas A&M,L,4,4,5,0,0,0,13.0,0,0,0,0,0,0,0.0,0.0,0,0,0,0,0,0,0.0,0.0,0,0,1,0,0,0,1.0,0.08,0,0,0,0,0,0,0.0,0,0,0,0,0,0,0.0,0.0,1,0.0,0,0,0,0,1.0,0.08,2,2,1,0,0,0,5.0,0.38,1,2,0,0,0,0,3.0,0.23,12,13,8,0,0,0,33.0,2.54,0,0,0,0,0,0,0.0,0,0,0,0,0,0,0.0,0.0,0.0,0,0,0,0,0,0,0.0,0.0,1,0,0,0,0,0,1.0,0.08,3,4,1,0,0,0,0.62,153,1.8940000000000001,54.20249653259363,22.0,1.8940000000000001,126.0
T. Thomas,Texas A&M,L,4,4,5,0,0,0,13.0,0,0,0,0,0,0,0.0,0.0,0,0,0,0,0,0,0.0,0.0,0,0,0,0,0,0,0.0,0.0,0,0,0,0,0,0,0.0,0,0,0,0,0,0,0.0,0.0,3,1.0,0,0,0,0,4.0,0.31,0,1,0,0,0,0,1.0,0.08,0,0,0,0,0,0,0.0,0.0,1,2,0,0,0,0,3.0,0.23,0,0,0,0,0,0,0.0,0,0,0,0,0,0,0.0,0.0,0.0,0,0,0,0,0,0,0.0,0.0,3,1,0,0,0,0,4.0,0.31,0,1,0,0,0,0,0.08,157,0.315,10.402219140083217,41.0,0.315,172.0
A. Underwood,Texas A&M,L,4,4,5,0,0,0,13.0,0,0,0,0,0,0,0.0,0.0,0,0,0,0,0,0,0.0,0.0,0,0,0,0,0,0,0.0,0.0,0,0,0,0,0,0,0.0,6,2,2,0,0,0,10.0,0.77,0,1.0,0,0,0,0,1.0,0.08,1,0,2,0,0,0,3.0,0.23,1,0,0,0,0,0,1.0,0.08,12,16,17,0,0,0,45.0,3.46,0,0,0,0,0,0,0.0,0,0,1,0,0,0,1.0,1.0,0.08,0,0,0,0,0,0,0.0,0.0,0,1,0.5,0,0,0,1.5,0.12,2,0,2,0,0,0,0.31,158,2.8080000000000003,79.55617198335646,12.0,2.8080000000000003,101.0
E. Young,Dayton,L,4,5,4,0,0,0,13.0,1,0,0,0,0,0,1.0,0.08,0,0,0,0,0,0,0.0,0.0,1,0,0,0,0,0,1.0,0.08,1,0,0,0,0,0,0.077,0,0,0,0,0,0,0.0,0.0,4,1.0,2,0,0,0,7.0,0.54,1,2,0,0,0,0,3.0,0.23,2,2,0,0,0,0,4.0,0.31,6,5,4,0,0,0,15.0,1.15,0,0,0,0,0,0,0.0,0,0,0,0,0,0,0.0,0.0,0.0,0,0,0,0,0,0,0.0,0.0,5,1,2,0,0,0,8.0,0.62,3,4,0,0,0,0,0.54,165,1.0676999999999999,31.28155339805825,31.0,1.0676999999999999,148.0
G. Arroyo,Dayton,L,4,5,4,0,0,0,13.0,0,0,0,0,0,0,0.0,0.0,0,0,0,0,0,0,0.0,0.0,0,1,0,0,0,0,1.0,0.08,0,0,0,0,0,0,0.0,0,1,1,0,0,0,2.0,0.15,0,3.0,2,0,0,0,5.0,0.38,1,2,1,0,0,0,4.0,0.31,0,2,2,0,0,0,4.0,0.31,9,14,9,0,0,0,32.0,2.46,0,0,0,0,0,0,0.0,0,0,0,0,0,0,0.0,0.0,0.0,0,0,0,0,0,0,0.0,0.0,0,3,2,0,0,0,5.0,0.38,1,4,3,0,0,0,0.62,166,1.9949999999999997,57.00416088765603,19.0,1.9949999999999997,121.0
K. Kaminski,Dayton,L,4,5,4,0,0,0,13.0,1,0,0,0,0,0,1.0,0.08,0,0,0,0,0,0,0.0,0.0,1,1,1,0,0,0,3.0,0.23,1,0,0,0,0,0,0.077,4,13,8,0,0,0,25.0,1.92,2,2.0,0,0,0,0,4.0,0.31,1,1,2,0,0,0,4.0,0.31,1,0,3,0,0,0,4.0,0.31,15,22,16,0,0,0,53.0,4.08,0,0,0,0,0,0,0.0,0,0,0,0,0,0,0.0,0.0,0.0,0,0,0,0,0,0,0.0,0.0,3,2,0,0,0,0,5.0,0.38,2,1,5,0,0,0,0.62,167,3.4777000000000005,98.13314840499308,3.0,3.4777000000000005,80.0
E. Canaan,Florida,L,3,5,4,0,0,0,12.0,0,0,0,0,0,0,0.0,0.0,0,0,0,0,0,0,0.0,0.0,0,0,0,0,0,0,0.0,0.0,0,0,0,0,0,0,0.0,0,2,1,0,0,0,3.0,0.25,1,2.0,0,0,0,0,3.0,0.25,3,3,1,0,0,0,7.0,0.58,0,1,0,0,0,0,1.0,0.08,2,9,1,0,0,0,12.0,1.0,0,0,0,0,0,0,0.0,0,0,0,0,0,0,0.0,0.0,0.0,0,0,0,0,0,0,0.0,0.0,1,2,0,0,0,0,3.0,0.25,3,4,1,0,0,0,0.67,173,0.7490000000000001,22.441054091539534,34.0,0.7490000000000001,159.0
T. Adams,Florida,L,0,0,4,0,0,0,4.0,0,0,0,0,0,0,0.0,0.0,0,0,0,0,0,0,0.0,0.0,0,0,0,0,0,0,0.0,0.0,0,0,0,0,0,0,0.0,0,0,0,0,0,0,0.0,0.0,0,0.0,0,0,0,0,0.0,0.0,0,0,0,0,0,0,0.0,0.0,0,0,0,0,0,0,0.0,0.0,0,0,3,0,0,0,3.0,0.75,0,0,0,0,0,0,0.0,0,0,0,0,0,0,0.0,0.0,0.0,0,0,0,0,0,0,0.0,0.0,0,0,0,0,0,0,0.0,0.0,0,0,0,0,0,0,0.0,178,0.6000000000000001,18.307905686546466,37.0,0.6000000000000001,166.0
E. Hoyle,Florida,L,3,5,4,0,0,0,12.0,0,0,0,0,0,0,0.0,0.0,0,0,0,0,0,0,0.0,0.0,0,0,0,0,0,0,0.0,0.0,0,0,0,0,0,0,0.0,0,0,0,0,0,0,0.0,0.0,0,1.0,0,0,0,0,1.0,0.08,0,1,3,0,0,0,4.0,0.33,0,0,0,0,0,0,0.0,0.0,1,0,2,0,0,0,3.0,0.25,0,0,0,0,0,0,0.0,0,0,0,0,0,0,0.0,0.0,0.0,0,0,0,0,0,0,0.0,0.0,0,1,0,0,0,0,1.0,0.08,0,1,3,0,0,0,0.33,180,0.14100000000000001,5.575589459084605,45.0,0.14100000000000001,180.0
E. Mckissock,Florida,L,3,5,4,0,0,0,12.0,0,0,0,0,0,0,0.0,0.0,0,0,0,0,0,0,0.0,0.0,0,1,1,0,0,0,2.0,0.17,0,0,0,0,0,0,0.0,7,4,4,0,0,0,15.0,1.25,0,1.0,0,0,0,0,1.0,0.08,1,3,1,0,0,0,5.0,0.42,2,0,2,0,0,0,4.0,0.33,13,19,13,0,0,0,45.0,3.75,0,0,0,0,0,0,0.0,0,0,0,0,0,0,0.0,0.0,0.0,0,0,0,0,0,0,0.0,0.0,0,1,0,0,0,0,1.0,0.08,3,3,3,0,0,0,0.75,181,2.957,83.68932038834951,10.0,2.957,95.0
R. Mcaleer,Purdue,L,3,3,3,0,0,0,9.0,0,0,0,0,0,0,0.0,0.0,0,0,0,0,0,0,0.0,0.0,1,0,0,0,0,0,1.0,0.11,0,0,0,0,0,0,0.0,3,3,1,0,0,0,7.0,0.78,0,2.0,0,0,0,0,2.0,0.22,0,1,1,0,0,0,2.0,0.22,3,2,0,0,0,0,5.0,0.56,7,6,3,0,0,0,16.0,1.78,0,0,0,0,0,0,0.0,0,0,0,0,0,0,0.0,0.0,0.0,0,0,0,0,0,0,0.0,0.0,0,2,0,0,0,0,2.0,0.22,3,3,1,0,0,0,0.78,188,1.3890000000000002,40.19417475728156,24.0,1.3890000000000002,133.0
A. Hornung,Purdue,L,3,3,3,0,0,0,9.0,0,0,0,0,0,0,0.0,0.0,0,0,0,0,0,0,0.0,0.0,0,1,0,0,0,0,1.0,0.11,0,0,0,0,0,0,0.0,1,1,0,0,0,0,2.0,0.22,1,0.0,0,0,0,0,1.0,0.11,2,2,2,0,0,0,6.0,0.67,0,1,3,0,0,0,4.0,0.44,11,10,8,0,0,0,29.0,3.22,0,0,0,0,0,0,0.0,0,0,0,0,0,0,0.0,0.0,0.0,0,0,0,0,0,0,0.0,0.0,1,0,0,0,0,0,1.0,0.11,2,3,5,0,0,0,1.11,191,2.331,66.3245492371706,15.0,2.331,112.0
R. Williams,Purdue,L,3,3,3,0,0,0,9.0,0,0,0,0,0,0,0.0,0.0,0,0,0,0,0,0,0.0,0.0,0,0,0,0,0,0,0.0,0.0,0,0,0,0,0,0,0.0,0,0,0,0,0,0,0.0,0.0,0,0.0,0,0,0,0,0.0,0.0,0,0,0,0,0,0,0.0,0.0,0,0,0,0,0,0,0.0,0.0,0,0,0,0,0,0,0.0,0.0,0,0,0,0,0,0,0.0,0,0,0,0,0,0,0.0,0.0,0.0,0,0,0,0,0,0,0.0,0.0,0,0,0,0,0,0,0.0,0.0,0,0,0,0,0,0,0.0,192,0.0,1.6643550624133148,50.0,0.0,190.0
K. Mahaney,A&M,L,3,0,0,0,0,0,3.0,0,0,0,0,0,0,0.0,0.0,0,0,0,0,0,0,0.0,0.0,0,0,0,0,0,0,0.0,0.0,0,0,0,0,0,0,0.0,0,0,0,0,0,0,0.0,0.0,0,0.0,0,0,0,0,0.0,0.0,0,0,0,0,0,0,0.0,0.0,2,0,0,0,0,0,2.0,0.67,7,0,0,0,0,0,7.0,2.33,0,0,0,0,0,0,0.0,0,0,0,0,0,0,0.0,0.0,0.0,0,0,0,0,0,0,0.0,0.0,0,0,0,0,0,0,0.0,0.0,2,0,0,0,0,0,0.67,202,1.663,47.79472954230236,23.0,1.663,128.0
K. White,A&M,L,3,0,0,0,0,0,3.0,0,0,0,0,0,0,0.0,0.0,0,0,0,0,0,0,0.0,0.0,0,0,0,0,0,0,0.0,0.0,0,0,0,0,0,0,0.0,1,0,0,0,0,0,1.0,0.33,0,0.0,0,0,0,0,0.0,0.0,1,0,0,0,0,0,1.0,0.33,1,0,0,0,0,0,1.0,0.33,4,0,0,0,0,0,4.0,1.33,0,0,0,0,0,0,0.0,0,0,0,0,0,0,0.0,0.0,0.0,0,0,0,0,0,0,0.0,0.0,0,0,0,0,0,0,0.0,0.0,2,0,0,0,0,0,0.67,204,0.8959999999999999,26.51872399445215,33.0,0.8959999999999999,153.0
I. Starck,Penn St.,S,3,4,4,5,5,4,25.0,2,5,3,6,2,0,18.0,0.72,0,0,2,0,2,2,6.0,0.24,3,8,12,16,9,7,55.0,2.2,0.667,0.625,0.083,0.375,0,-0.286,0.059,32,41,43,41,56,55,268.0,10.72,1,0.0,0,0,1,1,3.0,0.12,0,0,3,2,3,3,11.0,0.44,0,1,0,0,0,0,1.0,0.04,5,7,13,11,11,13,60.0,2.4,0,0,0,0,0,0,0.0,1,5,3,3,2,1,15.0,15.0,0.6,0,0,0,0,0,0,0.0,0.0,3.5,7.5,4.5,7.5,4,1.5,28.5,1.14,0,1,5,2,5,5,0.72,6,9.8398,85.51761727266333,10.0,9.8398,18.0
E. Glock,Louisville,S,3,5,3,4,4,4,23.0,0,0,0,0,0,0,0.0,0.0,0,0,0,0,0,0,0.0,0.0,0,1,0,0,0,0,1.0,0.04,0,0,0,0,0,0,0.0,16,25,22,19,9,11,102.0,4.43,0,0.0,0,0,0,0,0.0,0.0,0,0,0,0,0,0,0.0,0.0,0,0,0,0,0,0,0.0,0.0,6,6,1,2,3,2,20.0,0.87,0,0,0,0,0,0,0.0,0,0,0,0,0,0,0.0,0.0,0.0,0,0,0,0,0,0,0.0,0.0,0,0,0,0,0,0,0.0,0.0,0,0,0,0,0,0,0.0,17,3.809,32.50052746325339,18.0,3.809,74.0
N. Cabello,Louisville,S,3,5,3,4,4,4,23.0,0,0,0,0,0,0,0.0,0.0,0,0,0,1,0,1,2.0,0.09,1,0,1,1,2,4,9.0,0.39,0,0,0,-1,0,-0.25,-0.054,16,19,23,29,44,31,162.0,7.04,2,0.0,3,0,2,1,8.0,0.35,1,1,1,0,1,3,7.0,0.3,0,0,0,0,0,0,0.0,0.0,9,7,4,10,8,10,48.0,2.09,0,0,0,0,0,0,0.0,1,0,0,1,3,3,8.0,8.0,0.35,0,0,0,0,0,2,2.0,0.09,2.5,0,3,0.5,3.5,2.5,12.0,0.52,1,1,1,1,1,6,0.48,22,6.422200000000001,55.4733103593783,16.0,6.422200000000001,42.0
N. Buzlutepe,Pittsburgh,S,3,0,0,0,0,0,3.0,0,0,0,0,0,0,0.0,0.0,0,0,0,0,0,0,0.0,0.0,0,0,0,0,0,0,0.0,0.0,0,0,0,0,0,0,0.0,2,0,0,0,0,0,2.0,0.67,0,0.0,0,0,0,0,0.0,0.0,0,0,0,0,0,0,0.0,0.0,0,0,0,0,0,0,0.0,0.0,1,0,0,0,0,0,1.0,0.33,0,0,0,0,0,0,0.0,0,0,0,0,0,0,0.0,0.0,0.0,0,0,0,0,0,0,0.0,0.0,0,0,0,0,0,0,0.0,0.0,0,0,0,0,0,0,0.0,42,0.635,4.59772135874534,22.0,0.635,164.0
B. Reilly,Nebraska,S,3,3,4,3,5,0,18.0,2,4,2,0,0,0,8.0,0.44,0,0,0,2,1,0,3.0,0.17,3,7,3,9,4,0,26.0,1.44,0.667,0.571,0.667,-0.222,-0.25,0,0.08,26,33,47,26,55,0,187.0,10.39,0,0.0,1,0,0,0,1.0,0.06,1,0,1,0,1,0,3.0,0.17,0,0,0,0,0,0,0.0,0.0,11,6,6,8,15,0,46.0,2.56,0,0,0,0,0,0,0.0,1,1,4,3,1,0,10.0,10.0,0.56,0,0,0,1,1,0,2.0,0.11,2.5,4.5,5,1.5,0.5,0,14.0,0.78,1,0,1,3,3,0,0.44,49,9.482000000000003,82.37217807159436,11.0,9.482000000000003,21.0
K. Orr,Nebraska,S,3,3,4,3,5,0,18.0,0,0,0,0,0,0,0.0,0.0,0,0,0,0,0,0,0.0,0.0,0,0,0,0,0,0,0.0,0.0,0,0,0,0,0,0,0.0,0,0,0,0,0,0,0.0,0.0,0,1.0,0,0,1,0,2.0,0.11,0,1,0,2,0,0,3.0,0.17,0,0,0,0,0,0,0.0,0.0,1,2,3,3,5,0,14.0,0.78,0,0,0,0,0,0,0.0,0,0,0,0,0,0,0.0,0.0,0.0,0,0,0,0,0,0,0.0,0.0,0,1,0,0,1,0,2.0,0.11,0,1,0,2,0,0,0.17,52,0.23800000000000004,1.1076728321260287,24.0,0.23800000000000004,176.0
K. Miner,Stanford,S,3,3,4,4,0,0,14.0,1,2,2,2,0,0,7.0,0.5,0,0,1,1,0,0,2.0,0.14,1,2,7,6,0,0,16.0,1.14,1,1,0.143,0.167,0,0,0.165,37,36,56,46,0,0,175.0,12.5,0,1.0,1,0,0,0,2.0,0.14,0,2,4,1,0,0,7.0,0.5,0,0,0,0,0,0,0.0,0.0,6,5,9,4,0,0,24.0,1.71,0,0,0,1,0,0,1.0,2,2,5,1,0,0,10.0,11.0,0.79,0,0,0,0,0,0,0.0,0.0,2,4,5.5,3.5,0,0,15.0,1.07,0,2,5,2,0,0,0.64,59,10.982,95.558759406428,2.0,10.982,8.0
T. Yu,Stanford,S,3,3,4,4,0,0,14.0,0,0,0,0,0,0,0.0,0.0,0,0,0,0,0,0,0.0,0.0,0,0,0,0,0,0,0.0,0.0,0,0,0,0,0,0,0.0,0,0,0,0,0,0,0.0,0.0,1,0.0,0,1,0,0,2.0,0.14,0,0,1,0,0,0,1.0,0.07,0,0,0,0,0,0,0.0,0.0,1,1,1,0,0,0,3.0,0.21,0,0,0,0,0,0,0.0,0,0,0,0,0,0,0.0,0.0,0.0,0,0,0,0,0,0,0.0,0.0,1,0,0,1,0,0,2.0,0.14,0,0,1,0,0,0,0.07,67,0.112,0.0,27.0,0.112,183.0
C. HFuerBringer,Wisconsin,S,3,4,5,3,0,0,15.0,0,0,3,0,0,0,3.0,0.2,1,0,0,1,0,0,2.0,0.13,1,4,7,3,0,0,15.0,1.0,-1,0,0.429,-0.333,0,0,-0.06,41,49,56,28,0,0,174.0,11.6,1,4.0,0,3,0,0,8.0,0.53,1,1,3,3,0,0,8.0,0.53,0,0,0,0,0,0,0.0,0.0,8,21,12,7,0,0,48.0,3.2,0,0,0,0,0,0,0.0,3,2,1,2,0,0,8.0,8.0,0.53,1,2,0,1,0,0,4.0,0.27,2.5,5,3.5,4,0,0,15.0,1.0,3,3,3,5,0,0,0.93,71,10.553999999999998,91.79618819888879,4.0,10.553999999999998,11.0
E. Grome,Kentucky,S,3,4,4,3,0,0,14.0,1,1,2,0,0,0,4.0,0.29,0,0,0,0,0,0,0.0,0.0,1,1,2,2,0,0,6.0,0.43,1,1,1,0,0,0,0.214,33,47,50,37,0,0,167.0,11.93,1,0.0,1,0,0,0,2.0,0.14,1,0,1,1,0,0,3.0,0.21,0,0,0,0,0,0,0.0,0.0,8,12,10,5,0,0,35.0,2.5,0,0,1,0,0,0,1.0,2,5,2,3,0,0,12.0,13.0,0.93,0,2,0,0,0,0,2.0,0.14,3,3.5,5,1.5,0,0,13.0,0.93,1,2,1,1,0,0,0.36,82,10.7438,93.46473029045642,3.0,10.7438,10.0
A. Sarafa,Kentucky,S,3,4,4,3,0,0,14.0,0,0,0,0,0,0,0.0,0.0,0,0,0,0,0,0,0.0,0.0,0,0,0,0,0,0,0.0,0.0,0,0,0,0,0,0,0.0,0,0,0,0,0,0,0.0,0.0,0,0.0,1,1,0,0,2.0,0.14,0,1,1,0,0,0,2.0,0.14,0,0,0,0,0,0,0.0,0.0,0,5,0,0,0,0,5.0,0.36,0,0,0,0,0,0,0.0,0,0,0,0,0,0,0.0,0.0,0.0,0,0,0,0,0,0,0.0,0.0,0,0,1,1,0,0,2.0,0.14,0,1,1,0,0,0,0.14,85,0.136,0.2109853013573388,26.0,0.136,182.0
K. Wait,Creighton,S,3,3,4,5,0,0,15.0,9,8,5,4,0,0,26.0,1.73,0,0,1,1,0,0,2.0,0.13,12,9,8,12,0,0,41.0,2.73,0.75,0.889,0.5,0.25,0,0,0.159,35,35,47,36,0,0,153.0,10.2,1,0.0,0,1,0,0,2.0,0.13,0,0,1,0,0,0,1.0,0.07,0,0,0,1,0,0,1.0,0.07,7,8,17,9,0,0,41.0,2.73,0,0,0,0,0,0,0.0,3,2,1,5,0,0,11.0,11.0,0.73,0,0,0,0,0,0,0.0,0.0,11.5,9,5.5,7.5,0,0,33.5,2.23,0,0,2,2,0,0,0.27,94,10.1798,88.50657570855897,8.0,10.1798,16.0
C. Cline,Oregon,S,3,4,5,0,0,0,12.0,1,2,1,0,0,0,4.0,0.33,1,0,4,0,0,0,5.0,0.42,4,6,6,0,0,0,16.0,1.33,0,0.333,-0.5,0,0,0,-0.014,29,40,46,0,0,0,115.0,9.58,1,2.0,0,0,0,0,3.0,0.25,1,1,3,0,0,0,5.0,0.42,0,0,0,0,0,0,0.0,0.0,12,13,12,0,0,0,37.0,3.08,0,0,0,0,0,0,0.0,1,1,1,0,0,0,3.0,3.0,0.25,1,0,0,0,0,0,1.0,0.08,2.5,4.5,1.5,0,0,0,8.5,0.71,3,1,7,0,0,0,0.92,101,8.7752,76.1586609466207,12.0,8.7752,23.0
M. Crownover,Missouri,S,3,4,4,0,0,0,11.0,0,0,0,0,0,0,0.0,0.0,0,1,3,0,0,0,4.0,0.36,2,3,3,0,0,0,8.0,0.73,0,-0.333,-1,0,0,0,-0.121,40,52,37,0,0,0,129.0,11.73,0,1.0,0,0,0,0,1.0,0.09,2,2,1,0,0,0,5.0,0.45,0,0,0,0,0,0,0.0,0.0,11,6,3,0,0,0,20.0,1.82,0,1,0,0,0,0,1.0,1,4,1,0,0,0,6.0,7.0,0.64,0,0,0,0,0,0,0.0,0.0,0.5,4,0.5,0,0,0,5.0,0.45,2,3,4,0,0,0,0.82,111,9.977799999999998,86.73078275546801,9.0,9.977799999999998,17.0
S. Dudley,Missouri,S,3,4,0,0,0,0,7.0,0,0,0,0,0,0,0.0,0.0,0,0,0,0,0,0,0.0,0.0,0,0,0,0,0,0,0.0,0.0,0,0,0,0,0,0,0.0,2,4,0,0,0,0,6.0,0.86,0,0.0,0,0,0,0,0.0,0.0,0,0,0,0,0,0,0.0,0.0,0,0,0,0,0,0,0.0,0.0,1,1,0,0,0,0,2.0,0.29,0,0,0,0,0,0,0.0,0,0,0,0,0,0,0.0,0.0,0.0,0,0,0,0,0,0,0.0,0.0,0,0,0,0,0,0,0.0,0.0,0,0,0,0,0,0,0.0,122,0.775,5.828468949996483,20.0,0.775,157.0
Y. Anchante,Marquette,S,3,5,4,0,0,0,12.0,3,5,1,0,0,0,9.0,0.75,0,2,0,0,0,0,2.0,0.17,4,9,6,0,0,0,19.0,1.58,0.75,0.333,0.167,0,0,0,0.104,39,51,35,0,0,0,125.0,10.42,1,1.0,0,0,0,0,2.0,0.17,1,0,1,0,0,0,2.0,0.17,0,0,0,0,0,0,0.0,0.0,16,25,15,0,0,0,56.0,4.67,0,0,0,0,0,0,0.0,1,2,1,0,0,0,4.0,4.0,0.33,0,0,1,0,0,0,1.0,0.08,4.5,7,1.5,0,0,0,13.0,1.08,1,2,2,0,0,0,0.42,124,10.2728,89.32414375131866,6.0,10.2728,14.0
A. Carlson,Texas,S,3,3,4,0,0,0,10.0,2,0,0,0,0,0,2.0,0.2,0,1,0,0,0,0,1.0,0.1,2,3,0,0,0,0,5.0,0.5,1,-0.333,0,0,0,0,0.067,38,40,41,0,0,0,119.0,11.9,1,0.0,1,0,0,0,2.0,0.2,2,0,0,0,0,0,2.0,0.2,0,0,0,0,0,0,0.0,0.0,1,4,9,0,0,0,14.0,1.4,0,0,0,0,0,0,0.0,1,4,0,0,0,0,5.0,5.0,0.5,0,0,0,0,0,0,0.0,0.0,3.5,2,1,0,0,0,6.5,0.65,2,1,0,0,0,0,0.3,138,10.243400000000003,89.06568675715593,7.0,10.243400000000003,15.0
R. Binney,Texas,S,3,3,4,0,0,0,10.0,0,0,0,0,0,0,0.0,0.0,0,0,0,0,0,0,0.0,0.0,0,0,0,0,0,0,0.0,0.0,0,0,0,0,0,0,0.0,0,1,0,0,0,0,1.0,0.1,1,1.0,0,0,0,0,2.0,0.2,1,0,1,0,0,0,2.0,0.2,0,0,0,0,0,0,0.0,0.0,5,4,1,0,0,0,10.0,1.0,0,0,0,0,0,0,0.0,0,0,0,0,0,0,0.0,0.0,0.0,0,0,0,0,0,0,0.0,0.0,1,1,0,0,0,0,2.0,0.2,1,0,1,0,0,0,0.2,144,0.42000000000000004,2.7076447007525144,23.0,0.42000000000000004,171.0
E. Swindle,Texas,S,3,0,4,0,0,0,7.0,1,0,0,0,0,0,1.0,0.14,2,0,0,0,0,0,2.0,0.29,3,0,2,0,0,0,5.0,0.71,-0.333,0,0,0,0,0,-0.048,3,0,2,0,0,0,5.0,0.71,0,0.0,0,0,0,0,0.0,0.0,0,0,0,0,0,0,0.0,0.0,0,0,0,0,0,0,0.0,0.0,0,0,0,0,0,0,0.0,0.0,1,0,0,0,0,0,1.0,1,0,0,0,0,0,1.0,2.0,0.29,0,0,0,0,0,0,0.0,0.0,2.5,0,0,0,0,0,2.5,0.36,2,0,0,0,0,0,0.29,148,0.7004,5.172656304944089,21.0,0.7004,161.0
M. Waak,Texas A&M,S,4,4,5,0,0,0,13.0,1,0,2,0,0,0,3.0,0.23,0,1,0,0,0,0,1.0,0.08,5,2,6,0,0,0,13.0,1.0,0.2,-0.5,0.333,0,0,0,0.003,44,59,56,0,0,0,159.0,12.23,1,1.0,0,0,0,0,2.0,0.15,1,2,1,0,0,0,4.0,0.31,0,0,0,0,0,0,0.0,0.0,6,8,8,0,0,0,22.0,1.69,0,0,0,0,0,0,0.0,0,1,1,0,0,0,2.0,2.0,0.15,0,0,0,0,0,0,0.0,0.0,2,1.5,2.5,0,0,0,6.0,0.46,1,3,1,0,0,0,0.38,154,10.490599999999999,91.23883536113648,5.0,10.490599999999999,12.0
M. Manning,Texas A&M,S,4,4,5,0,0,0,13.0,0,0,0,0,0,0,0.0,0.0,0,0,0,0,0,0,0.0,0.0,0,0,0,0,0,0,0.0,0.0,0,0,0,0,0,0,0.0,0,0,0,0,0,0,0.0,0.0,4,0.0,2,0,0,0,6.0,0.46,1,3,2,0,0,0,6.0,0.46,0,0,0,0,0,0,0.0,0.0,1,1,0,0,0,0,2.0,0.15,0,0,0,0,0,0,0.0,0,0,0,0,0,0,0.0,0.0,0.0,0,0,0,0,0,0,0.0,0.0,4,0,2,0,0,0,6.0,0.46,1,3,2,0,0,0,0.46,156,0.137,0.21977635558056127,25.0,0.137,181.0
A. Miller,Dayton,S,4,5,4,0,0,0,13.0,5,3,1,0,0,0,9.0,0.69,0,0,1,0,0,0,1.0,0.08,12,7,5,0,0,0,24.0,1.85,0.417,0.429,0,0,0,0,0.065,38,51,21,0,0,0,110.0,8.46,0,1.0,0,0,0,0,1.0,0.08,1,2,3,0,0,0,6.0,0.46,0,0,0,0,0,0,0.0,0.0,6,7,5,0,0,0,18.0,1.38,0,0,0,0,0,0,0.0,1,1,0,0,0,0,2.0,2.0,0.15,0,0,0,0,0,0,0.0,0.0,5.5,4.5,1,0,0,0,11.0,0.85,1,2,4,0,0,0,0.54,161,7.580000000000001,65.65159293902525,14.0,7.580000000000001,33.0
A. Larkin,Dayton,S,0,0,4,0,0,0,4.0,0,0,0,0,0,0,0.0,0.0,0,0,0,0,0,0,0.0,0.0,0,0,0,0,0,0,0.0,0.0,0,0,0,0,0,0,0.0,0,0,5,0,0,0,5.0,1.25,0,0.0,0,0,0,0,0.0,0.0,0,0,1,0,0,0,1.0,0.25,0,0,0,0,0,0,0.0,0.0,0,0,3,0,0,0,3.0,0.75,0,0,0,0,0,0,0.0,0,0,1,0,0,0,1.0,1.0,0.25,0,0,0,0,0,0,0.0,0.0,0,0,0.5,0,0,0,0.5,0.13,0,0,1,0,0,0,0.25,168,1.2260000000000002,9.793234404669809,19.0,1.2260000000000002,141.0
A. Stucky,Florida,S,0,5,4,0,0,0,9.0,0,1,1,0,0,0,2.0,0.22,0,0,1,0,0,0,1.0,0.11,0,5,5,0,0,0,10.0,1.11,0,0.2,0,0,0,0,0.022,0,40,37,0,0,0,77.0,8.56,0,2.0,0,0,0,0,2.0,0.22,0,0,1,0,0,0,1.0,0.11,0,0,0,0,0,0,0.0,0.0,0,7,11,0,0,0,18.0,2.0,0,0,1,0,0,0,1.0,0,1,0,0,0,0,1.0,2.0,0.22,0,1,0,0,0,0,1.0,0.11,0,3.5,2,0,0,0,5.5,0.61,0,1,2,0,0,0,0.33,176,7.740399999999999,67.06167803643012,13.0,7.740399999999999,31.0
T. Parks,Florida,S,3,5,4,0,0,0,12.0,2,0,0,0,0,0,2.0,0.17,0,0,0,0,0,0,0.0,0.0,2,1,0,0,0,0,3.0,0.25,1,0,0,0,0,0,0.083,30,27,6,0,0,0,63.0,5.25,2,1.0,0,0,0,0,3.0,0.25,2,3,0,0,0,0,5.0,0.42,0,0,0,0,0,0,0.0,0.0,12,4,6,0,0,0,22.0,1.83,0,0,0,0,0,0,0.0,3,0,0,0,0,0,3.0,3.0,0.25,0,0,0,0,0,0,0.0,0.0,5.5,1,0,0,0,0,6.5,0.54,2,3,0,0,0,0,0.42,182,4.9315999999999995,42.3693649342429,17.0,4.9315999999999995,53.0
T. AndeOPPon,Purdue,S,3,3,3,0,0,0,9.0,3,0,1,0,0,0,4.0,0.44,0,0,1,0,0,0,1.0,0.11,3,2,2,0,0,0,7.0,0.78,1,0,0,0,0,0,0.111,45,39,35,0,0,0,119.0,13.22,1,2.0,0,0,0,0,3.0,0.33,1,1,0,0,0,0,2.0,0.22,0,0,0,0,0,0,0.0,0.0,5,6,3,0,0,0,14.0,1.56,0,0,0,0,0,0,0.0,1,1,3,0,0,0,5.0,5.0,0.56,2,0,0,0,0,0,2.0,0.22,4.5,2.5,2.5,0,0,0,9.5,1.06,3,1,1,0,0,0,0.56,184,11.487200000000001,100.0,1.0,11.487200000000001,4.0
A. Hoglund,A&M,S,3,0,0,0,0,0,3.0,1,0,0,0,0,0,1.0,0.33,0,0,0,0,0,0,0.0,0.0,3,0,0,0,0,0,3.0,1.0,0.333,0,0,0,0,0,0.111,25,0,0,0,0,0,25.0,8.33,0,0.0,0,0,0,0,0.0,0.0,1,0,0,0,0,0,1.0,0.33,0,0,0,0,0,0,0.0,0.0,5,0,0,0,0,0,5.0,1.67,0,0,0,0,0,0,0.0,1,0,0,0,0,0,1.0,1.0,0.33,0,0,0,0,0,0,0.0,0.0,1.5,0,0,0,0,0,1.5,0.5,1,0,0,0,0,0,0.33,197,7.4202,64.2467824741543,15.0,7.4202,35.0
C. Jurevicius,Penn St.,OH,3,4,4,5,5,4,25.0,8,8,5,11,20,10,62.0,2.48,2,1,4,4,8,4,23.0,0.92,12,19,16,24,42,26,139.0,5.56,0.5,0.368,0.063,0.292,0.286,0.231,0.07,0,0,0,0,0,0,0.0,0.0,0,0.0,0,0,0,0,0.0,0.0,0,0,0,0,0,0,0.0,0.0,0,0,0,0,0,0,0.0,0.0,2,1,5,4,2,3,17.0,0.68,0,0,0,0,0,0,0.0,3,1,3,0,4,2,13.0,13.0,0.52,0,0,0,0,0,0,0.0,0.0,9.5,8.5,6.5,11,22,11,68.5,2.74,2,1,4,4,8,4,0.92,2,4.877,39.83510792559142,31.0,4.877,54.0
J. Mruzik,Penn St.,OH,3,4,4,5,5,4,25.0,10,21,20,20,26,29,126.0,5.04,1,7,9,5,5,6,33.0,1.32,19,50,52,54,70,73,318.0,12.72,0.474,0.28,0.212,0.278,0.3,0.315,0.074,0,2,2,0,2,1,7.0,0.28,4,0.0,1,1,1,1,8.0,0.32,0,0,2,3,3,1,9.0,0.36,0,1,0,3,5,1,10.0,0.4,5,9,13,8,12,14,61.0,2.44,0,1,0,0,0,1,2.0,0,3,0,4,1,4,12.0,14.0,0.56,0,0,0,1,1,2,4.0,0.16,14,23.5,21,23,27.5,33,142.0,5.68,1,8,11,12,14,10,2.24,4,10.801,88.9215726892323,5.0,10.801,9.0
C. Hannah,Penn St.,OH,3,4,4,5,5,4,25.0,11,13,24,9,16,19,92.0,3.68,0,3,4,10,7,9,33.0,1.32,20,23,42,29,44,42,200.0,8.0,0.55,0.435,0.476,-0.034,0.205,0.238,0.075,0,0,0,0,0,0,0.0,0.0,0,1.0,1,2,1,1,6.0,0.24,1,5,2,2,2,4,16.0,0.64,1,1,0,0,0,2,4.0,0.16,3,2,4,2,5,3,19.0,0.76,0,0,1,1,1,1,4.0,1,1,0,2,0,1,5.0,9.0,0.36,0,0,0,0,0,0,0.0,0.0,11.5,14.5,26,13,18,21.5,104.5,4.18,2,9,6,12,9,15,2.12,10,6.7675,55.49985499440694,21.0,6.7675,40.0
A. Starck,Penn St.,OH,3,0,0,0,0,0,3.0,1,0,0,0,0,0,1.0,0.33,1,0,0,0,0,0,1.0,0.33,4,0,0,0,0,0,4.0,1.33,0,0,0,0,0,0,0.0,0,0,0,0,0,0,0.0,0.0,3,0.0,0,0,0,0,3.0,1.0,0,0,0,0,0,0,0.0,0.0,0,0,0,0,0,0,0.0,0.0,0,0,0,0,0,0,0.0,0.0,0,0,0,0,0,0,0.0,0,0,0,0,0,0,0.0,0.0,0.0,0,0,0,0,0,0,0.0,0.0,4,0,0,0,0,0,4.0,1.33,1,0,0,0,0,0,0.33,13,1.5300000000000002,12.10175249616771,43.0,1.5300000000000002,132.0
A. Markley,Penn St.,OH,3,0,0,0,0,0,3.0,2,0,0,0,0,0,2.0,0.67,0,0,0,0,0,0,0.0,0.0,2,0,0,0,0,0,2.0,0.67,1,0,0,0,0,0,0.333,0,0,0,0,0,0,0.0,0.0,0,0.0,0,0,0,0,0.0,0.0,0,0,0,0,0,0,0.0,0.0,0,0,0,0,0,0,0.0,0.0,0,0,0,0,0,0,0.0,0.0,0,0,0,0,0,0,0.0,0,0,0,0,0,0,0.0,0.0,0.0,0,0,0,0,0,0,0.0,0.0,2,0,0,0,0,0,2.0,0.67,0,0,0,0,0,0,0.0,15,1.1045,8.576045076024364,46.0,1.1045,145.0
C. Luper,Louisville,OH,3,5,3,4,4,4,23.0,9,19,13,13,14,21,89.0,3.87,3,9,1,4,5,6,28.0,1.22,22,57,21,26,42,59,227.0,9.87,0.273,0.175,0.571,0.346,0.214,0.254,0.08,0,0,0,1,0,0,1.0,0.04,1,2.0,0,0,1,0,4.0,0.17,2,0,0,1,0,0,3.0,0.13,0,2,0,1,0,2,5.0,0.22,5,14,9,13,9,6,56.0,2.43,0,0,0,1,0,0,1.0,1,4,0,3,1,1,10.0,11.0,0.48,0,1,0,0,1,1,3.0,0.13,10.5,23,13,15.5,15.5,21.5,99.0,4.3,5,12,1,6,6,9,1.7,19,8.516,69.98798525085968,11.0,8.516,26.0
P. PeteOPPen,Louisville,OH,3,5,0,0,4,4,16.0,2,0,0,0,2,4,8.0,0.5,0,0,0,0,0,4,4.0,0.25,4,0,0,0,4,30,38.0,2.38,0.5,0,0,0,0.5,0,0.063,0,0,0,0,0,0,0.0,0.0,0,0.0,0,0,2,3,5.0,0.31,0,0,0,0,0,2,2.0,0.13,0,0,0,0,0,4,4.0,0.25,1,0,0,0,4,10,15.0,0.94,0,0,0,0,0,0,0.0,0,0,0,0,1,2,3.0,3.0,0.19,0,0,0,0,0,0,0.0,0.0,2,0,0,0,4.5,8,14.5,0.91,0,0,0,0,0,10,0.63,20,1.9435,15.528027509632517,42.0,1.9435,123.0
S. M. Diaz,Louisville,OH,3,5,3,4,4,4,23.0,9,7,7,12,14,20,69.0,3.0,2,5,1,2,3,4,17.0,0.74,19,23,14,26,31,40,153.0,6.65,0.368,0.087,0.429,0.385,0.355,0.4,0.088,1,0,0,0,1,0,2.0,0.09,0,0.0,0,0,1,0,1.0,0.04,0,0,1,1,1,0,3.0,0.13,0,0,0,0,0,0,0.0,0.0,2,2,2,4,4,6,20.0,0.87,1,1,0,1,0,0,3.0,4,6,3,6,1,5,25.0,28.0,1.22,0,0,0,0,0,0,0.0,0.0,12,11,8.5,16,15.5,22.5,85.5,3.72,2,5,2,3,4,4,0.87,23,6.329,51.86642913369517,24.0,6.329,44.0
A. Debeer,Louisville,OH,3,5,3,4,4,0,19.0,7,19,15,15,14,0,70.0,3.68,3,5,4,6,4,0,22.0,1.16,17,50,28,45,38,0,178.0,9.37,0.235,0.28,0.393,0.2,0.263,0,0.072,0,0,2,0,1,0,3.0,0.16,0,0.0,0,1,0,0,1.0,0.05,0,4,3,4,0,0,11.0,0.58,0,0,0,2,2,0,4.0,0.21,5,11,7,6,9,0,38.0,2.0,0,0,0,1,2,0,3.0,0,4,0,1,1,0,6.0,9.0,0.47,0,0,0,1,1,0,2.0,0.11,7,21,15,17.5,16.5,0,77.0,4.05,3,9,7,13,7,0,2.05,28,7.754,63.674027426772184,15.0,7.754,30.0
A. Bankston,Louisville,OH,3,0,0,0,0,0,3.0,2,0,0,0,0,0,2.0,0.67,4,0,0,0,0,0,4.0,1.33,8,0,0,0,0,0,8.0,2.67,-0.25,0,0,0,0,0,-0.083,0,0,0,0,0,0,0.0,0.0,0,0.0,0,0,0,0,0.0,0.0,0,0,0,0,0,0,0.0,0.0,0,0,0,0,0,0,0.0,0.0,1,0,0,0,0,0,1.0,0.33,0,0,0,0,0,0,0.0,0,0,0,0,0,0,0.0,0.0,0.0,0,0,0,0,0,0,0.0,0.0,2,0,0,0,0,0,2.0,0.67,4,0,0,0,0,0,1.33,29,1.2965,10.166963582881055,44.0,1.2965,137.0
T. Stafford,Pittsburgh,OH,3,3,5,3,4,0,18.0,14,10,14,6,18,0,62.0,3.44,4,4,2,4,4,0,18.0,1.0,32,28,43,17,42,0,162.0,9.0,0.313,0.214,0.279,0.118,0.333,0,0.07,1,1,1,2,3,0,8.0,0.44,1,0.0,1,0,0,0,2.0,0.11,1,3,1,0,2,0,7.0,0.39,0,1,4,1,2,0,8.0,0.44,6,9,12,8,15,0,50.0,2.78,0,0,0,1,1,0,2.0,2,0,3,0,0,0,5.0,7.0,0.39,0,0,0,0,0,0,0.0,0.0,16,10,16.5,7,19,0,68.5,3.81,5,8,7,5,8,0,1.83,34,7.794999999999999,64.0137548162572,13.0,7.794999999999999,28.0
V. V. Gomez,Pittsburgh,OH,3,3,5,3,4,0,18.0,7,10,1,7,8,0,33.0,1.83,4,5,3,3,5,0,20.0,1.11,17,21,10,17,22,0,87.0,4.83,0.176,0.238,-0.2,0.235,0.136,0,0.033,0,2,1,0,1,0,4.0,0.22,2,1.0,3,0,1,0,7.0,0.39,1,0,1,0,1,0,3.0,0.17,0,1,4,0,4,0,9.0,0.5,6,4,11,4,5,0,30.0,1.67,0,0,0,0,0,0,0.0,1,1,0,0,0,0,2.0,2.0,0.11,0,0,0,0,1,0,1.0,0.06,9.5,11.5,4,7,9,0,41.0,2.28,5,6,8,3,11,0,1.83,35,4.1005,33.40100261010068,36.0,4.1005,67.0
B. Bayless,Pittsburgh,OH,3,3,5,3,4,0,18.0,0,0,4,0,1,0,5.0,0.28,1,0,1,0,1,0,3.0,0.17,4,0,15,0,2,0,21.0,1.17,-0.25,0,0.2,0,0,0,-0.003,0,0,0,0,0,0,0.0,0.0,0,0.0,0,0,0,0,0.0,0.0,0,0,0,0,0,0,0.0,0.0,0,0,1,0,2,0,3.0,0.17,0,0,2,0,0,0,2.0,0.11,0,0,0,0,0,0,0.0,2,0,1,1,0,0,4.0,4.0,0.22,0,0,0,0,0,0,0.0,0.0,1,0,4.5,0.5,1,0,7.0,0.39,1,0,2,0,3,0,0.33,36,0.7575000000000002,5.700791316236486,50.0,0.7575000000000002,158.0
C. Flood,Pittsburgh,OH,3,3,5,3,4,0,18.0,0,0,0,0,0,0,0.0,0.0,0,0,0,0,0,0,0.0,0.0,0,0,0,0,0,0,0.0,0.0,0,0,0,0,0,0,0.0,0,0,1,0,0,0,1.0,0.06,0,1.0,0,1,0,0,2.0,0.11,0,0,1,0,0,0,1.0,0.06,0,0,0,0,0,0,0.0,0.0,0,2,5,1,3,0,11.0,0.61,0,0,0,0,0,0,0.0,0,0,0,0,0,0,0.0,0.0,0.0,0,0,0,0,0,0,0.0,0.0,0,1,0,1,0,0,2.0,0.11,0,0,1,0,0,0,0.06,37,0.31399999999999995,2.02593528607532,52.0,0.31399999999999995,173.0
M. Beason,Nebraska,OH,3,3,4,3,5,0,18.0,3,8,3,4,8,0,26.0,1.44,2,2,4,4,2,0,14.0,0.78,11,17,21,19,29,0,97.0,5.39,0.091,0.353,-0.048,0,0.207,0,0.034,2,0,0,0,0,0,2.0,0.11,2,0.0,0,2,1,0,5.0,0.28,0,0,3,1,1,0,5.0,0.28,0,0,0,0,0,0,0.0,0.0,3,3,6,5,4,0,21.0,1.17,0,0,0,0,0,0,0.0,2,3,3,0,3,0,11.0,11.0,0.61,0,0,1,0,1,0,2.0,0.11,6,9.5,4.5,6,10.5,0,36.5,2.03,2,2,8,5,4,0,1.17,45,4.125,33.60401044040271,35.0,4.125,64.0
T. Landfair,Nebraska,OH,3,3,4,3,5,0,18.0,4,8,8,11,10,0,41.0,2.28,1,4,5,3,5,0,18.0,1.0,8,27,28,26,29,0,118.0,6.56,0.375,0.148,0.107,0.308,0.172,0,0.062,0,0,0,0,0,0,0.0,0.0,0,0.0,0,0,0,0,0.0,0.0,0,0,0,0,0,0,0.0,0.0,0,0,0,0,0,0,0.0,0.0,0,3,3,2,2,0,10.0,0.56,0,0,0,0,0,0,0.0,1,4,1,2,3,0,11.0,11.0,0.61,0,0,0,0,0,0,0.0,0.0,4.5,10,8.5,12,11.5,0,46.5,2.58,1,4,5,3,5,0,1.0,51,5.031,41.11115714463273,30.0,5.031,52.0
L. Krause,Nebraska,OH,3,0,0,0,0,0,3.0,2,0,0,0,0,0,2.0,0.67,1,0,0,0,0,0,1.0,0.33,5,0,0,0,0,0,5.0,1.67,0.2,0,0,0,0,0,0.067,0,0,0,0,0,0,0.0,0.0,0,0.0,0,0,0,0,0.0,0.0,0,0,0,0,0,0,0.0,0.0,0,0,0,0,0,0,0.0,0.0,0,0,0,0,0,0,0.0,0.0,0,0,0,0,0,0,0.0,0,0,0,0,0,0,0.0,0.0,0.0,0,0,0,0,0,0,0.0,0.0,2,0,0,0,0,0,2.0,0.67,1,0,0,0,0,0,0.33,55,1.2395,9.694659651157973,45.0,1.2395,140.0
E. Rubin,Stanford,OH,3,3,4,4,0,0,14.0,15,15,16,14,0,0,60.0,4.29,4,0,11,11,0,0,26.0,1.86,26,26,47,45,0,0,144.0,10.29,0.423,0.577,0.106,0.067,0,0,0.084,2,1,3,1,0,0,7.0,0.5,3,1.0,1,1,0,0,6.0,0.43,3,3,3,2,0,0,11.0,0.79,1,0,0,0,0,0,1.0,0.07,5,10,13,8,0,0,36.0,2.57,0,1,0,0,0,0,1.0,0,2,0,4,0,0,6.0,7.0,0.5,0,0,0,1,0,0,1.0,0.07,18,18,17,17,0,0,70.0,5.0,8,3,14,14,0,0,2.79,61,8.993999999999998,73.94870945022166,9.0,8.993999999999998,22.0
I. Kurt,Stanford,OH,3,3,4,4,0,0,14.0,9,10,17,13,0,0,49.0,3.5,2,1,5,7,0,0,15.0,1.07,14,17,34,43,0,0,108.0,7.71,0.5,0.529,0.353,0.14,0,0,0.109,0,1,0,0,0,0,1.0,0.07,4,1.0,1,0,0,0,6.0,0.43,1,3,4,2,0,0,10.0,0.71,0,1,0,0,0,0,1.0,0.07,1,1,4,2,0,0,8.0,0.57,0,0,0,0,0,0,0.0,0,0,0,1,0,0,1.0,1.0,0.07,0,1,0,0,0,0,1.0,0.07,13,11,18,13.5,0,0,55.5,3.96,3,6,9,9,0,0,1.93,65,6.474499999999999,53.0720470646725,22.0,6.474499999999999,41.0
S. Franklin,Wisconsin,OH,3,4,5,3,0,0,15.0,12,20,21,11,0,0,64.0,4.27,2,5,6,5,0,0,18.0,1.2,22,51,66,40,0,0,179.0,11.93,0.455,0.294,0.227,0.15,0,0,0.075,0,0,0,0,0,0,0.0,0.0,0,0.0,2,0,0,0,2.0,0.13,0,0,3,0,0,0,3.0,0.2,0,0,0,2,0,0,2.0,0.13,8,10,8,9,0,0,35.0,2.33,0,0,0,0,0,0,0.0,3,2,2,1,0,0,8.0,8.0,0.53,0,0,0,0,0,0,0.0,0.0,13.5,21,24,11.5,0,0,70.0,4.67,2,5,9,7,0,0,1.53,70,9.744499999999999,80.16737788457556,7.0,9.744499999999999,19.0
J. Orzol,Wisconsin,OH,3,4,5,3,0,0,15.0,8,8,8,7,0,0,31.0,2.07,2,5,5,3,0,0,15.0,1.0,21,29,21,25,0,0,96.0,6.4,0.286,0.103,0.143,0.16,0,0,0.046,0,1,1,0,0,0,2.0,0.13,3,0.0,0,0,0,0,3.0,0.2,1,0,3,0,0,0,4.0,0.27,1,0,1,1,0,0,3.0,0.2,4,13,9,9,0,0,35.0,2.33,0,0,0,0,0,0,0.0,1,0,2,2,0,0,5.0,5.0,0.33,0,0,0,0,0,0,0.0,0.0,11.5,8,9,8,0,0,36.5,2.43,4,5,9,4,0,0,1.47,72,5.316,43.472676803248135,29.0,5.316,51.0
B. Deleye,Kentucky,OH,3,4,4,3,0,0,14.0,15,18,22,22,0,0,77.0,5.5,2,6,4,9,0,0,21.0,1.5,27,45,43,40,0,0,155.0,11.07,0.481,0.267,0.419,0.325,0,0,0.107,1,1,0,0,0,0,2.0,0.14,3,3.0,3,1,0,0,10.0,0.71,4,4,3,3,0,0,14.0,1.0,0,1,1,3,0,0,5.0,0.36,5,11,6,2,0,0,24.0,1.71,0,0,1,0,0,0,1.0,1,2,1,0,0,0,4.0,5.0,0.36,0,0,0,0,0,0,0.0,0.0,18.5,22,26.5,23,0,0,90.0,6.43,6,11,8,15,0,0,2.86,81,10.285499999999999,84.65012221899988,6.0,10.285499999999999,13.0
M. Wilson,Kentucky,OH,3,4,4,3,0,0,14.0,8,11,13,7,0,0,39.0,2.79,3,5,4,4,0,0,16.0,1.14,24,26,24,20,0,0,94.0,6.71,0.208,0.231,0.375,0.15,0,0,0.069,1,0,0,0,0,0,1.0,0.07,2,0.0,0,0,0,0,2.0,0.14,1,3,3,3,0,0,10.0,0.71,0,0,0,0,0,0,0.0,0.0,3,5,1,5,0,0,14.0,1.0,0,0,0,0,0,0,0.0,1,3,0,2,0,0,6.0,6.0,0.43,0,0,0,0,0,0,0.0,0.0,10.5,12.5,13,8,0,0,44.0,3.14,4,8,7,7,0,0,1.86,83,5.474500000000002,44.78601317479391,27.0,5.474500000000002,49.0
E. Lamb,Kentucky,OH,3,4,4,3,0,0,14.0,10,12,4,4,0,0,30.0,2.14,2,2,2,5,0,0,11.0,0.79,18,27,21,23,0,0,89.0,6.36,0.444,0.37,0.095,-0.043,0,0,0.062,0,0,0,0,0,0,0.0,0.0,1,0.0,0,0,0,0,1.0,0.07,0,0,0,0,0,0,0.0,0.0,1,2,2,0,0,0,5.0,0.36,0,0,1,0,0,0,1.0,0.07,2,0,0,0,0,0,2.0,1,0,0,0,0,0,1.0,3.0,0.21,1,0,1,0,0,0,2.0,0.14,13.5,12,4,4,0,0,33.5,2.39,4,4,5,5,0,0,1.29,84,4.415000000000001,36.006960268467516,33.0,4.415000000000001,60.0
A. Thigpen,Kentucky,OH,3,4,4,3,0,0,14.0,0,0,2,0,0,0,2.0,0.14,0,0,0,0,0,0,0.0,0.0,0,0,2,0,0,0,2.0,0.14,0,0,1,0,0,0,0.071,0,1,0,0,0,0,1.0,0.07,0,0.0,0,0,0,0,0.0,0.0,0,0,0,0,0,0,0.0,0.0,0,0,0,0,0,0,0.0,0.0,0,0,0,0,0,0,0.0,0.0,0,0,0,0,0,0,0.0,0,0,0,0,0,0,0.0,0.0,0.0,0,0,0,0,0,0,0.0,0.0,0,0,2,0,0,0,2.0,0.14,0,0,0,0,0,0,0.0,86,0.23850000000000002,1.4003397273894853,53.0,0.23850000000000002,175.0
A. Martin,Creighton,OH,3,3,4,5,0,0,15.0,13,11,15,17,0,0,56.0,3.73,3,5,7,10,0,0,25.0,1.67,26,35,42,53,0,0,156.0,10.4,0.385,0.171,0.19,0.132,0,0,0.059,0,0,1,1,0,0,2.0,0.13,2,2.0,1,2,0,0,7.0,0.47,3,4,2,4,0,0,13.0,0.87,1,3,1,1,0,0,6.0,0.4,6,4,3,8,0,0,21.0,1.4,0,0,0,0,0,0,0.0,0,0,2,1,0,0,3.0,3.0,0.2,0,0,0,0,0,0,0.0,0.0,15,13,17,19.5,0,0,64.5,4.3,7,12,10,15,0,0,2.93,91,7.786499999999998,63.94332352819323,14.0,7.786499999999998,29.0
N. Sis,Creighton,OH,3,3,4,5,0,0,15.0,11,10,15,8,0,0,44.0,2.93,3,2,5,8,0,0,18.0,1.2,26,22,44,33,0,0,125.0,8.33,0.308,0.364,0.227,0,0,0,0.06,1,2,1,0,0,0,4.0,0.27,0,2.0,4,3,0,0,9.0,0.6,1,2,2,0,0,0,5.0,0.33,0,0,0,2,0,0,2.0,0.13,6,12,13,12,0,0,43.0,2.87,0,0,0,0,0,0,0.0,3,2,3,1,0,0,9.0,9.0,0.6,0,0,0,0,0,0,0.0,0.0,12.5,13,20.5,11.5,0,0,57.5,3.83,4,4,7,10,0,0,1.67,93,7.549,61.97539047934707,17.0,7.549,34.0
D. Ndamsimpson,Creighton,OH,3,0,0,0,0,0,3.0,1,0,0,0,0,0,1.0,0.33,0,0,0,0,0,0,0.0,0.0,1,0,0,0,0,0,1.0,0.33,1,0,0,0,0,0,0.333,0,0,0,0,0,0,0.0,0.0,0,0.0,0,0,0,0,0.0,0.0,0,0,0,0,0,0,0.0,0.0,0,0,0,0,0,0,0.0,0.0,0,0,0,0,0,0,0.0,0.0,0,0,0,0,0,0,0.0,0,0,0,0,0,0,0.0,0.0,0.0,0,0,0,0,0,0,0.0,0.0,1,0,0,0,0,0,1.0,0.33,0,0,0,0,0,0,0.0,100,0.6285000000000001,4.631892944442144,51.0,0.6285000000000001,165.0
M. Colyer,Oregon,OH,3,4,5,0,0,0,12.0,8,19,15,0,0,0,42.0,3.5,6,4,8,0,0,0,18.0,1.5,28,45,56,0,0,0,129.0,10.75,0.071,0.333,0.125,0,0,0,0.044,0,1,0,0,0,0,1.0,0.08,1,2.0,4,0,0,0,7.0,0.58,0,2,1,0,0,0,3.0,0.25,0,1,1,0,0,0,2.0,0.17,5,8,7,0,0,0,20.0,1.67,0,0,0,0,0,0,0.0,2,1,4,0,0,0,7.0,7.0,0.58,0,0,1,0,0,0,1.0,0.08,10,21.5,21,0,0,0,52.5,4.38,6,7,11,0,0,0,2.0,102,8.427999999999999,69.25881426855037,12.0,8.427999999999999,27.0
M. Ohwobete,Oregon,OH,3,4,5,0,0,0,12.0,9,12,14,0,0,0,35.0,2.92,3,3,4,0,0,0,10.0,0.83,29,36,35,0,0,0,100.0,8.33,0.207,0.25,0.286,0,0,0,0.062,0,1,0,0,0,0,1.0,0.08,5,3.0,2,0,0,0,10.0,0.83,5,1,0,0,0,0,6.0,0.5,3,1,3,0,0,0,7.0,0.58,3,14,12,0,0,0,29.0,2.42,0,1,1,0,0,0,2.0,0,1,3,0,0,0,4.0,6.0,0.5,0,0,3,0,0,0,3.0,0.25,14,16.5,18.5,0,0,0,49.0,4.08,11,5,10,0,0,0,2.17,106,7.3199999999999985,60.07788871856485,19.0,7.3199999999999985,37.0
M. Vernon,Missouri,OH,3,4,4,0,0,0,11.0,20,23,11,0,0,0,54.0,4.91,5,7,12,0,0,0,24.0,2.18,48,52,35,0,0,0,135.0,12.27,0.313,0.308,-0.029,0,0,0,0.054,0,0,0,0,0,0,0.0,0.0,1,1.0,0,0,0,0,2.0,0.18,1,4,1,0,0,0,6.0,0.55,0,0,3,0,0,0,3.0,0.27,6,4,6,0,0,0,16.0,1.45,0,0,2,0,0,0,2.0,3,3,1,0,0,0,7.0,9.0,0.82,1,0,1,0,0,0,2.0,0.18,22.5,25.5,13.5,0,0,0,61.5,5.59,7,11,17,0,0,0,3.18,116,9.711,79.88979574926462,8.0,9.711,20.0
J. Demarrais,Missouri,OH,3,4,4,0,0,0,11.0,9,12,6,0,0,0,27.0,2.45,4,7,0,0,0,0,11.0,1.0,24,25,14,0,0,0,63.0,5.73,0.208,0.2,0.429,0,0,0,0.076,0,0,0,0,0,0,0.0,0.0,0,0.0,0,0,0,0,0.0,0.0,0,0,0,0,0,0,0.0,0.0,0,0,1,0,0,0,1.0,0.09,1,1,0,0,0,0,2.0,0.18,0,0,0,0,0,0,0.0,0,2,1,0,0,0,3.0,3.0,0.27,1,0,1,0,0,0,2.0,0.18,9,13,6.5,0,0,0,28.5,2.59,5,7,2,0,0,0,1.27,117,4.468,36.446120064631074,32.0,4.468,59.0
A. Hamilton,Marquette,OH,3,5,4,0,0,0,12.0,14,20,12,0,0,0,46.0,3.83,2,12,5,0,0,0,19.0,1.58,27,58,46,0,0,0,131.0,10.92,0.444,0.138,0.152,0,0,0,0.061,2,3,2,0,0,0,7.0,0.58,0,2.0,1,0,0,0,3.0,0.25,0,2,2,0,0,0,4.0,0.33,1,1,1,0,0,0,3.0,0.25,5,14,5,0,0,0,24.0,2.0,0,0,1,0,0,0,1.0,1,2,1,0,0,0,4.0,5.0,0.42,0,0,0,0,0,0,0.0,0.0,14.5,23,14.5,0,0,0,52.0,4.33,3,15,8,0,0,0,2.17,127,8.6275,70.91187802958115,10.0,8.6275,24.0
J. Reitsma,Marquette,OH,3,5,4,0,0,0,12.0,0,1,0,0,0,0,1.0,0.08,0,2,0,0,0,0,2.0,0.17,0,7,1,0,0,0,8.0,0.67,0,-0.143,0,0,0,0,-0.012,2,3,1,0,0,0,6.0,0.5,0,0.0,1,0,0,0,1.0,0.08,2,1,1,0,0,0,4.0,0.33,2,1,2,0,0,0,5.0,0.42,3,9,10,0,0,0,22.0,1.83,0,0,0,0,0,0,0.0,0,0,0,0,0,0,0.0,0.0,0.0,0,0,0,0,0,0,0.0,0.0,0,1,1,0,0,0,2.0,0.17,4,4,3,0,0,0,0.92,129,0.825,6.260098603803289,49.0,0.825,156.0
N. Ring,Marquette,OH,3,5,4,0,0,0,12.0,11,16,14,0,0,0,41.0,3.42,1,8,6,0,0,0,15.0,1.25,17,34,32,0,0,0,83.0,6.92,0.588,0.235,0.25,0,0,0,0.089,1,0,1,0,0,0,2.0,0.17,0,0.0,0,0,0,0,0.0,0.0,0,0,0,0,0,0,0.0,0.0,0,1,1,0,0,0,2.0,0.17,1,7,2,0,0,0,10.0,0.83,0,0,0,0,0,0,0.0,0,0,1,0,0,0,1.0,1.0,0.08,0,0,1,0,0,0,1.0,0.08,11,16,14.5,0,0,0,41.5,3.46,1,9,8,0,0,0,1.5,133,6.0175,49.285329576997974,25.0,6.0175,45.0
M. Skinner,Texas,OH,3,3,4,0,0,0,10.0,15,23,23,0,0,0,61.0,6.1,3,6,11,0,0,0,20.0,2.0,27,49,62,0,0,0,138.0,13.8,0.444,0.347,0.194,0,0,0,0.098,2,0,0,0,0,0,2.0,0.2,0,1.0,1,0,0,0,2.0,0.2,1,3,2,0,0,0,6.0,0.6,0,0,3,0,0,0,3.0,0.3,11,12,4,0,0,0,27.0,2.7,1,0,0,0,0,0,1.0,2,2,0,0,0,0,4.0,5.0,0.5,0,0,0,0,0,0,0.0,0.0,17,25,24,0,0,0,66.0,6.6,4,9,16,0,0,0,2.9,141,12.019,99.01396196710446,2.0,12.019,2.0
J. Wenaas,Texas,OH,3,3,4,0,0,0,10.0,3,13,4,0,0,0,20.0,2.0,0,0,5,0,0,0,5.0,0.5,15,21,23,0,0,0,59.0,5.9,0.2,0.619,-0.043,0,0,0,0.078,0,0,3,0,0,0,3.0,0.3,0,0.0,0,0,0,0,0.0,0.0,0,2,0,0,0,0,2.0,0.2,0,0,2,0,0,0,2.0,0.2,13,3,13,0,0,0,29.0,2.9,0,0,0,0,0,0,0.0,1,1,0,0,0,0,2.0,2.0,0.2,0,0,0,0,0,0,0.0,0.0,3.5,13.5,4,0,0,0,21.0,2.1,0,2,7,0,0,0,0.9,142,5.319,43.49753490491777,28.0,5.319,50.0
D. Kahahawai,Texas,OH,0,0,4,0,0,0,4.0,0,0,4,0,0,0,4.0,1.0,0,0,2,0,0,0,2.0,0.5,0,0,11,0,0,0,11.0,2.75,0,0,0.182,0,0,0,0.045,0,0,0,0,0,0,0.0,0.0,0,0.0,0,0,0,0,0.0,0.0,0,0,0,0,0,0,0.0,0.0,0,0,0,0,0,0,0.0,0.0,0,0,0,0,0,0,0.0,0.0,0,0,0,0,0,0,0.0,0,0,2,0,0,0,2.0,2.0,0.5,0,0,0,0,0,0,0.0,0.0,0,0,5,0,0,0,5.0,1.25,0,0,2,0,0,0,0.5,147,2.1475,17.218378423167753,41.0,2.1475,116.0
E. Hellmuth,Texas A&M,OH,4,4,5,0,0,0,13.0,11,20,14,0,0,0,45.0,3.46,8,12,14,0,0,0,34.0,2.62,30,48,55,0,0,0,133.0,10.23,0.1,0.167,0,0,0,0,0.021,0,0,0,0,0,0,0.0,0.0,0,1.0,2,0,0,0,3.0,0.23,2,3,2,0,0,0,7.0,0.54,4,0,4,0,0,0,8.0,0.62,6,13,10,0,0,0,29.0,2.23,0,0,0,0,0,0,0.0,1,0,2,0,0,0,3.0,3.0,0.23,0,1,0,0,0,0,1.0,0.08,11.5,21,17,0,0,0,49.5,3.81,14,16,20,0,0,0,3.85,150,7.204500000000002,59.1208518042839,20.0,7.204500000000002,38.0
T. Humphrey,Texas A&M,OH,4,4,5,0,0,0,13.0,10,6,8,0,0,0,24.0,1.85,4,3,4,0,0,0,11.0,0.85,28,12,26,0,0,0,66.0,5.08,0.214,0.25,0.154,0,0,0,0.048,1,0,0,0,0,0,1.0,0.08,0,0.0,0,0,0,0,0.0,0.0,0,2,0,0,0,0,2.0,0.15,1,0,0,0,0,0,1.0,0.08,6,1,3,0,0,0,10.0,0.77,0,0,0,0,0,0,0.0,3,1,2,0,0,0,6.0,6.0,0.46,0,0,0,0,0,0,0.0,0.0,11.5,6.5,9,0,0,0,27.0,2.08,5,5,4,0,0,0,1.08,155,3.9970000000000003,32.543398102498244,37.0,3.9970000000000003,69.0
L. Almodovar,Dayton,OH,4,5,4,0,0,0,13.0,22,34,20,0,0,0,76.0,5.85,10,13,11,0,0,0,34.0,2.62,61,77,68,0,0,0,206.0,15.85,0.197,0.273,0.132,0,0,0,0.046,0,1,0,0,0,0,1.0,0.08,4,2.0,0,0,0,0,6.0,0.46,2,4,4,0,0,0,10.0,0.77,0,1,2,0,0,0,3.0,0.23,13,8,7,0,0,0,28.0,2.15,0,0,0,0,0,0,0.0,1,2,1,0,0,0,4.0,4.0,0.31,0,0,0,0,0,0,0.0,0.0,26.5,37,20.5,0,0,0,84.0,6.46,12,18,17,0,0,0,3.62,160,12.137999999999998,100.0,1.0,12.137999999999998,1.0
K. Mcneel,Dayton,OH,0,5,4,0,0,0,9.0,0,0,0,0,0,0,0.0,0.0,0,1,0,0,0,0,1.0,0.11,0,3,0,0,0,0,3.0,0.33,0,-0.333,0,0,0,0,-0.037,0,0,0,0,0,0,0.0,0.0,0,0.0,0,0,0,0,0.0,0.0,0,0,0,0,0,0,0.0,0.0,0,0,0,0,0,0,0.0,0.0,0,0,0,0,0,0,0.0,0.0,0,0,0,0,0,0,0.0,0,0,0,0,0,0,0.0,0.0,0.0,0,0,0,0,0,0,0.0,0.0,0,0,0,0,0,0,0.0,0.0,0,1,0,0,0,0,0.11,169,0.0695,0.0,54.0,0.0695,186.0
T. Russel,Dayton,OH,0,5,4,0,0,0,9.0,0,0,2,0,0,0,2.0,0.22,0,2,2,0,0,0,4.0,0.44,0,4,16,0,0,0,20.0,2.22,0,-0.5,0,0,0,0,-0.056,0,0,0,0,0,0,0.0,0.0,0,0.0,0,0,0,0,0.0,0.0,0,0,0,0,0,0,0.0,0.0,0,0,0,0,0,0,0.0,0.0,0,0,0,0,0,0,0.0,0.0,0,0,0,0,0,0,0.0,0,0,3,0,0,0,3.0,3.0,0.33,0,0,1,0,0,0,1.0,0.11,0,0,3.5,0,0,0,3.5,0.39,0,2,3,0,0,0,0.56,170,1.0070000000000001,7.768156771761199,47.0,1.0070000000000001,150.0
B. Smith,Dayton,OH,4,5,4,0,0,0,13.0,11,14,3,0,0,0,28.0,2.15,1,4,7,0,0,0,12.0,0.92,21,31,22,0,0,0,74.0,5.69,0.476,0.323,-0.182,0,0,0,0.047,0,0,0,0,0,0,0.0,0.0,0,0.0,0,0,0,0,0.0,0.0,0,0,0,0,0,0,0.0,0.0,0,0,0,0,0,0,0.0,0.0,3,1,2,0,0,0,6.0,0.46,0,0,0,0,0,0,0.0,0,2,2,0,0,0,4.0,4.0,0.31,1,0,1,0,0,0,2.0,0.15,11,15,4,0,0,0,30.0,2.31,2,4,8,0,0,0,1.08,171,4.3435,35.41450884534118,34.0,4.3435,62.0
I. Martin,Florida,OH,3,5,4,0,0,0,12.0,7,18,8,0,0,0,33.0,2.75,0,5,2,0,0,0,7.0,0.58,19,36,27,0,0,0,82.0,6.83,0.368,0.361,0.222,0,0,0,0.079,2,2,0,0,0,0,4.0,0.33,4,1.0,0,0,0,0,5.0,0.42,0,1,1,0,0,0,2.0,0.17,0,2,1,0,0,0,3.0,0.25,7,7,7,0,0,0,21.0,1.75,0,0,2,0,0,0,2.0,1,2,1,0,0,0,4.0,6.0,0.5,0,1,2,0,0,0,3.0,0.25,11.5,20,10.5,0,0,0,42.0,3.5,0,9,6,0,0,0,1.25,174,6.355500000000001,52.08600903177696,23.0,6.355500000000001,43.0
K. Martin,Florida,OH,3,5,4,0,0,0,12.0,18,33,21,0,0,0,72.0,6.0,7,11,5,0,0,0,23.0,1.92,34,71,50,0,0,0,155.0,12.92,0.324,0.31,0.32,0,0,0,0.079,0,0,0,0,0,0,0.0,0.0,1,1.0,0,0,0,0,2.0,0.17,1,2,1,0,0,0,4.0,0.33,0,0,1,0,0,0,1.0,0.08,3,4,6,0,0,0,13.0,1.08,1,0,2,0,0,0,3.0,4,3,3,0,0,0,10.0,13.0,1.08,0,1,0,0,0,0,1.0,0.08,22,35.5,24.5,0,0,0,82.0,6.83,8,14,7,0,0,0,2.42,175,11.353499999999999,93.49960641339024,3.0,11.353499999999999,5.0
A. Fitzpatrick,Florida,OH,3,5,4,0,0,0,12.0,6,8,6,0,0,0,20.0,1.67,3,5,4,0,0,0,12.0,1.0,17,27,25,0,0,0,69.0,5.75,0.176,0.111,0.08,0,0,0,0.031,1,0,0,0,0,0,1.0,0.08,0,0.0,0,0,0,0,0.0,0.0,0,0,0,0,0,0,0.0,0.0,0,1,2,0,0,0,3.0,0.25,0,3,4,0,0,0,7.0,0.58,0,1,0,0,0,0,1.0,1,5,1,0,0,0,7.0,8.0,0.67,1,1,0,0,0,0,2.0,0.17,6.5,11.5,6.5,0,0,0,24.5,2.04,4,7,6,0,0,0,1.42,179,3.9765,32.373534407755734,38.0,3.9765,71.0
C. Chicoine,Purdue,OH,3,3,3,0,0,0,9.0,12,9,6,0,0,0,27.0,3.0,1,3,3,0,0,0,7.0,0.78,25,22,17,0,0,0,64.0,7.11,0.44,0.273,0.176,0,0,0,0.099,1,0,1,0,0,0,2.0,0.22,0,1.0,0,0,0,0,1.0,0.11,0,0,1,0,0,0,1.0,0.11,0,1,0,0,0,0,1.0,0.11,19,9,5,0,0,0,33.0,3.67,0,1,1,0,0,0,2.0,0,2,0,0,0,0,2.0,4.0,0.44,0,0,0,0,0,0,0.0,0.0,12,12,7,0,0,0,31.0,3.44,1,4,4,0,0,0,1.0,185,7.3245000000000005,60.115175871069326,18.0,7.3245000000000005,36.0
E. Hudson,Purdue,OH,3,3,3,0,0,0,9.0,21,20,10,0,0,0,51.0,5.67,1,2,4,0,0,0,7.0,0.78,44,32,33,0,0,0,109.0,12.11,0.455,0.563,0.182,0,0,0,0.133,0,0,0,0,0,0,0.0,0.0,0,0.0,0,0,0,0,0.0,0.0,0,1,1,0,0,0,2.0,0.22,1,0,0,0,0,0,1.0,0.11,7,2,6,0,0,0,15.0,1.67,0,0,0,0,0,0,0.0,5,1,1,0,0,0,7.0,7.0,0.78,0,0,1,0,0,0,1.0,0.11,23.5,20.5,10.5,0,0,0,54.5,6.06,2,3,6,0,0,0,1.22,187,11.1115,91.49438621203961,4.0,11.1115,7.0
K. Wollard,Purdue,OH,3,3,3,0,0,0,9.0,4,5,2,0,0,0,11.0,1.22,0,2,3,0,0,0,5.0,0.56,7,10,7,0,0,0,24.0,2.67,0.571,0.3,-0.143,0,0,0,0.081,0,0,0,0,0,0,0.0,0.0,0,0.0,0,0,0,0,0.0,0.0,0,0,0,0,0,0,0.0,0.0,0,0,0,0,0,0,0.0,0.0,0,1,1,0,0,0,2.0,0.22,0,0,0,0,0,0,0.0,3,5,2,0,0,0,10.0,10.0,1.11,0,1,0,0,0,0,1.0,0.11,5.5,7.5,3,0,0,0,16.0,1.78,0,3,3,0,0,0,0.67,193,2.6505,21.386253469776694,40.0,2.6505,105.0
R. Achtzehn,A&M,OH,3,0,0,0,0,0,3.0,4,0,0,0,0,0,4.0,1.33,2,0,0,0,0,0,2.0,0.67,12,0,0,0,0,0,12.0,4.0,0.167,0,0,0,0,0,0.056,0,0,0,0,0,0,0.0,0.0,0,0.0,0,0,0,0,0.0,0.0,0,0,0,0,0,0,0.0,0.0,0,0,0,0,0,0,0.0,0.0,1,0,0,0,0,0,1.0,0.33,0,0,0,0,0,0,0.0,0,0,0,0,0,0,0.0,0.0,0.0,0,0,0,0,0,0,0.0,0.0,4,0,0,0,0,0,4.0,1.33,2,0,0,0,0,0,0.67,194,2.822,22.807308281890876,39.0,2.822,99.0
T. Arrington,A&M,OH,3,0,0,0,0,0,3.0,7,0,0,0,0,0,7.0,2.33,2,0,0,0,0,0,2.0,0.67,20,0,0,0,0,0,20.0,6.67,0.25,0,0,0,0,0,0.083,0,0,0,0,0,0,0.0,0.0,0,0.0,0,0,0,0,0.0,0.0,0,0,0,0,0,0,0.0,0.0,0,0,0,0,0,0,0.0,0.0,2,0,0,0,0,0,2.0,0.67,2,0,0,0,0,0,2.0,1,0,0,0,0,0,1.0,3.0,1.0,0,0,0,0,0,0,0.0,0.0,9.5,0,0,0,0,0,9.5,3.17,2,0,0,0,0,0,0.67,195,5.6595,46.31892944442144,26.0,5.6595,48.0
K. Payne,A&M,OH,3,0,0,0,0,0,3.0,8,0,0,0,0,0,8.0,2.67,7,0,0,0,0,0,7.0,2.33,38,0,0,0,0,0,38.0,12.67,0.026,0,0,0,0,0,0.009,0,0,0,0,0,0,0.0,0.0,0,0.0,0,0,0,0,0.0,0.0,0,0,0,0,0,0,0.0,0.0,0,0,0,0,0,0,0.0,0.0,4,0,0,0,0,0,4.0,1.33,1,0,0,0,0,0,1.0,1,0,0,0,0,0,1.0,2.0,0.67,0,0,0,0,0,0,0.0,0.0,9.5,0,0,0,0,0,9.5,3.17,7,0,0,0,0,0,2.33,198,7.7265,63.44616149480052,16.0,7.7265,32.0
B. Jaeger,A&M,OH,3,0,0,0,0,0,3.0,0,0,0,0,0,0,0.0,0.0,0,0,0,0,0,0,0.0,0.0,0,0,0,0,0,0,0.0,0.0,0,0,0,0,0,0,0.0,1,0,0,0,0,0,1.0,0.33,0,0.0,0,0,0,0,0.0,0.0,0,0,0,0,0,0,0.0,0.0,2,0,0,0,0,0,2.0,0.67,9,0,0,0,0,0,9.0,3.0,0,0,0,0,0,0,0.0,0,0,0,0,0,0,0.0,0.0,0.0,0,0,0,0,0,0,0.0,0.0,0,0,0,0,0,0,0.0,0.0,2,0,0,0,0,0,0.67,201,0.9650000000000001,7.420143348386296,48.0,0.9650000000000001,151.0
R. Robins,Louisville,OPP,3,5,3,4,4,4,23.0,8,2,7,6,5,2,30.0,1.3,1,4,0,3,2,2,12.0,0.52,16,15,10,10,11,6,68.0,2.96,0.438,-0.133,0.7,0.3,0.273,0,0.069,0,1,0,0,0,0,1.0,0.04,0,0.0,0,0,0,0,0.0,0.0,0,0,0,0,0,0,0.0,0.0,0,0,0,0,0,0,0.0,0.0,1,4,0,7,2,2,16.0,0.7,0,1,0,0,0,0,1.0,2,5,1,1,0,1,10.0,11.0,0.48,0,0,0,0,0,0,0.0,0.0,9,5.5,7.5,6.5,5,2.5,36.0,1.57,1,4,0,3,2,2,0.52,21,2.8075,24.457108319302336,10.0,2.8075,102.0
O. Babcock,Pittsburgh,OPP,3,3,5,3,4,0,18.0,12,13,31,13,33,0,102.0,5.67,4,8,11,1,8,0,32.0,1.78,29,36,69,32,65,0,231.0,12.83,0.276,0.139,0.29,0.375,0.385,0,0.081,1,1,0,0,2,0,4.0,0.22,2,2.0,0,1,0,0,5.0,0.28,2,2,4,5,1,0,14.0,0.78,0,0,0,0,0,0,0.0,0.0,11,4,12,7,5,0,39.0,2.17,0,0,0,0,0,0,0.0,2,4,3,3,2,0,14.0,14.0,0.78,0,0,0,0,0,0,0.0,0.0,15,17,32.5,15.5,34,0,114.0,6.33,6,10,15,6,9,0,2.56,30,11.1615,96.58938824849976,2.0,11.1615,6.0
R. Fairbanks,Pittsburgh,OPP,3,3,5,3,4,0,18.0,1,2,1,1,1,0,6.0,0.33,0,0,1,0,0,0,1.0,0.06,3,3,4,1,4,0,15.0,0.83,0.333,0.667,0,1,0.25,0,0.125,33,36,54,31,53,0,207.0,11.5,5,0.0,1,1,1,0,8.0,0.44,0,0,1,1,1,0,3.0,0.17,0,0,0,0,0,0,0.0,0.0,8,4,12,5,10,0,39.0,2.17,0,0,0,0,0,0,0.0,0,2,1,2,1,0,6.0,6.0,0.33,0,0,0,0,0,0,0.0,0.0,6,3,2.5,3,2.5,0,17.0,0.94,0,0,2,1,1,0,0.22,31,4.1235,35.820057850882876,7.0,4.1235,66.0
J. Harvey,Stanford,OPP,3,3,4,4,0,0,14.0,10,13,10,8,0,0,41.0,2.93,3,1,5,3,0,0,12.0,0.86,20,23,24,20,0,0,87.0,6.21,0.35,0.522,0.208,0.25,0,0,0.095,0,1,0,0,0,0,1.0,0.07,1,0.0,3,3,0,0,7.0,0.5,2,0,3,4,0,0,9.0,0.64,0,0,0,0,0,0,0.0,0.0,4,1,10,8,0,0,23.0,1.64,0,0,0,1,0,0,1.0,3,0,0,1,0,0,4.0,5.0,0.36,0,1,0,0,0,0,1.0,0.07,12.5,13,13,12.5,0,0,51.0,3.64,5,2,8,7,0,0,1.57,58,5.9525,51.61248542934853,4.0,5.9525,46.0
D. Robinson,Wisconsin,OPP,3,4,5,3,0,0,15.0,5,8,7,2,0,0,22.0,1.47,0,0,2,2,0,0,4.0,0.27,10,18,15,6,0,0,49.0,3.27,0.5,0.444,0.333,0,0,0,0.085,0,0,0,0,0,0,0.0,0.0,0,0.0,0,0,0,0,0.0,0.0,0,0,0,0,0,0,0.0,0.0,0,0,0,0,0,0,0.0,0.0,1,0,0,0,0,0,1.0,0.07,0,1,0,0,0,0,1.0,2,2,2,1,0,0,7.0,8.0,0.53,1,0,0,0,0,0,1.0,0.07,6,10,8,2.5,0,0,26.5,1.77,1,0,2,2,0,0,0.33,75,3.0185,26.278979406812585,9.0,3.0185,92.0
N. Glover,Oregon,OPP,3,4,5,0,0,0,12.0,11,7,10,0,0,0,28.0,2.33,2,4,9,0,0,0,15.0,1.25,21,21,33,0,0,0,75.0,6.25,0.429,0.143,0.03,0,0,0,0.05,0,0,0,0,0,0,0.0,0.0,0,0.0,0,0,0,0,0.0,0.0,0,0,0,0,0,0,0.0,0.0,0,0,1,0,0,0,1.0,0.08,1,2,2,0,0,0,5.0,0.42,0,0,1,0,0,0,1.0,2,1,2,0,0,0,5.0,6.0,0.5,0,0,0,0,0,0,0.0,0.0,12,7.5,12,0,0,0,31.5,2.63,2,4,10,0,0,0,1.33,103,4.749,41.22091266243578,6.0,4.749,56.0
J. Liff,Missouri,OPP,3,4,4,0,0,0,11.0,11,16,20,0,0,0,47.0,4.27,3,9,5,0,0,0,17.0,1.55,23,35,44,0,0,0,102.0,9.27,0.348,0.2,0.341,0,0,0,0.081,2,0,1,0,0,0,3.0,0.27,1,4.0,2,0,0,0,7.0,0.64,2,2,2,0,0,0,6.0,0.55,0,0,0,0,0,0,0.0,0.0,6,10,9,0,0,0,25.0,2.27,0,0,0,0,0,0,0.0,0,2,1,0,0,0,3.0,3.0,0.27,0,0,0,0,0,0,0.0,0.0,12,21,22.5,0,0,0,55.5,5.05,5,11,7,0,0,0,2.09,113,8.5805,74.3038466519881,3.0,8.5805,25.0
M. Isenberg,Missouri,OPP,0,4,4,0,0,0,8.0,0,0,5,0,0,0,5.0,0.63,0,0,0,0,0,0,0.0,0.0,0,0,9,0,0,0,9.0,1.13,0,0,0.556,0,0,0,0.069,0,0,0,0,0,0,0.0,0.0,0,0.0,0,0,0,0,0.0,0.0,0,0,0,0,0,0,0.0,0.0,0,0,0,0,0,0,0.0,0.0,0,0,0,0,0,0,0.0,0.0,0,0,2,0,0,0,2.0,0,0,1,0,0,0,1.0,3.0,0.38,0,0,0,0,0,0,0.0,0.0,0,0,7.5,0,0,0,7.5,0.94,0,0,0,0,0,0,0.0,114,1.3855,12.178906013901479,11.0,1.3855,134.0
C. Morrissey,Missouri,OPP,0,0,4,0,0,0,4.0,0,0,0,0,0,0,0.0,0.0,0,0,0,0,0,0,0.0,0.0,0,0,0,0,0,0,0.0,0.0,0,0,0,0,0,0,0.0,0,0,0,0,0,0,0.0,0.0,0,0.0,0,0,0,0,0.0,0.0,0,0,1,0,0,0,1.0,0.25,0,0,0,0,0,0,0.0,0.0,0,0,1,0,0,0,1.0,0.25,0,0,0,0,0,0,0.0,0,0,0,0,0,0,0.0,0.0,0.0,0,0,0,0,0,0,0.0,0.0,0,0,0,0,0,0,0.0,0.0,0,0,1,0,0,0,0.25,118,-0.02500000000000001,0.0,16.0,-0.02500000000000001,200.0
N. Franco,Missouri,OPP,3,4,0,0,0,0,7.0,0,3,0,0,0,0,3.0,0.43,0,1,0,0,0,0,1.0,0.14,2,4,0,0,0,0,6.0,0.86,0,0.5,0,0,0,0,0.071,0,0,0,0,0,0,0.0,0.0,0,0.0,0,0,0,0,0.0,0.0,0,0,0,0,0,0,0.0,0.0,0,0,0,0,0,0,0.0,0.0,0,1,0,0,0,0,1.0,0.14,0,0,0,0,0,0,0.0,1,0,0,0,0,0,1.0,1.0,0.14,0,0,0,0,0,0,0.0,0.0,0.5,3,0,0,0,0,3.5,0.5,0,1,0,0,0,0,0.14,123,0.8725,7.749427967016363,12.0,0.8725,154.0
E. Foti,Marquette,OPP,3,5,4,0,0,0,12.0,8,10,5,0,0,0,23.0,1.92,4,8,2,0,0,0,14.0,1.17,23,35,20,0,0,0,78.0,6.5,0.174,0.057,0.15,0,0,0,0.032,0,2,4,0,0,0,6.0,0.5,3,1.0,0,0,0,0,4.0,0.33,3,1,2,0,0,0,6.0,0.5,0,1,0,0,0,0,1.0,0.08,3,9,2,0,0,0,14.0,1.17,0,0,0,0,0,0,0.0,2,3,1,0,0,0,6.0,6.0,0.5,0,0,1,0,0,0,1.0,0.08,12,12.5,5.5,0,0,0,30.0,2.5,7,10,5,0,0,0,1.83,126,4.7940000000000005,41.609463368302904,5.0,4.7940000000000005,55.0
S. Ifill,Marquette,OPP,0,5,4,0,0,0,9.0,0,0,0,0,0,0,0.0,0.0,0,0,0,0,0,0,0.0,0.0,0,0,0,0,0,0,0.0,0.0,0,0,0,0,0,0,0.0,0,0,0,0,0,0,0.0,0.0,0,0.0,0,0,0,0,0.0,0.0,0,0,0,0,0,0,0.0,0.0,0,0,0,0,0,0,0.0,0.0,0,0,0,0,0,0,0.0,0.0,0,0,0,0,0,0,0.0,0,0,0,0,0,0,0.0,0.0,0.0,0,0,0,0,0,0,0.0,0.0,0,0,0,0,0,0,0.0,0.0,0,0,0,0,0,0,0.0,131,0.0,0.21586150325950876,13.0,0.0,190.0
R. Rutherford,Texas,OPP,3,3,4,0,0,0,10.0,7,7,5,0,0,0,19.0,1.9,0,4,4,0,0,0,8.0,0.8,11,16,12,0,0,0,39.0,3.9,0.636,0.188,0.083,0,0,0,0.091,0,0,0,0,0,0,0.0,0.0,0,0.0,0,0,0,0,0.0,0.0,0,0,0,0,0,0,0.0,0.0,0,0,0,0,0,0,0.0,0.0,0,2,1,0,0,0,3.0,0.3,0,0,0,0,0,0,0.0,4,2,0,0,0,0,6.0,6.0,0.6,0,0,0,0,0,0,0.0,0.0,9,8,5,0,0,0,22.0,2.2,0,4,4,0,0,0,0.8,139,3.6055,31.347407503345853,8.0,3.6055,77.0
L. Lednicky,Texas A&M,OPP,4,4,5,0,0,0,13.0,23,27,23,0,0,0,73.0,5.62,8,3,7,0,0,0,18.0,1.38,54,48,59,0,0,0,161.0,12.38,0.278,0.5,0.271,0,0,0,0.081,1,0,0,0,0,0,1.0,0.08,0,0.0,0,0,0,0,0.0,0.0,0,0,0,0,0,0,0.0,0.0,0,0,0,0,0,0,0.0,0.0,5,11,18,0,0,0,34.0,2.62,1,0,0,0,0,0,1.0,2,6,7,0,0,0,15.0,16.0,1.23,0,0,0,0,0,0,0.0,0.0,25,30,26.5,0,0,0,81.5,6.27,8,3,7,0,0,0,1.38,151,11.5565,100.0,1.0,11.5565,3.0
I. Lopuyo,Texas A&M,OPP,0,4,0,0,0,0,4.0,0,0,0,0,0,0,0.0,0.0,0,0,0,0,0,0,0.0,0.0,0,0,0,0,0,0,0.0,0.0,0,0,0,0,0,0,0.0,0,0,0,0,0,0,0.0,0.0,0,0.0,0,0,0,0,0.0,0.0,0,0,0,0,0,0,0.0,0.0,0,0,0,0,0,0,0.0,0.0,0,0,0,0,0,0,0.0,0.0,0,0,0,0,0,0,0.0,0,0,0,0,0,0,0.0,0.0,0.0,0,0,0,0,0,0,0.0,0.0,0,0,0,0,0,0,0.0,0.0,0,0,0,0,0,0,0.0,159,0.0,0.21586150325950876,13.0,0.0,190.0
M. Baese,A&M,OPP,3,0,0,0,0,0,3.0,0,0,0,0,0,0,0.0,0.0,0,0,0,0,0,0,0.0,0.0,0,0,0,0,0,0,0.0,0.0,0,0,0,0,0,0,0.0,0,0,0,0,0,0,0.0,0.0,0,0.0,0,0,0,0,0.0,0.0,0,0,0,0,0,0,0.0,0.0,0,0,0,0,0,0,0.0,0.0,0,0,0,0,0,0,0.0,0.0,0,0,0,0,0,0,0.0,0,0,0,0,0,0,0.0,0.0,0.0,0,0,0,0,0,0,0.0,0.0,0,0,0,0,0,0,0.0,0.0,0,0,0,0,0,0,0.0,200,0.0,0.21586150325950876,13.0,0.0,190.0
M. Mendelson,Penn St.,MB,3,4,4,5,5,4,25.0,4,4,5,1,1,6,21.0,0.84,0,2,2,3,1,1,9.0,0.36,8,16,17,9,4,14,68.0,2.72,0.5,0.125,0.176,-0.222,0,0.357,0.037,0,2,2,0,1,1,6.0,0.24,0,0.0,0,0,0,0,0.0,0.0,0,0,0,0,0,0,0.0,0.0,0,0,0,0,0,0,0.0,0.0,0,1,2,0,1,1,5.0,0.2,0,0,1,0,0,1,2.0,2,6,2,1,0,5,16.0,18.0,0.72,0,1,0,0,0,0,1.0,0.04,5,7,7,1.5,1,9.5,31.0,1.24,0,3,2,3,1,1,0.4,3,1.9668,28.80400751408892,34.0,1.9668,122.0
T. Trammell,Penn St.,MB,3,4,4,5,5,4,25.0,3,8,9,8,5,8,41.0,1.64,1,0,1,1,2,1,6.0,0.24,7,9,17,12,13,15,73.0,2.92,0.286,0.889,0.471,0.583,0.231,0.467,0.117,0,0,2,0,0,0,2.0,0.08,0,0.0,0,0,0,0,0.0,0.0,0,0,0,0,0,0,0.0,0.0,0,0,0,0,0,0,0.0,0.0,0,1,0,0,1,0,2.0,0.08,0,2,0,1,1,0,4.0,2,4,4,4,4,3,21.0,25.0,1.0,0,0,0,0,1,0,1.0,0.04,4,12,11,11,8,9.5,55.5,2.22,1,0,1,1,3,1,0.28,7,2.9068,42.1813627824899,23.0,2.9068,98.0
J. Hopp,Penn St.,MB,3,0,0,5,5,0,13.0,1,0,0,1,1,0,3.0,0.23,1,0,0,0,1,0,2.0,0.15,4,0,0,2,4,0,10.0,0.77,0,0,0,0.5,0,0,0.038,0,0,0,0,0,0,0.0,0.0,0,0.0,0,0,0,0,0.0,0.0,0,0,0,0,0,0,0.0,0.0,0,0,0,0,0,0,0.0,0.0,0,0,0,1,0,0,1.0,0.08,0,0,0,0,1,0,1.0,1,0,0,4,3,0,8.0,9.0,0.69,0,0,0,0,0,0,0.0,0.0,1.5,0,0,3,3.5,0,8.0,0.62,1,0,0,0,1,0,0.15,12,0.9022,13.653441111174363,42.0,0.9022,152.0
C. Burke,Penn St.,MB,3,0,0,0,0,0,3.0,0,0,0,0,0,0,0.0,0.0,0,0,0,0,0,0,0.0,0.0,0,0,0,0,0,0,0.0,0.0,0,0,0,0,0,0,0.0,0,0,0,0,0,0,0.0,0.0,0,0.0,0,0,0,0,0.0,0.0,0,0,0,0,0,0,0.0,0.0,0,0,0,0,0,0,0.0,0.0,0,0,0,0,0,0,0.0,0.0,0,0,0,0,0,0,0.0,0,0,0,0,0,0,0.0,0.0,0.0,0,0,0,0,0,0,0.0,0.0,0,0,0,0,0,0,0.0,0.0,0,0,0,0,0,0,0.0,14,0.0,0.8140262993112086,48.0,0.0,190.0
C. Cresse,Louisville,MB,3,5,3,4,4,4,23.0,2,7,6,8,9,4,36.0,1.57,0,3,1,2,2,2,10.0,0.43,2,19,10,12,16,13,72.0,3.13,1,0.211,0.5,0.5,0.438,0.154,0.122,0,0,0,0,0,1,1.0,0.04,0,0.0,0,0,0,0,0.0,0.0,0,0,0,0,0,0,0.0,0.0,0,0,0,0,0,0,0.0,0.0,0,1,0,0,0,0,1.0,0.04,0,3,0,0,2,0,5.0,1,11,2,6,4,7,31.0,36.0,1.57,0,0,0,1,0,0,1.0,0.04,2.5,15.5,7,11,13,7.5,56.5,2.46,0,3,1,3,2,2,0.48,16,3.2528,47.10536801958218,19.0,3.2528,88.0
P. P. Kong,Louisville,MB,3,5,3,4,4,4,23.0,3,2,4,6,7,1,23.0,1.0,1,2,2,3,0,2,10.0,0.43,4,8,8,12,9,6,47.0,2.04,0.5,0,0.25,0.25,0.778,-0.167,0.07,0,0,0,0,0,0,0.0,0.0,0,0.0,0,0,0,0,0.0,0.0,0,0,0,0,0,0,0.0,0.0,0,0,0,0,0,0,0.0,0.0,0,0,1,1,0,0,2.0,0.09,1,0,1,1,1,0,4.0,0,6,2,6,3,1,18.0,22.0,0.96,0,0,0,0,1,1,2.0,0.09,4,5,6,10,9.5,1.5,36.0,1.57,1,2,2,3,1,3,0.52,18,2.0100000000000002,29.41879660727501,33.0,2.0100000000000002,120.0
H. Sherman,Louisville,MB,3,5,0,0,0,4,12.0,3,0,0,0,0,1,4.0,0.33,2,0,0,0,0,0,2.0,0.17,6,1,0,0,0,5,12.0,1.0,0.167,0,0,0,0,0.2,0.031,1,0,0,0,0,0,1.0,0.08,0,0.0,0,0,0,0,0.0,0.0,0,0,0,0,0,1,1.0,0.08,0,0,0,0,0,0,0.0,0.0,0,1,0,0,0,1,2.0,0.17,0,0,0,0,0,0,0.0,7,4,0,0,0,4,15.0,15.0,1.25,0,1,0,0,0,1,2.0,0.17,6.5,2,0,0,0,3,11.5,0.96,2,1,0,0,0,2,0.42,26,1.3694000000000002,20.30227130414983,39.0,1.3694000000000002,135.0
R. Jones,Pittsburgh,MB,3,3,5,3,4,0,18.0,3,2,3,2,2,0,12.0,0.67,1,0,0,0,1,0,2.0,0.11,8,5,8,3,4,0,28.0,1.56,0.25,0.4,0.375,0.667,0.25,0,0.108,0,1,0,1,1,0,3.0,0.17,0,0.0,0,0,0,0,0.0,0.0,0,0,0,0,0,0,0.0,0.0,0,0,0,0,0,0,0.0,0.0,0,1,0,0,2,0,3.0,0.17,1,1,0,0,0,0,2.0,2,3,2,1,2,0,10.0,12.0,0.67,0,0,0,1,0,0,1.0,0.06,5,4.5,4,2.5,3,0,19.0,1.06,1,0,0,1,1,0,0.17,32,1.5382,22.704502760858432,38.0,1.5382,131.0
B. Kelley,Pittsburgh,MB,0,3,5,3,4,0,15.0,0,6,12,8,7,0,33.0,2.2,0,0,2,1,2,0,5.0,0.33,,11,25,14,16,0,66.0,4.4,0,0.545,0.4,0.5,0.313,0,0.117,,0,0,0,0,0,0.0,0.0,,0.0,0,0,0,0,0.0,0.0,0,0,0,0,0,0,0.0,0.0,0,0,0,0,0,0,0.0,0.0,0,2,0,1,1,0,4.0,0.27,0,0,2,0,0,0,2.0,0,5,6,5,1,0,17.0,19.0,1.27,0,1,1,0,0,0,2.0,0.13,0,8.5,17,10.5,7.5,0,43.5,2.9,0,1,3,1,2,0,0.47,33,3.9548000000000005,57.095690783856114,10.0,3.9548000000000005,72.0
D. Virlan,Pittsburgh,MB,3,0,0,0,0,0,3.0,1,0,0,0,0,0,1.0,0.33,0,0,0,0,0,0,0.0,0.0,3,0,0,0,0,0,3.0,1.0,0.333,0,0,0,0,0,0.111,0,0,0,0,0,0,0.0,0.0,0,0.0,0,0,0,0,0.0,0.0,0,0,0,0,0,0,0.0,0.0,0,0,0,0,0,0,0.0,0.0,0,0,0,0,0,0,0.0,0.0,0,0,0,0,0,0,0.0,2,0,0,0,0,0,2.0,2.0,0.67,0,0,0,0,0,0,0.0,0.0,2,0,0,0,0,0,2.0,0.67,0,0,0,0,0,0,0.0,41,1.0794000000000001,16.17521489155804,41.0,1.0794000000000001,147.0
B. Garibaldi,Pittsburgh,MB,3,0,0,0,0,0,3.0,2,0,0,0,0,0,2.0,0.67,0,0,0,0,0,0,0.0,0.0,2,0,0,0,0,0,2.0,0.67,1,0,0,0,0,0,0.333,0,0,0,0,0,0,0.0,0.0,0,0.0,0,0,0,0,0.0,0.0,0,0,0,0,0,0,0.0,0.0,0,0,0,0,0,0,0.0,0.0,0,0,0,0,0,0,0.0,0.0,0,0,0,0,0,0,0.0,3,0,0,0,0,0,3.0,3.0,1.0,0,0,0,0,0,0,0.0,0.0,3.5,0,0,0,0,0,3.5,1.17,0,0,0,0,0,0,0.0,43,1.5702,23.15990208914442,36.0,1.5702,129.0
R. Allick,Nebraska,MB,3,3,4,3,5,0,18.0,3,6,10,5,8,0,32.0,1.78,0,2,3,1,2,0,8.0,0.44,3,9,19,9,17,0,57.0,3.17,1,0.444,0.368,0.444,0.353,0,0.145,0,0,0,0,1,0,1.0,0.06,0,0.0,0,0,0,0,0.0,0.0,0,0,0,0,0,0,0.0,0.0,0,0,0,0,0,0,0.0,0.0,0,0,0,0,1,0,1.0,0.06,0,0,0,2,2,0,4.0,1,7,4,2,8,0,22.0,26.0,1.44,0,0,2,0,0,0,2.0,0.11,3.5,9.5,12,8,14,0,47.0,2.61,0,2,5,1,2,0,0.56,44,3.335,48.275175044116814,16.0,3.335,84.0
A. Jackson,Nebraska,MB,3,3,4,3,5,0,18.0,6,6,8,9,19,0,48.0,2.67,1,4,4,1,2,0,12.0,0.67,11,15,18,15,27,0,86.0,4.78,0.455,0.133,0.222,0.533,0.63,0,0.11,0,0,0,0,0,0,0.0,0.0,0,0.0,0,0,0,0,0.0,0.0,0,0,0,0,0,0,0.0,0.0,0,0,0,0,0,0,0.0,0.0,0,1,0,1,0,0,2.0,0.11,0,0,0,0,0,0,0.0,3,3,7,3,5,0,21.0,21.0,1.17,0,0,1,0,0,0,1.0,0.06,7.5,7.5,11.5,10.5,21.5,0,58.5,3.25,1,4,5,1,2,0,0.72,46,4.236999999999999,61.11174361017817,6.0,4.236999999999999,63.0
H. Murray,Nebraska,MB,3,3,4,3,5,0,18.0,12,9,22,9,20,0,72.0,4.0,1,2,8,4,10,0,25.0,1.39,25,17,44,29,58,0,173.0,9.61,0.44,0.412,0.318,0.172,0.172,0,0.084,0,3,1,0,1,0,5.0,0.28,0,2.0,4,0,3,0,9.0,0.5,1,2,1,0,3,0,7.0,0.39,0,0,0,0,4,0,4.0,0.22,4,12,16,8,15,0,55.0,3.06,0,0,0,0,0,0,0.0,1,2,4,1,6,0,14.0,14.0,0.78,0,1,0,0,1,0,2.0,0.11,12.5,12,28,9.5,26,0,88.0,4.89,2,5,9,4,18,0,2.11,48,6.969599999999999,100.0,1.0,6.969599999999999,39.0
L. Blackwell,Nebraska,MB,3,0,0,0,0,0,3.0,4,0,0,0,0,0,4.0,1.33,2,0,0,0,0,0,2.0,0.67,10,0,0,0,0,0,10.0,3.33,0.2,0,0,0,0,0,0.067,1,0,0,0,0,0,1.0,0.33,0,0.0,0,0,0,0,0.0,0.0,0,0,0,0,0,0,0.0,0.0,0,0,0,0,0,0,0.0,0.0,0,0,0,0,0,0,0.0,0.0,0,0,0,0,0,0,0.0,1,0,0,0,0,0,1.0,1.0,0.33,0,0,0,0,0,0,0.0,0.0,4.5,0,0,0,0,0,4.5,1.5,2,0,0,0,0,0,0.67,54,2.1548000000000003,31.47947856776912,31.0,2.1548000000000003,115.0
L. Andrew,Stanford,MB,3,3,4,4,0,0,14.0,4,3,10,4,0,0,21.0,1.5,3,0,1,1,0,0,5.0,0.36,10,7,15,10,0,0,42.0,3.0,0.1,0.429,0.6,0.3,0,0,0.102,0,0,0,0,0,0,0.0,0.0,0,0.0,0,0,0,0,0.0,0.0,0,0,0,0,0,0,0.0,0.0,1,0,0,0,0,0,1.0,0.07,0,0,0,0,0,0,0.0,0.0,0,0,0,0,0,0,0.0,2,1,2,3,0,0,8.0,8.0,0.57,0,0,0,1,0,0,1.0,0.07,5,3.5,11,5.5,0,0,25.0,1.79,4,0,1,2,0,0,0.5,56,2.3918,34.852279842887235,29.0,2.3918,111.0
S. Francis,Stanford,MB,3,3,4,4,0,0,14.0,4,6,17,10,0,0,37.0,2.64,0,1,2,5,0,0,8.0,0.57,8,11,36,25,0,0,80.0,5.71,0.5,0.455,0.417,0.2,0,0,0.112,0,0,1,0,0,0,1.0,0.07,0,0.0,0,0,0,0,0.0,0.0,0,0,0,0,0,0,0.0,0.0,0,0,0,0,0,0,0.0,0.0,0,0,1,0,0,0,1.0,0.07,0,0,1,1,0,0,2.0,3,3,3,4,0,0,13.0,15.0,1.07,0,0,0,1,0,0,1.0,0.07,5.5,7.5,19.5,13,0,0,45.5,3.25,0,1,2,6,0,0,0.64,57,4.4778,64.53862355553028,4.0,4.4778,58.0
C. Booth,Wisconsin,MB,3,4,5,3,0,0,15.0,6,10,14,6,0,0,36.0,2.4,2,4,2,2,0,0,10.0,0.67,10,20,27,14,0,0,71.0,4.73,0.4,0.3,0.444,0.286,0,0,0.095,1,0,1,1,0,0,3.0,0.2,0,0.0,0,0,0,0,0.0,0.0,0,0,0,0,0,0,0.0,0.0,0,0,0,0,0,0,0.0,0.0,1,2,1,0,0,0,4.0,0.27,0,0,0,0,0,0,0.0,5,8,9,3,0,0,25.0,25.0,1.67,0,1,0,0,0,0,1.0,0.07,8.5,14,18.5,7.5,0,0,48.5,3.23,2,5,2,2,0,0,0.73,68,4.398999999999999,63.417202709626,5.0,4.398999999999999,61.0
C. Crawford,Wisconsin,MB,3,4,5,3,0,0,15.0,3,2,4,1,0,0,10.0,0.67,1,1,2,2,0,0,6.0,0.4,7,4,8,5,0,0,24.0,1.6,0.286,0.25,0.25,-0.2,0,0,0.039,0,0,0,0,0,0,0.0,0.0,1,0.0,0,0,0,0,1.0,0.07,0,0,0,1,0,0,1.0,0.07,0,0,0,0,0,0,0.0,0.0,1,0,7,0,0,0,8.0,0.53,0,0,0,1,0,0,1.0,2,2,2,4,0,0,10.0,11.0,0.73,0,0,0,0,0,0,0.0,0.0,5,3,5,4,0,0,17.0,1.13,1,1,2,3,0,0,0.47,69,1.5595999999999999,23.009051061649686,37.0,1.5595999999999999,130.0
A. Smrek,Wisconsin,MB,3,4,5,3,0,0,15.0,14,13,10,7,0,0,44.0,2.93,1,2,5,2,0,0,10.0,0.67,19,40,30,18,0,0,107.0,7.13,0.684,0.275,0.167,0.278,0,0,0.094,0,2,1,1,0,0,4.0,0.27,0,0.0,0,0,0,0,0.0,0.0,0,0,0,0,0,0,0.0,0.0,0,0,0,0,0,0,0.0,0.0,0,2,5,5,0,0,12.0,0.8,0,1,0,0,0,0,1.0,5,8,9,3,0,0,25.0,26.0,1.73,0,0,1,0,0,0,1.0,0.07,16.5,18,14.5,8.5,0,0,57.5,3.83,1,2,6,2,0,0,0.73,73,5.7136,82.12557636477487,2.0,5.7136,47.0
B. Bultema,Kentucky,MB,3,4,4,3,0,0,14.0,4,8,10,6,0,0,28.0,2.0,2,5,3,2,0,0,12.0,0.86,8,20,16,15,0,0,59.0,4.21,0.25,0.15,0.438,0.267,0,0,0.079,0,0,0,1,0,0,1.0,0.07,0,0.0,0,0,0,0,0.0,0.0,0,0,0,0,0,0,0.0,0.0,0,0,0,0,0,0,0.0,0.0,1,1,1,0,0,0,3.0,0.21,0,1,0,1,0,0,2.0,1,6,2,1,0,0,10.0,12.0,0.86,0,0,0,0,0,0,0.0,0.0,4.5,12,11,7.5,0,0,35.0,2.5,2,5,3,2,0,0,0.86,79,3.3156,47.99908920134343,18.0,3.3156,87.0
J. Dailey,Kentucky,MB,3,4,4,3,0,0,14.0,7,9,5,3,0,0,24.0,1.71,0,0,3,3,0,0,6.0,0.43,13,16,15,14,0,0,58.0,4.14,0.538,0.563,0.133,0,0,0,0.088,0,0,0,0,0,0,0.0,0.0,0,0.0,0,0,0,0,0.0,0.0,0,0,0,0,0,0,0.0,0.0,0,0,0,0,0,0,0.0,0.0,3,0,2,0,0,0,5.0,0.36,0,0,2,0,0,0,2.0,4,4,1,4,0,0,13.0,15.0,1.07,1,0,0,1,0,0,2.0,0.14,9,11,7.5,5,0,0,32.5,2.32,1,0,3,4,0,0,0.57,80,3.3251999999999997,48.13570899982923,17.0,3.3251999999999997,85.0
K. Washington,Kentucky,MB,3,0,0,0,0,0,3.0,0,0,0,0,0,0,0.0,0.0,0,0,0,0,0,0,0.0,0.0,1,0,0,0,0,0,1.0,0.33,0,0,0,0,0,0,0.0,0,0,0,0,0,0,0.0,0.0,0,0.0,0,0,0,0,0.0,0.0,0,0,0,0,0,0,0.0,0.0,0,0,0,0,0,0,0.0,0.0,0,0,0,0,0,0,0.0,0.0,0,0,0,0,0,0,0.0,0,0,0,0,0,0,0.0,0.0,0.0,0,0,0,0,0,0,0.0,0.0,0,0,0,0,0,0,0.0,0.0,0,0,0,0,0,0,0.0,88,0.099,2.222917971195993,47.0,0.099,185.0
E. Goetzinger,Creighton,MB,3,3,4,5,0,0,15.0,9,12,7,8,0,0,36.0,2.4,1,2,2,4,0,0,9.0,0.6,14,18,15,17,0,0,64.0,4.27,0.571,0.556,0.333,0.235,0,0,0.113,2,2,1,0,0,0,5.0,0.33,0,0.0,0,0,0,0,0.0,0.0,0,0,0,0,0,0,0.0,0.0,0,0,0,0,0,0,0.0,0.0,0,0,1,1,0,0,2.0,0.13,0,0,0,0,0,0,0.0,4,3,3,4,0,0,14.0,14.0,0.93,0,0,0,0,0,0,0.0,0.0,11,13.5,8.5,10,0,0,43.0,2.87,1,2,2,4,0,0,0.6,90,3.778199999999999,54.582455740877776,12.0,3.778199999999999,75.0
K. Reinhardt,Creighton,MB,3,3,4,5,0,0,15.0,6,2,9,3,0,0,20.0,1.33,0,2,2,2,0,0,6.0,0.4,8,8,16,11,0,0,43.0,2.87,0.75,0,0.438,0.091,0,0,0.085,1,0,2,1,0,0,4.0,0.27,0,0.0,0,0,0,0,0.0,0.0,0,0,0,0,0,0,0.0,0.0,0,0,0,1,0,0,1.0,0.07,0,0,0,1,0,0,1.0,0.07,0,0,1,1,0,0,2.0,2,4,7,4,0,0,17.0,19.0,1.27,0,1,0,2,0,0,3.0,0.2,7,4,13.5,6,0,0,30.5,2.03,0,3,2,5,0,0,0.67,92,2.7139999999999995,39.437581829566795,24.0,2.7139999999999995,104.0
J. Johnson,Creighton,MB,3,3,4,5,0,0,15.0,2,4,9,8,0,0,23.0,1.53,3,1,1,2,0,0,7.0,0.47,8,8,12,23,0,0,51.0,3.4,-0.125,0.375,0.667,0.261,0,0,0.079,0,0,0,0,0,0,0.0,0.0,0,0.0,0,0,0,0,0.0,0.0,0,0,0,0,0,0,0.0,0.0,0,0,0,0,0,0,0.0,0.0,0,3,2,3,0,0,8.0,0.53,0,0,0,0,0,0,0.0,0,3,4,1,0,0,8.0,8.0,0.53,0,0,1,0,0,0,1.0,0.07,2,5.5,11,8.5,0,0,27.0,1.8,3,1,2,2,0,0,0.53,97,2.5956000000000006,37.75260431490865,25.0,2.5956000000000006,107.0
A. Milner,Creighton,MB,3,0,0,0,0,0,3.0,0,0,0,0,0,0,0.0,0.0,1,0,0,0,0,0,1.0,0.33,3,0,0,0,0,0,3.0,1.0,-0.333,0,0,0,0,0,-0.111,0,0,0,0,0,0,0.0,0.0,0,0.0,0,0,0,0,0.0,0.0,0,0,0,0,0,0,0.0,0.0,0,0,0,0,0,0,0.0,0.0,0,0,0,0,0,0,0.0,0.0,0,0,0,0,0,0,0.0,0,0,0,0,0,0,0.0,0.0,0.0,0,0,0,0,0,0,0.0,0.0,0,0,0,0,0,0,0.0,0.0,1,0,0,0,0,0,0.33,99,0.1566,3.042636762110776,46.0,0.1566,179.0
C. Neal,Oregon,MB,3,4,5,0,0,0,12.0,3,5,5,0,0,0,13.0,1.08,4,0,1,0,0,0,5.0,0.42,10,8,14,0,0,0,32.0,2.67,-0.1,0.625,0.286,0,0,0,0.068,0,0,1,0,0,0,1.0,0.08,0,0.0,0,0,0,0,0.0,0.0,0,0,0,0,0,0,0.0,0.0,0,0,0,0,0,0,0.0,0.0,2,2,2,0,0,0,6.0,0.5,0,1,0,0,0,0,1.0,5,2,6,0,0,0,13.0,14.0,1.17,0,0,0,0,0,0,0.0,0.0,5.5,7,8,0,0,0,20.5,1.71,4,0,1,0,0,0,0.42,104,2.5112000000000005,36.55148858655435,27.0,2.5112000000000005,109.0
O. Ofoegbu,Oregon,MB,3,4,5,0,0,0,12.0,12,8,13,0,0,0,33.0,2.75,0,4,4,0,0,0,8.0,0.67,16,15,25,0,0,0,56.0,4.67,0.75,0.267,0.36,0,0,0,0.115,0,1,0,0,0,0,1.0,0.08,0,0.0,0,0,0,0,0.0,0.0,0,0,0,0,0,0,0.0,0.0,0,0,0,0,0,0,0.0,0.0,3,2,0,0,0,0,5.0,0.42,0,0,0,0,0,0,0.0,0,2,4,0,0,0,6.0,6.0,0.5,1,0,0,0,0,0,1.0,0.08,12,9,15,0,0,0,36.0,3.0,1,4,4,0,0,0,0.75,105,3.8640000000000003,55.80349518984461,11.0,3.8640000000000003,73.0
M. Tvrdy,Oregon,MB,3,4,0,0,0,0,7.0,0,0,0,0,0,0,0.0,0.0,0,2,0,0,0,0,2.0,0.29,0,2,0,0,0,0,2.0,0.29,0,-1,0,0,0,0,-0.143,0,0,0,0,0,0,0.0,0.0,0,0.0,0,0,0,0,0.0,0.0,0,0,0,0,0,0,0.0,0.0,0,0,0,0,0,0,0.0,0.0,0,0,0,0,0,0,0.0,0.0,0,0,0,0,0,0,0.0,0,0,0,0,0,0,0.0,0.0,0.0,0,0,0,0,0,0,0.0,0.0,0,0,0,0,0,0,0.0,0.0,0,2,0,0,0,0,0.29,110,-0.0572,0.0,51.0,-0.0572,202.0
C. Finney,Missouri,MB,3,4,4,0,0,0,11.0,7,4,6,0,0,0,17.0,1.55,1,0,0,0,0,0,1.0,0.09,11,8,11,0,0,0,30.0,2.73,0.545,0.5,0.545,0,0,0,0.145,0,0,2,0,0,0,2.0,0.18,0,0.0,0,0,0,0,0.0,0.0,0,0,0,0,0,0,0.0,0.0,0,0,0,0,0,0,0.0,0.0,0,1,1,0,0,0,2.0,0.18,0,0,0,0,0,0,0.0,2,7,3,0,0,0,12.0,12.0,1.09,0,0,0,0,0,0,0.0,0.0,8,7.5,7.5,0,0,0,23.0,2.09,1,0,0,0,0,0,0.0,112,2.932,42.539989753515115,22.0,2.932,97.0
R. Haith,Missouri,MB,3,4,0,0,0,0,7.0,2,4,0,0,0,0,6.0,0.86,3,0,0,0,0,0,3.0,0.43,12,11,0,0,0,0,23.0,3.29,-0.083,0.364,0,0,0,0,0.04,0,0,0,0,0,0,0.0,0.0,0,0.0,0,0,0,0,0.0,0.0,2,3,0,0,0,0,5.0,0.71,0,0,0,0,0,0,0.0,0.0,2,1,0,0,0,0,3.0,0.43,0,0,0,0,0,0,0.0,3,4,0,0,0,0,7.0,7.0,1.0,0,0,0,0,0,0,0.0,0.0,3.5,6,0,0,0,0,9.5,1.36,5,3,0,0,0,0,1.14,121,2.1350000000000002,31.197700233392162,32.0,2.1350000000000002,118.0
H. Bray,Marquette,MB,3,5,4,0,0,0,12.0,9,9,6,0,0,0,24.0,2.0,3,6,3,0,0,0,12.0,1.0,16,25,19,0,0,0,60.0,5.0,0.375,0.12,0.158,0,0,0,0.054,0,0,0,0,0,0,0.0,0.0,1,0.0,0,0,0,0,1.0,0.08,1,1,2,0,0,0,4.0,0.33,0,0,0,0,0,0,0.0,0.0,0,0,2,0,0,0,2.0,0.17,1,0,2,0,0,0,3.0,2,3,2,0,0,0,7.0,10.0,0.83,1,0,1,0,0,0,2.0,0.17,12,10.5,9,0,0,0,31.5,2.63,5,7,6,0,0,0,1.5,125,3.3885999999999994,49.037968918995844,14.0,3.3885999999999994,81.0
C. Murray,Marquette,MB,3,5,4,0,0,0,12.0,3,6,7,0,0,0,16.0,1.33,1,0,0,0,0,0,1.0,0.08,7,15,17,0,0,0,39.0,3.25,0.286,0.4,0.412,0,0,0,0.091,0,0,1,0,0,0,1.0,0.08,0,0.0,0,0,0,0,0.0,0.0,0,0,0,0,0,0,0.0,0.0,0,0,0,0,0,0,0.0,0.0,0,1,1,0,0,0,2.0,0.17,0,0,0,0,0,0,0.0,2,4,2,0,0,0,8.0,8.0,0.67,0,0,0,0,0,0,0.0,0.0,4,8,8,0,0,0,20.0,1.67,1,0,0,0,0,0,0.08,128,2.5644,37.3085899698298,26.0,2.5644,108.0
M. Daugherty,Marquette,MB,3,5,0,0,0,0,8.0,0,0,0,0,0,0,0.0,0.0,0,1,0,0,0,0,1.0,0.13,0,1,0,0,0,0,1.0,0.13,0,-1,0,0,0,0,-0.125,0,0,0,0,0,0,0.0,0.0,0,0.0,0,0,0,0,0.0,0.0,0,0,0,0,0,0,0.0,0.0,0,0,0,0,0,0,0.0,0.0,0,0,0,0,0,0,0.0,0.0,0,0,0,0,0,0,0.0,0,0,0,0,0,0,0.0,0.0,0.0,0,0,0,0,0,0,0.0,0.0,0,0,0,0,0,0,0.0,0.0,0,1,0,0,0,0,0.13,135,-0.05,0.10246484886434791,50.0,-0.05,201.0
A. Ames,Texas,MB,3,3,4,0,0,0,10.0,8,2,8,0,0,0,18.0,1.8,3,1,1,0,0,0,5.0,0.5,20,11,13,0,0,0,44.0,4.4,0.25,0.091,0.538,0,0,0,0.088,1,1,0,0,0,0,2.0,0.2,0,0.0,0,0,0,0,0.0,0.0,0,0,0,0,0,0,0.0,0.0,0,0,0,0,0,0,0.0,0.0,1,0,0,0,0,0,1.0,0.1,0,1,0,0,0,0,1.0,5,6,2,0,0,0,13.0,14.0,1.4,0,0,0,0,0,0,0.0,0.0,10.5,6,9,0,0,0,25.5,2.55,3,1,1,0,0,0,0.5,137,3.6852,53.258951443046634,13.0,3.6852,76.0
M. Singletary,Texas,MB,3,3,4,0,0,0,10.0,10,6,11,0,0,0,27.0,2.7,2,3,2,0,0,0,7.0,0.7,16,14,23,0,0,0,53.0,5.3,0.5,0.214,0.391,0,0,0,0.111,0,0,1,0,0,0,1.0,0.1,0,0.0,0,0,0,0,0.0,0.0,0,0,0,0,0,0,0.0,0.0,0,0,1,0,0,0,1.0,0.1,0,1,1,0,0,0,2.0,0.2,0,0,0,0,0,0,0.0,3,3,0,0,0,0,6.0,6.0,0.6,0,0,1,0,0,0,1.0,0.1,11.5,7.5,11,0,0,0,30.0,3.0,2,3,4,0,0,0,0.9,140,3.9944,57.65924745261003,9.0,3.9944,70.0
I. Cosokpalla,Texas A&M,MB,4,4,5,0,0,0,13.0,6,6,8,0,0,0,20.0,1.54,1,2,1,0,0,0,4.0,0.31,14,15,18,0,0,0,47.0,3.62,0.357,0.267,0.389,0,0,0,0.078,0,0,0,0,0,0,0.0,0.0,0,0.0,0,0,0,0,0.0,0.0,0,0,0,0,0,0,0.0,0.0,0,0,0,0,0,0,0.0,0.0,3,1,5,0,0,0,9.0,0.69,0,0,3,0,0,0,3.0,2,6,7,0,0,0,15.0,18.0,1.38,1,0,1,0,0,0,2.0,0.15,7,9,14.5,0,0,0,30.5,2.35,2,2,2,0,0,0,0.46,149,3.3632,48.67649570216885,15.0,3.3632,82.0
M. Perkins,Texas A&M,MB,4,4,5,0,0,0,13.0,4,6,13,0,0,0,23.0,1.77,2,1,0,0,0,0,3.0,0.23,14,17,23,0,0,0,54.0,4.15,0.143,0.294,0.565,0,0,0,0.077,0,1,0,0,0,0,1.0,0.08,0,0.0,0,0,0,0,0.0,0.0,0,1,0,0,0,0,1.0,0.08,0,0,0,0,0,0,0.0,0.0,3,1,3,0,0,0,7.0,0.54,0,0,0,0,0,0,0.0,4,2,3,0,0,0,9.0,9.0,0.69,0,0,0,0,0,0,0.0,0.0,6,7,14.5,0,0,0,27.5,2.12,2,2,0,0,0,0,0.31,152,3.1997999999999998,46.3511128821085,20.0,3.1997999999999998,91.0
L. Sarkissian,Dayton,MB,4,5,4,0,0,0,13.0,8,17,8,0,0,0,33.0,2.54,2,2,3,0,0,0,7.0,0.54,16,30,22,0,0,0,68.0,5.23,0.375,0.5,0.227,0,0,0,0.085,0,0,0,0,0,0,0.0,0.0,1,1.0,0,0,0,0,2.0,0.15,1,1,2,0,0,0,4.0,0.31,0,0,0,0,0,0,0.0,0.0,3,3,3,0,0,0,9.0,0.69,0,2,0,0,0,0,2.0,2,2,3,0,0,0,7.0,9.0,0.69,0,0,0,0,0,0,0.0,0.0,10,21,9.5,0,0,0,40.5,3.12,3,3,5,0,0,0,0.85,162,4.125,59.517845961177215,7.0,4.125,64.0
A. Williams,Dayton,MB,4,5,4,0,0,0,13.0,2,3,0,0,0,0,5.0,0.38,1,1,1,0,0,0,3.0,0.23,7,9,1,0,0,0,17.0,1.31,0.143,0.222,-1,0,0,0,-0.049,0,0,0,0,0,0,0.0,0.0,0,0.0,0,0,0,0,0.0,0.0,0,0,0,0,0,0,0.0,0.0,0,0,0,0,0,0,0.0,0.0,2,5,0,0,0,0,7.0,0.54,0,0,0,0,0,0,0.0,1,1,1,0,0,0,3.0,3.0,0.23,1,0,0,0,0,0,1.0,0.08,2.5,3.5,0.5,0,0,0,6.5,0.5,2,1,1,0,0,0,0.31,163,0.8554000000000002,12.987419593556105,43.0,0.8554000000000002,155.0
A. Yates,Dayton,MB,4,5,4,0,0,0,13.0,3,1,5,0,0,0,9.0,0.69,0,2,1,0,0,0,3.0,0.23,6,8,14,0,0,0,28.0,2.15,0.5,-0.125,0.286,0,0,0,0.051,0,0,0,0,0,0,0.0,0.0,0,0.0,0,0,0,0,0.0,0.0,0,0,0,0,0,0,0.0,0.0,0,1,0,0,0,0,1.0,0.08,0,1,0,0,0,0,1.0,0.08,1,0,0,0,0,0,1.0,1,4,5,0,0,0,10.0,11.0,0.85,0,0,2,0,0,0,2.0,0.15,4.5,3,7.5,0,0,0,15.0,1.15,0,3,3,0,0,0,0.46,164,1.7043999999999997,25.069733022143794,35.0,1.7043999999999997,127.0
J. Auguste,Florida,MB,3,5,4,0,0,0,12.0,6,15,11,0,0,0,32.0,2.67,0,4,4,0,0,0,8.0,0.67,8,25,17,0,0,0,50.0,4.17,0.75,0.44,0.412,0,0,0,0.133,0,0,0,0,0,0,0.0,0.0,0,0.0,0,0,0,0,0.0,0.0,0,0,0,0,0,0,0.0,0.0,0,0,0,0,0,0,0.0,0.0,0,1,0,0,0,0,1.0,0.08,0,0,0,0,0,0,0.0,7,6,2,0,0,0,15.0,15.0,1.25,1,2,0,0,0,0,3.0,0.25,9.5,18,12,0,0,0,39.5,3.29,1,6,4,0,0,0,0.92,172,4.0532,58.496043718335535,8.0,4.0532,68.0
A. Thomas,Florida,MB,3,5,4,0,0,0,12.0,3,1,4,0,0,0,8.0,0.67,1,4,1,0,0,0,6.0,0.5,8,6,8,0,0,0,22.0,1.83,0.25,-0.5,0.375,0,0,0,0.01,0,0,0,0,0,0,0.0,0.0,0,0.0,0,0,0,0,0.0,0.0,0,0,0,0,0,0,0.0,0.0,0,0,0,0,0,0,0.0,0.0,0,0,1,0,0,0,1.0,0.08,0,0,0,0,0,0,0.0,2,1,2,0,0,0,5.0,5.0,0.42,1,0,1,0,0,0,2.0,0.17,4,1.5,5,0,0,0,10.5,0.88,2,4,2,0,0,0,0.67,177,1.1980000000000002,17.86303865201799,40.0,1.1980000000000002,143.0
A. Rothe,Florida,MB,0,5,4,0,0,0,9.0,0,1,0,0,0,0,1.0,0.11,0,0,1,0,0,0,1.0,0.11,0,3,3,0,0,0,6.0,0.67,0,0.333,-0.333,0,0,0,0.0,0,0,0,0,0,0,0.0,0.0,0,0.0,0,0,0,0,0.0,0.0,0,0,0,0,0,0,0.0,0.0,0,0,0,0,0,0,0.0,0.0,0,0,0,0,0,0,0.0,0.0,0,0,0,0,0,0,0.0,0,4,1,0,0,0,5.0,5.0,0.56,0,0,0,0,0,0,0.0,0.0,0,3,0.5,0,0,0,3.5,0.39,0,0,1,0,0,0,0.11,183,0.648,10.035862697102523,44.0,0.648,163.0
R. Colvin,Purdue,MB,3,3,3,0,0,0,9.0,7,7,13,0,0,0,27.0,3.0,4,1,2,0,0,0,7.0,0.78,15,12,20,0,0,0,47.0,5.22,0.2,0.5,0.55,0,0,0,0.139,0,0,0,0,0,0,0.0,0.0,0,0.0,0,0,0,0,0.0,0.0,2,0,2,0,0,0,4.0,0.44,0,0,0,0,0,0,0.0,0.0,2,1,0,0,0,0,3.0,0.33,0,1,0,0,0,0,1.0,6,5,2,0,0,0,13.0,14.0,1.56,1,1,3,0,0,0,5.0,0.56,10,10.5,14,0,0,0,34.5,3.83,7,2,7,0,0,0,1.78,186,4.6656,67.21124836340869,3.0,4.6656,57.0
L. MyeOPP,Purdue,MB,3,3,3,0,0,0,9.0,3,3,5,0,0,0,11.0,1.22,0,0,0,0,0,0,0.0,0.0,9,9,8,0,0,0,26.0,2.89,0.333,0.333,0.625,0,0,0,0.144,0,0,0,0,0,0,0.0,0.0,0,0.0,0,0,0,0,0.0,0.0,0,0,0,0,0,0,0.0,0.0,0,0,0,0,0,0,0.0,0.0,0,0,0,0,0,0,0.0,0.0,0,2,0,0,0,0,2.0,4,4,4,0,0,0,12.0,14.0,1.56,0,1,2,0,0,0,3.0,0.33,5,7,7,0,0,0,19.0,2.11,0,1,2,0,0,0,0.33,189,2.9375999999999998,42.619684635965164,21.0,2.9375999999999998,96.0
L. Carr,Purdue,MB,3,0,3,0,0,0,6.0,1,0,0,0,0,0,1.0,0.17,2,0,0,0,0,0,2.0,0.33,7,0,1,0,0,0,8.0,1.33,-0.143,0,0,0,0,0,-0.024,0,0,0,0,0,0,0.0,0.0,0,0.0,0,0,0,0,0.0,0.0,0,0,0,0,0,0,0.0,0.0,0,0,0,0,0,0,0.0,0.0,0,0,0,0,0,0,0.0,0.0,0,0,0,0,0,0,0.0,1,0,0,0,0,0,1.0,1.0,0.17,1,0,0,0,0,0,1.0,0.17,1.5,0,0,0,0,0,1.5,0.25,3,0,0,0,0,0,0.5,190,0.49239999999999995,7.821483463311893,45.0,0.49239999999999995,169.0
K. Baumann,A&M,MB,3,0,0,0,0,0,3.0,4,0,0,0,0,0,4.0,1.33,3,0,0,0,0,0,3.0,1.0,12,0,0,0,0,0,12.0,4.0,0.083,0,0,0,0,0,0.028,0,0,0,0,0,0,0.0,0.0,0,0.0,0,0,0,0,0.0,0.0,0,0,0,0,0,0,0.0,0.0,0,0,0,0,0,0,0.0,0.0,3,0,0,0,0,0,3.0,1.0,0,0,0,0,0,0,0.0,0,0,0,0,0,0,0.0,0.0,0.0,0,0,0,0,0,0,0.0,0.0,4,0,0,0,0,0,4.0,1.33,3,0,0,0,0,0,1.0,196,2.1752000000000002,31.76979563955144,30.0,2.1752000000000002,114.0
L. Stolfus,A&M,MB,3,0,0,0,0,0,3.0,4,0,0,0,0,0,4.0,1.33,1,0,0,0,0,0,1.0,0.33,13,0,0,0,0,0,13.0,4.33,0.231,0,0,0,0,0,0.077,0,0,0,0,0,0,0.0,0.0,0,0.0,0,0,0,0,0.0,0.0,4,0,0,0,0,0,4.0,1.33,0,0,0,0,0,0,0.0,0.0,1,0,0,0,0,0,1.0,0.33,0,0,0,0,0,0,0.0,2,0,0,0,0,0,2.0,2.0,0.67,0,0,0,0,0,0,0.0,0.0,5,0,0,0,0,0,5.0,1.67,5,0,0,0,0,0,1.67,199,2.4298,35.39306654522685,28.0,2.4298,110.0
M. Smith,A&M,MB,3,0,0,0,0,0,3.0,0,0,0,0,0,0,0.0,0.0,0,0,0,0,0,0,0.0,0.0,0,0,0,0,0,0,0.0,0.0,0,0,0,0,0,0,0.0,0,0,0,0,0,0,0.0,0.0,0,0.0,0,0,0,0,0.0,0.0,0,0,0,0,0,0,0.0,0.0,0,0,0,0,0,0,0.0,0.0,0,0,0,0,0,0,0.0,0.0,0,0,0,0,0,0,0.0,0,0,0,0,0,0,0.0,0.0,0.0,0,0,0,0,0,0,0.0,0.0,0,0,0,0,0,0,0.0,0.0,0,0,0,0,0,0,0.0,203,0.0,0.8140262993112086,48.0,0.0,190.0
