Name,Position,Unnamed: 2,Unnamed: 3,Points,Unnamed: 5,Unnamed: 6,PPG,Unnamed: 8,Unnamed: 9,'FG,Unnamed: 11,Unnamed: 12,FG%,Unnamed: 14,Unnamed: 15,'2pt,Unnamed: 17,Unnamed: 18,2p%,Unnamed: 20,Unnamed: 21,'3pt,Unnamed: 23,Unnamed: 24,3p%,Unnamed: 26,Unnamed: 27,'FT,Unnamed: 29,Unnamed: 30,FT%,Unnamed: 32,Unnamed: 33,OFF,Unnamed: 35,Unnamed: 36,OFFPG,Unnamed: 38,Unnamed: 39,DEF,Unnamed: 41,Unnamed: 42,DEFPG,Unnamed: 44,Unnamed: 45,REB,Unnamed: 47,Unnamed: 48,RPG,Unnamed: 50,Unnamed: 51,AST,Unnamed: 53,Unnamed: 54,APG,Unnamed: 56,Unnamed: 57,STL,Unnamed: 59,Unnamed: 60,SPG,Unnamed: 62,Unnamed: 63,BLK,Unnamed: 65,Unnamed: 66,BPG,Unnamed: 68,Unnamed: 69,TO,Unnamed: 71,Unnamed: 72,TOPG,Unnamed: 74,Unnamed: 75,MIN,Unnamed: 77,Unnamed: 78,Ave Mins,Unnamed: 80,Unnamed: 81,Unnamed: 82,Point Guard,Player_Number,Composite_Score,Rating,Rank,Overall_Composite_Score,Overall_Rank
L. Ramiro,Center,5,0,5,7,4,4.2,'2-4,'0-1,'2-9,'2-3,'1-3,35.00%,'1-2,'0-1,'0-0,'0-0,'1-2,40.00%,'1-2,'0-0,'1-3,'2-3,'0-1,44.44%,'0-0,'0-2,'0-0,'1-2,'2-4,37.50%,0,0,1,1,0,0.4,0,0,1,2,2,1.0,0,0,2,3,2,1.4,0,1,1,1,1,0.8,1,0,0,1,0,0.4,0,0,0,0,0,0.0,1,2,0,0,4,1.4,08:31.0,10:49.0,12.666666666666666,14:51.0,14:43.0,12:18.0,0.0,0.0,0.0,0,7,14.356666666666667,29.897773421089486,28.0,14.356666666666667,132.0
Q. Millora-Brown,Center,14,11,17,9,16,13.4,'5-10,'4-4,'7-11,'1-4,'7-10,61.54%,'5-10,'4-4,'7-11,'1-4,'7-10,61.54%,'0-0,'0/0,'0-0,'0-0,'0-0,0.00%,'4-4,'3-4,'3-4,'7-10,'2-6,67.86%,8,2,3,4,7,4.8,2,6,6,15,5,6.8,10,8,9,19,12,11.6,1,3,3,3,2,2.4,1,0,2,0,0,0.6,1,0,1,4,2,1.6,0,3,3,2,6,2.8,26:39.0,30:20.0,34.45,29:12.0,25:20.0,29:11.0,0.0,0.0,0.0,0,15,47.730000000000004,100.0,1.0,47.730000000000004,1.0
F. Lopez,Center,12,16,13,15,4,12.0,'4-11,'5-13,'5-11,'5-17,'2-7,35.59%,'2-6,'3-10,'5-9,'4-9,'2-4,42.11%,'2-5,'2-3,'0-2,'1-8,'0-3,23.81%,'2-4,'4-8,'3-4,'5-5,'0-0,66.67%,2,0,1,3,2,1.6,11,9,5,6,5,7.2,13,9,6,9,7,8.8,6,1,2,1,3,2.6,1,2,1,0,0,0.8,1,4,4,1,2,2.4,9,2,2,2,1,3.2,34:56.0,34:16.0,24.35,31:58.0,24:10.0,29:56.0,0.0,0.0,0.0,0,16,35.25,73.78518414787845,5.0,35.25,20.0
R. Torres,Center,2,5,3,13,4,5.4,'1-5,'2-4,'1-4,'4-5,'1-2,45.00%,'1-3,'1-1,'0-2,'4-5,'1-1,58.33%,'0-2,'1-3,'1-2,'0-0,'1-3,30.00%,'0-0,'0-0,'0-0,'1-1,'2-2,100.00%,1,1,0,1,1,0.8,4,1,0,6,5,3.2,5,2,0,7,6,4.0,0,1,0,1,2,0.8,2,1,0,0,1,0.8,0,0,0,0,0,0.0,0,3,1,0,2,1.2,16:56.0,15:49.0,11.8,23:36.0,15:39.0,16:45.0,0.0,0.0,0.0,0,22,16.240000000000002,33.85380198851701,27.0,16.240000000000002,127.0
J. Yerro,Center,5,6,7,4,3,5.0,'2-7,'2-7,'3-5,'2-9,'1-4,31.25%,'1-4,'0-2,'3-5,'2-2,'1-2,46.67%,'1-3,'2-2,'0-0,'0-7,'0-2,21.43%,'0-2,'0-0,'1-2,'0-0,'1-1,40.00%,0,0,0,0,0,0.0,4,3,0,3,3,2.6,4,3,0,3,3,2.6,2,1,7,3,3,3.2,1,0,2,0,0,0.6,0,2,0,0,0,0.4,0,2,2,0,0,0.8,21:38.0,26:46.0,30.716666666666665,22:41.0,22:41.0,24:53.0,0.0,0.0,0.0,0,30,35.28666666666667,73.862204173085,4.0,35.28666666666667,19.0
J. Barcelona,Center,0,3,3,5,4,3.0,'0-0,'1-1,'1-2,'2-3,'1-1,71.43%,'0-0,'1-1,'0-2,'1-1,'1-1,60.00%,'0-0,'1-1,'1-0,'1-2,'0-0,100.00%,'0-0,'0-0,'0-0,'1-2,'2-4,50.00%,0,0,0,0,1,0.2,0,0,0,1,0,0.2,0,0,0,1,1,0.4,0,0,0,0,0,0.0,0,0,0,0,0,0.0,0,0,0,0,0,0.0,0,0,0,0,0,0.0,00:46.0,01:41.0,1.6833333333333333,04:00.0,04:00.0,02:25.0,0.0,0.0,0.0,0,34,3.1833333333333336,6.427671194510573,39.0,3.1833333333333336,190.0
L. Estacio,Center,0,3,0,0,0,0.6,'0-0,'1-2,'0-1,'0-2,'0-0,20.00%,'0-0,'1-2,'0-0,'0-0,'0-0,50.00%,'0-0,'0-0,'0-1,'0-0,'0-0,0.00%,'0-0,'1-2,'0-0,'0-0,'0-0,50.00%,0,0,1,0,0,0.2,0,1,3,0,0,0.8,0,0,4,0,0,0.8,1,0,4,0,0,1.0,0,0,1,0,0,0.2,0,0,0,0,0,0.0,0,0,1,0,0,0.2,05:26.0,07:13.0,12.666666666666666,00:00.0,01:40.0,05:23.0,0.0,0.0,0.0,0,48,13.716666666666667,28.553423890211455,29.0,13.716666666666667,134.0
N. Cabanero,Center,12,13,27,19,16,17.4,'4-13,'5-13,'8-16,'7-17,'6-16,40.00%,'3-11,'5-10,'6-11,'5-10,'5-11,45.28%,'1-2,'0-3,'2-5,'2-7,'1-5,27.27%,'3-4,'3-4,'9-14,'3-4,'5-6,71.88%,0,2,3,0,0,1.0,3,6,5,1,3,3.6,3,8,8,1,3,4.6,1,1,1,3,3,1.8,0,1,0,1,1,0.6,0,1,0,0,0,0.2,2,2,2,2,2,2.0,29:35.0,29:35.0,34.38333333333333,33:20.0,35:42.0,32:31.0,0.0,0.0,0.0,0,50,43.653333333333336,91.43677356112589,2.0,43.653333333333336,6.0
F. Padrigan,Center,7,7,7,3,14,7.6,'2-8,'3-12,'3-11,'1-8,'5-14,26.42%,'1-2,'2-5,'2-3,'0-3,'2-5,38.89%,'1-6,'1-7,'1-8,'0-5,'3-9,17.14%,'2-4,'0-0,'1-2,'0-0,'3-9,40.00%,0,0,2,0,1,0.6,0,2,3,0,4,1.8,0,2,5,0,5,2.4,3,6,6,0,3,3.6,0,2,2,3,1,1.6,0,0,0,2,0,0.4,1,2,3,7,2,3.0,25:29.0,25:38.0,34.233333333333334,27:33.0,27:31.0,28:05.0,0.0,0.0,0.0,0,53,37.913333333333334,79.37963870606357,3.0,37.913333333333334,15.0
C. Koon,Center,10,2,5,9,9,7.0,'4-10,'1-3,'1-7,'4-9,'3-9,34.21%,'3-4,'1-3,'0-4,'3-3,'1-4,44.44%,'1-6,'0-0,'1-3,'1-5,'2-5,26.32%,'1-2,'0-0,'2-2,'0-0,'1-4,50.00%,0,2,1,0,0,0.6,3,2,3,1,5,2.8,3,4,4,1,7,3.8,0,0,0,0,2,0.4,2,0,1,1,1,1.0,0,0,0,0,0,0.0,2,1,1,5,1,2.0,34:23.0,10:46.0,26.583333333333332,20:00.0,26:34.0,23:39.0,0.0,0.0,0.0,0,56,30.553333333333335,63.91961910096625,12.0,30.553333333333335,42.0
I. Espinosa,Center,10,5,14,2,8,7.8,'4-9,'1-5,'6-9,'1-3,'1-10,36.11%,'3-7,'1-2,'4-5,'1-2,'0-0,56.25%,'1-2,'0-3,'2-4,'0-1,'1-1,36.36%,'1-2,'3-4,'0-0,'0-0,'5-4,90.00%,1,0,0,1,0,0.4,1,0,2,1,3,1.4,2,0,2,1,3,1.6,2,2,6,1,3,2.8,2,0,0,0,1,0.6,0,0,1,0,0,0.2,3,1,1,1,2,1.6,19:15.0,15:40.0,20.4,13:38.0,17:04.0,17:12.0,0.0,0.0,0.0,0,60,24.33,50.84722027727208,19.0,24.33,73.0
A. Bongo,Center,4,15,0,7,1,5.4,'1-5,'5-9,'0-4,'2-5,'0-4,29.63%,'0-2,'3-3,'0-1,'0-0,'0-1,42.86%,'1-3,'2-6,'0-3,'2-5,'0-3,25.00%,'1-3,'3-4,'0-0,'1-1,'1-2,60.00%,2,3,0,2,0,1.4,4,3,6,4,1,3.6,6,6,6,6,2,5.2,0,2,1,3,1,1.4,1,0,1,0,0,0.4,0,0,0,0,0,0.0,2,1,1,1,0,1.0,19:28.0,28:41.0,19.816666666666666,18:33.0,19:17.0,21:09.0,0.0,0.0,0.0,0,61,25.366666666666667,53.02478644447556,18.0,25.366666666666667,68.0
K. Ong,Center,0,0,7,7,0,2.8,'0-0,'0-1,'3-4,'3-4,'0-0,66.67%,'0-0,'0-1,'3-4,'3-4,'0-0,66.67%,'0-0,'0-0,'0-0,'0-0,'0-0,0.00%,'0-2,'0-0,'1-4,'1-4,'0-0,20.00%,0,0,2,2,0,0.8,1,1,2,2,0,1.2,1,1,4,4,0,2.0,0,1,0,0,0,0.2,0,0,0,0,0,0.0,0,1,2,2,0,1.0,0,0,0,0,0,0.0,02:05.0,11:29.0,17.266666666666666,17:16.0,00:26.0,09:42.0,0.0,0.0,0.0,0,63,20.646666666666665,43.1102086542501,24.0,20.646666666666665,101.0
P. Momowel,Center,10,11,2,6,12,8.2,'4-8,'3-12,'1-2,'3-6,'5-13,39.02%,'4-8,'3-10,'1-2,'3-6,'5-13,41.03%,'0-0,'0-2,'0-0,'0-0,'0-0,0.00%,'2-4,'5-9,'0-0,'0-2,'2-4,47.37%,2,2,2,4,5,3.0,9,10,6,6,12,8.6,11,12,8,10,17,11.6,1,1,1,6,9,3.6,0,1,0,6,3,2.0,2,0,0,0,0,0.4,4,2,0,1,3,2.0,35:04.0,31:20.0,14.816666666666666,25:50.0,36:32.0,28:43.0,0.0,0.0,0.0,0,71,26.756666666666668,55.94454558185128,17.0,26.756666666666668,60.0
N. Mulingtapang,Center,0,0,0,0,0,0.0,'0-1,'0-0,'0-5,'0-3,'0-1,0.00%,'0-0,'0-0,'0-3,'0-1,'0-1,0.00%,'0-1,'0-0,'0-2,'0-2,'0-0,0.00%,'0-0,'0-0,'0-0,'0-0,'0-0,0.00%,1,0,0,0,0,0.2,0,0,0,0,1,0.2,1,1,0,0,1,0.6,0,0,0,0,0,0.0,1,0,0,0,0,0.2,0,0,0,0,0,0.0,0,0,0,0,1,0.2,03:01.0,01:49.0,6.733333333333333,04:48.0,06:32.0,04:34.0,0.0,0.0,0.0,0,77,6.993333333333333,14.430751995518834,32.0,6.993333333333333,164.0
K. Spandonis,Center,0,0,3,3,3,1.8,'0-1,'0-1,'1-3,'1-2,'1-2,33.33%,'0-0,'0-0,'0-0,'0-0,'0-0,0.00%,'0-1,'0-1,'1-3,'1-2,'1-2,33.33%,'0-0,'0-0,'0-0,'0-0,'0-0,0.00%,0,0,0,0,0,0.0,1,1,1,1,1,1.0,1,1,1,1,1,1.0,0,0,0,0,0,0.0,0,0,0,0,0,0.0,0,0,0,0,0,0.0,0,0,0,0,0,0.0,03:17.0,03:17.0,4.55,04:25.0,04:25.0,03:59.0,0.0,0.0,0.0,0,78,6.02,12.386220417308499,34.0,6.02,169.0
P. Palacielo,Center,16,10,15,7,9,11.4,'7-13,'5-10,'7-11,'5-10,'4-7,54.90%,'7-13,'5-9,'7-11,'5-9,'4-7,57.14%,'0-0,'0-1,'0-0,'0-1,'0-0,0.00%,'2-3,'0-0,'1-2,'0-0,'1-2,57.14%,2,2,2,2,2,2.0,6,5,4,5,1,4.2,8,7,6,7,3,6.2,1,1,1,1,0,0.8,1,1,2,1,0,1.0,1,0,0,0,2,0.6,1,4,2,4,2,2.6,29:47.0,27:10.0,26.45,27:10.0,08:57.0,23:54.0,0.0,0.0,0.0,0,80,34.019999999999996,71.20151239322222,7.0,34.019999999999996,25.0
P. Yu,Center,3,0,0,0,17,4.0,'1-6,'0-5,'0-4,'0-5,'7-9,27.59%,'0-2,'0-2,'0-2,'0-2,'7-7,46.67%,'1-4,'0-3,'0-2,'0-3,'0-2,7.14%,'0-0,'0-0,'0-0,'0-0,'0-0,0.00%,0,0,2,0,0,0.4,2,1,2,1,1,1.4,2,1,4,1,1,1.8,0,0,0,0,1,0.2,0,0,0,0,0,0.0,0,0,1,0,0,0.2,0,0,1,0,1,0.4,23:28.0,13:23.0,17.083333333333332,13:23.0,17:30.0,16:57.0,0.0,0.0,0.0,0,89,19.833333333333332,41.401764458759274,25.0,19.833333333333332,110.0
J. Pasaol,Center,14,15,11,9,7,11.2,'5-8,'4-9,'4-12,'3-10,'3-7,41.30%,'4-6,'4-8,'4-9,'2-8,'2-3,47.06%,'1-2,'0-1,'0-3,'1-2,'1-2,30.00%,'3-4,'7-10,'1-1,'2-4,'0-1,65.00%,2,2,3,1,1,1.8,5,5,3,0,3,3.2,7,7,6,1,4,5.0,1,6,4,3,4,3.6,2,1,0,3,2,1.6,0,0,0,0,0,0.0,1,3,1,0,2,1.4,24:26.0,32:00.0,23.783333333333335,21:58.0,17:55.0,24:01.0,0.0,0.0,0.0,0,94,32.17333333333334,67.32250385100127,8.0,32.17333333333334,28.0
M. Konateh,Center,11,16,0,8,12,9.4,'5-11,'4-10,'0-9,'3-11,'4-13,29.63%,'5-11,'3-8,'0-4,'1-4,'2-6,33.33%,'0-0,'1-2,'0-5,'2-7,'2-7,23.81%,'1-3,'7-9,'0-0,'0-0,'2-2,71.43%,8,1,0,0,2,2.2,13,1,0,4,2,4.0,21,2,0,4,4,6.2,5,0,2,1,4,2.4,2,1,0,2,0,1.0,1,0,0,0,0,0.2,1,5,5,2,2,3.0,38:24.0,29:38.0,25.133333333333333,20:44.0,32:35.0,29:17.0,0.0,0.0,0.0,0,95,31.703333333333333,66.3352471642627,9.0,31.703333333333333,32.0
R. Montemayor,Center,13,7,0,2,0,4.4,'3-7,'2-4,'0-4,'1-6,'0-1,27.27%,'0-1,'1-1,'0-2,'1-2,'0-0,33.33%,'3-6,'1-3,'0-2,'0-4,'0-1,25.00%,'4-6,'2-2,'0-0,'0-0,'0-0,75.00%,1,1,2,1,1,1.2,2,3,2,1,1,1.8,3,4,4,2,2,3.0,1,1,1,0,1,0.8,0,0,2,0,0,0.4,1,0,0,0,0,0.2,0,0,2,0,1,0.6,20:13.0,22:57.0,17.783333333333335,15:23.0,11:00.0,17:28.0,0.0,0.0,0.0,0,99,21.693333333333335,45.30878028287354,22.0,21.693333333333335,92.0
M. Ona,Center,0,2,0,0,0,0.4,'0-0,'1-1,'0-0,'0-1,'0-0,50.00%,'0-0,'1-1,'0-0,'0-1,'0-0,50.00%,'0-0,'0-0,'0-0,'0-0,'0-0,0.00%,'0-0,'0-0,'0-0,'0-0,'0-0,0.00%,0,0,0,0,1,0.2,1,0,0,3,1,1.0,1,0,0,3,2,1.2,0,0,0,0,0,0.0,0,0,0,0,0,0.0,0,0,0,0,0,0.0,0,0,0,0,0,0.0,01:35.0,04:44.0,5.8,10:38.0,05:51.0,05:43.0,0.0,0.0,0.0,0,103,6.859999999999999,14.150679176585912,33.0,6.859999999999999,165.0
M. Solis,Center,0,0,0,5,4,1.8,'0-1,'0-2,'0-2,'2-6,'2-7,22.22%,'0-0,'0-1,'0-1,'1-1,'2-3,50.00%,'0-1,'0-1,'0-1,'1-5,'0-4,8.33%,'0-0,'0-0,'0-0,'0-2,'0-1,0.00%,0,1,0,0,1,0.4,1,0,0,1,0,0.4,1,1,0,1,1,0.8,0,1,0,3,2,1.2,0,0,1,2,1,0.8,0,0,0,0,0,0.0,2,1,1,1,1,1.2,04:34.0,05:54.0,4.483333333333333,16:43.0,12:50.0,08:54.0,0.0,0.0,0.0,0,106,5.203333333333333,10.67077440134435,35.0,5.203333333333333,172.0
G. Canuto,Center,2,2,9,1,9,4.6,'1-6,'1-2,'4-6,'0-2,'3-5,42.86%,'1-2,'1-2,'3-3,'0-0,'3-3,80.00%,'0-4,'0-0,'1-3,'0-2,'0-2,9.09%,'0-0,'0-0,'0-0,'1-2,'3-3,80.00%,0,0,0,0,0,0.0,0,1,2,2,2,1.4,0,1,2,2,2,1.4,3,4,4,5,6,4.4,1,3,2,0,1,1.4,0,1,0,0,0,0.2,2,1,4,4,2,2.6,17:11.0,15:53.0,21.65,19:58.0,21:46.0,19:17.0,0.0,0.0,0.0,0,108,23.819999999999997,49.77594174485366,20.0,23.819999999999997,76.0
J. Konateh,Center,4,3,6,7,3,4.6,'2-3,'1-2,'3-4,'2-3,'1-2,64.29%,'2-3,'1-2,'3-4,'2-3,'1-2,64.29%,'0-0,'0-0,'0-0,'0-0,'0-0,0.00%,'0-1,'1-2,'0-2,'3-6,'1-5,31.25%,1,2,2,2,4,2.2,3,4,3,2,2,2.8,4,6,5,4,6,5.0,0,0,3,1,3,1.4,0,0,0,1,2,0.6,0,0,0,1,0,0.2,2,0,2,1,1,1.2,12:42.0,12:04.0,17.3,11:34.0,15:44.0,13:52.0,0.0,0.0,0.0,0,117,22.430000000000003,46.856182607477955,21.0,22.430000000000003,83.0
C. Lopez,Center,0,0,0,0,0,0.0,'0-0,'0-0,'0-0,'0-1,'0-0,0.00%,'0-0,'0-0,'0-0,'0-1,'0-0,0.00%,'0-0,'0-0,'0-0,'0-0,'0-0,0.00%,'0-0,'0-0,'0-0,'0-0,'0-0,0.00%,0,0,0,0,0,0.0,0,0,0,0,0,0.0,0,0,0,0,0,0.0,0,0,0,0,0,0.0,0,0,0,0,0,0.0,0,0,0,0,0,0.0,0,0,0,0,0,0.0,00:42.0,00:37.0,1.2,02:08.0,00:00.0,00:55.0,0.0,0.0,0.0,0,129,1.2,2.26158801288335,41.0,1.2,209.0
A. Alaba,Center,2,7,0,0,7,3.2,'1-2,'3-8,'0-2,'0-1,'2-5,33.33%,'1-2,'2-5,'0-2,'0-0,'1-2,36.36%,'0-0,'1-3,'0-0,'0-1,'1-3,28.57%,'0-1,'0-0,'0-0,'0-0,'2-3,50.00%,1,1,0,0,4,1.2,1,3,1,3,1,1.8,2,4,1,3,5,3.0,1,2,1,0,0,0.8,0,2,0,0,4,1.2,0,0,0,0,0,0.0,2,1,1,2,1,1.4,11:48.0,19:27.0,8.95,10:41.0,12:17.0,12:38.0,0.0,0.0,0.0,0,141,11.679999999999998,24.275311581011056,31.0,11.679999999999998,143.0
B. Alaba,Center,3,0,0,5,0,1.6,'1-6,'0-2,'0-1,'2-3,'0-0,25.00%,'0-1,'0-0,'0-0,'1-1,'0-0,50.00%,'1-5,'0-2,'0-1,'1-2,'0-0,20.00%,'0-0,'0-0,'0-0,'0-2,'0-0,0.00%,0,0,0,0,0,0.0,2,0,0,0,0,0.4,2,0,0,0,0,0.4,1,0,0,1,0,0.4,1,1,0,0,0,0.4,0,0,0,0,0,0.0,0,0,0,1,0,0.2,12:59.0,03:19.0,0.4666666666666667,09:10.0,04:42.0,06:07.0,0.0,0.0,0.0,0,142,1.446666666666667,2.779722727909258,40.0,1.446666666666667,207.0
J. Calago,Center,14,8,14,9,23,13.6,'3-15,'3-7,'3-8,'3-14,'7-20,29.69%,'2-9,'3-5,'0-1,'2-5,'3-11,32.26%,'1-6,'0-2,'3-7,'1-9,'4-9,27.27%,'7-10,'2-2,'5-9,'2-2,'5-8,67.74%,1,3,1,0,1,1.2,5,4,3,4,5,4.2,6,7,4,4,6,5.4,2,6,4,7,5,4.8,3,1,0,1,2,1.4,0,1,1,0,0,0.4,9,3,10,4,10,7.2,38:01.0,23:08.0,26.85,31:48.0,34:49.0,30:55.0,0.0,0.0,0.0,0,151,31.280000000000005,65.44601596415069,10.0,31.280000000000005,36.0
K. Cancio,Center,0,0,2,2,3,1.4,'0-0,'0-1,'1-1,'0-0,'0-0,50.00%,'0-0,'0-1,'1-1,'0-0,'0-0,50.00%,'0-0,'0-0,'0-0,'0-0,'0-0,0.00%,'0-0,'0-2,'0-0,'2-2,'3-4,62.50%,0,0,0,0,1,0.2,0,0,1,1,3,1.0,0,0,1,1,4,1.2,0,0,1,1,3,1.0,1,1,0,1,0,0.6,3,0,1,0,0,0.8,2,0,3,1,1,1.4,11:20.0,04:52.0,11.533333333333333,12:59.0,10:09.0,10:10.0,0.0,0.0,0.0,0,153,12.633333333333333,26.27783223638146,30.0,12.633333333333333,139.0
A. Eufemiano,Center,0,2,0,7,0,1.8,'0-2,'1-3,'0-2,'3-9,'0-2,22.22%,'0-1,'1-2,'0-1,'2-6,'0-1,27.27%,'0-1,'0-1,'0-1,'1-3,'0-1,14.29%,'0-0,'0-2,'0-0,'0-0,'0-0,0.00%,0,1,0,1,1,0.6,0,0,1,2,1,0.8,0,1,1,3,2,1.4,0,0,0,0,0,0.0,0,0,0,0,0,0.0,0,0,0,1,0,0.2,0,2,0,1,1,0.8,00:55.0,11:45.0,4.0,12:42.0,06:07.0,07:05.0,0.0,0.0,0.0,0,158,5.11,10.474723428091304,36.0,5.11,173.0
S. Villacruz,Center,2,6,12,0,3,4.6,'1-3,'2-2,'3-8,'0-2,'0-2,35.29%,'1-3,'2-2,'3-8,'0-2,'0-2,35.29%,'0-0,'0-0,'0-0,'0-0,'0-0,0.00%,'0-2,'2-3,'6-10,'0-0,'3-8,47.83%,0,2,0,0,2,0.8,3,2,1,1,3,2.0,3,4,1,1,5,2.8,2,1,4,2,4,2.6,1,1,1,0,0,0.6,0,1,0,0,0,0.2,5,3,4,3,3,3.6,33:35.0,25:03.0,29.333333333333332,16:12.0,25:39.0,25:57.0,0.0,0.0,0.0,0,159,30.773333333333333,64.38173925220558,11.0,30.773333333333333,39.0
P. Cruza,Center,0,0,0,0,7,1.4,'0-0,'0-2,'0-0,'0-0,'1-4,16.67%,'0-0,'0-0,'0-0,'0-0,'0-0,0.00%,'0-0,'0-2,'0-0,'0-0,'1-4,16.67%,'0-0,'0-0,'0-0,'0-0,'4-6,66.67%,0,0,0,0,0,0.0,2,1,0,0,3,1.2,2,1,0,0,3,1.2,0,1,0,1,1,0.6,0,0,0,0,0,0.0,0,0,0,0,0,0.0,1,2,1,2,2,1.6,04:57.0,03:40.0,0.08333333333333333,01:59.0,11:38.0,04:27.0,0.0,0.0,0.0,0,162,0.12333333333333307,0.0,42.0,0.12333333333333307,214.0
A. Mendoza,Center,5,0,0,5,2,2.4,'2-5,'0-5,'0-1,'2-8,'1-2,23.81%,'2-4,'0-3,'0-0,'2-6,'1-2,33.33%,'0-1,'0-2,'0-1,'0-2,'0-0,0.00%,'1-2,'0-0,'0-0,'1-2,'0-0,50.00%,2,2,0,0,0,0.8,2,1,0,1,0,0.8,4,3,0,1,0,1.6,0,1,2,1,3,1.4,3,1,1,2,2,1.8,0,0,0,0,0,0.0,2,0,7,1,1,2.2,23:40.0,16:49.0,17.216666666666665,21:37.0,12:25.0,18:20.0,0.0,0.0,0.0,0,166,18.136666666666667,37.83783783783784,26.0,18.136666666666667,116.0
S. Tapawan,Center,4,10,3,4,0,4.2,'0-5,'4-6,'1-2,'2-4,'0-3,35.00%,'0-5,'4-5,'1-2,'2-3,'0-2,41.18%,'0-0,'0-1,'0-0,'0-1,'0-1,0.00%,'4-6,'2-5,'1-2,'0-0,'0-0,53.85%,5,1,1,6,1,2.8,8,3,3,2,1,3.4,13,4,4,8,2,6.2,3,2,5,2,2,2.8,2,0,0,3,0,1.0,0,1,1,0,0,0.4,0,1,3,0,4,1.6,19:50.0,21:29.0,21.6,15:56.0,17:20.0,19:14.0,0.0,0.0,0.0,0,168,27.75,58.03108808290155,15.0,27.75,55.0
M. Vacalares,Center,9,7,6,6,0,5.6,'4-9,'3-10,'3-7,'2-10,'0-1,32.43%,'3-6,'2-5,'3-3,'0-6,'0-1,38.10%,'1-3,'1-5,'0-4,'2-4,'0-0,25.00%,'0-0,'0-0,'0-0,'0-0,'0-0,0.00%,1,3,1,1,1,1.4,2,4,3,2,0,2.2,3,7,4,3,1,3.6,2,0,0,1,0,0.6,2,2,0,1,0,1.0,0,1,0,0,0,0.2,2,3,6,4,1,3.2,28:19.0,26:26.0,24.566666666666666,28:23.0,04:01.0,22:20.0,0.0,0.0,0.0,0,181,26.926666666666666,56.30163842599075,16.0,26.926666666666666,59.0
A. Ronquillo,Center,10,6,2,0,6,4.8,'4-14,'2-7,'1-7,'0-1,'2-7,25.00%,'3-6,'0-2,'1-5,'0-1,'2-3,35.29%,'1-8,'2-5,'0-2,'0-0,'0-4,15.79%,'1-1,'0-0,'0-0,'0-0,'2-2,100.00%,4,0,1,0,2,1.4,3,0,2,0,2,1.4,7,0,3,0,4,2.8,1,1,2,0,1,1.0,1,1,0,0,0,0.4,1,1,0,0,0,0.4,6,3,6,3,3,4.2,38:19.0,33:08.0,28.733333333333334,08:20.0,29:23.0,27:34.0,0.0,0.0,0.0,0,189,29.253333333333334,61.18890911637026,13.0,29.253333333333334,49.0
L. Dela Paz,Center,2,6,0,3,0,2.2,'1-4,'2-4,'0-0,'1-2,'0-1,36.36%,'1-3,'0-2,'0-0,'0-1,'0-0,16.67%,'0-1,'2-2,'0-0,'1-1,'0-1,60.00%,'0-0,'0-0,'0-0,'0-0,'0-0,0.00%,2,0,0,1,0,0.6,0,2,1,5,0,1.6,2,2,1,6,0,2.2,3,0,0,0,2,1.0,1,0,0,1,1,0.6,0,0,0,0,0,0.0,2,1,0,3,0,1.2,16:03.0,09:42.0,3.1666666666666665,12:44.0,16:58.0,11:43.0,0.0,0.0,0.0,0,192,4.976666666666666,10.194650609158378,37.0,4.976666666666666,176.0
L. Sario,Center,9,8,7,4,7,7.0,'4-18,'3-9,'3-9,'1-6,'2-10,25.00%,'3-9,'2-5,'2-8,'1-2,'1-7,29.03%,'1-9,'1-4,'1-1,'0-4,'1-3,19.05%,'0-1,'1-2,'0-0,'2-2,'2-2,71.43%,4,0,1,2,4,2.2,5,4,3,3,7,4.4,9,4,4,5,11,6.6,1,5,0,5,2,2.6,1,2,1,2,2,1.6,1,0,0,0,0,0.2,7,3,3,4,3,4.0,33:38.0,24:06.0,22.733333333333334,20:55.0,27:01.0,25:40.0,0.0,0.0,0.0,0,199,27.883333333333333,58.31116090183447,14.0,27.883333333333333,54.0
E. Lopez,Center,2,0,9,7,0,3.6,'1-8,'0-5,'4-11,'3-6,'0-6,22.22%,'1-2,'0-2,'3-4,'2-2,'0-3,46.15%,'0-6,'0-3,'1-7,'1-4,'0-3,8.70%,'0-0,'0-0,'0-0,'0-0,'0-0,0.00%,0,0,2,0,0,0.4,4,1,3,2,3,2.6,4,1,5,2,3,3.0,4,1,0,1,2,1.6,3,0,0,0,2,1.0,0,0,0,0,0,0.0,2,0,2,4,3,2.2,27:20.0,11:33.0,31.983333333333334,17:37.0,25:09.0,22:43.0,0.0,0.0,0.0,0,206,34.25333333333333,71.69163982635483,6.0,34.25333333333333,24.0
M. Dela Torre,Center,0,6,3,5,3,3.4,'0-2,'1-5,'1-3,'2-5,'1-5,25.00%,'0-1,'1-4,'1-1,'2-4,'1-4,35.71%,'0-1,'0-1,'0-2,'0-1,'0-1,0.00%,'0-0,'4-5,'1-2,'1-2,'1-2,63.64%,1,4,0,0,3,1.6,2,0,1,2,2,1.4,3,4,1,2,5,3.0,0,2,0,2,0,0.8,0,1,1,3,1,1.2,0,0,0,0,0,0.0,0,4,2,3,0,1.8,15:11.0,21:10.0,19.283333333333335,21:29.0,17:05.0,18:50.0,0.0,0.0,0.0,0,209,21.693333333333335,45.30878028287354,22.0,21.693333333333335,92.0
L. Gavaran,Center,0,2,2,3,0,1.4,'0-0,'1-3,'1-1,'1-5,'0-0,33.33%,'0-0,'1-3,'1-1,'1-5,'0-0,33.33%,'0-0,'0-0,'0-0,'0-0,'0-0,0.00%,'0-0,'0-0,'0-0,'1-2,'0-2,25.00%,0,0,0,2,0,0.4,1,0,1,2,0,0.8,1,0,1,4,0,1.2,0,0,0,0,0,0.0,0,2,0,0,0,0.4,0,0,0,0,0,0.0,0,1,1,1,0,0.6,02:40.0,08:01.0,2.6333333333333333,11:50.0,02:15.0,05:28.0,0.0,0.0,0.0,0,216,3.613333333333333,7.330906035569247,38.0,3.613333333333333,182.0
E. Gollena,Power Forward,2,9,11,0,2,4.8,'1-3,'3-8,'4-6,'0-3,'1-1,42.86%,'1-1,'3-6,'3-4,'0-2,'3-8,47.62%,'0-2,'0-2,'1-2,'0-1,'0-3,10.00%,'0-2,'3-4,'2-2,'0-0,'0-0,62.50%,1,1,1,2,1,1.2,1,1,3,3,0,1.6,2,2,4,5,1,2.8,1,5,0,1,0,1.4,2,0,0,0,0,0.4,1,0,0,0,1,0.4,3,0,0,0,1,0.8,26:57.0,23:27.0,21.0,09:40.0,10:40.0,18:20.0,0.0,0.0,0.0,0,5,24.76,52.900420137097385,11.0,24.76,69.0
D. Dungo,Power Forward,2,0,0,5,1,1.6,'1-2,'0-0,'0-3,'2-6,'0-1,25.00%,'1-2,'0-0,'0-3,'2-2,'0-0,42.86%,'0-0,'0-0,'0-3,'0-4,'0-1,0.00%,'0-0,'0-0,'0-0,'1-2,'1-2,50.00%,0,0,0,0,0,0.0,0,0,1,0,3,0.8,0,0,1,0,3,0.8,0,0,3,0,2,1.0,0,0,1,0,0,0.2,0,0,0,0,1,0.2,1,0,0,0,1,0.4,01:59.0,00:00.0,9.8,10:55.0,09:05.0,06:21.0,0.0,0.0,0.0,0,10,11.120000000000001,22.73899904179259,29.0,11.120000000000001,147.0
T. Fortea,Power Forward,4,0,2,8,4,3.6,'1-4,'0-2,'1-2,'3-6,'1-4,33.33%,'1-1,'0-0,'1-2,'3-3,'0-0,83.33%,'0-3,'0-2,'0-0,'0-3,'1-4,8.33%,'2-2,'0-0,'0-0,'2-2,'1-2,83.33%,0,0,0,0,0,0.0,1,0,0,1,1,0.6,1,0,0,1,1,0.6,0,0,0,2,1,0.6,1,0,0,0,0,0.2,0,0,0,0,0,0.0,1,0,2,0,0,0.6,11:06.0,04:14.0,8.566666666666666,14:48.0,07:42.0,09:16.0,0.0,0.0,0.0,0,20,10.106666666666667,20.498267855826644,30.0,10.106666666666667,150.0
D. Ududo,Power Forward,2,2,0,2,3,1.8,'1-2,'0-1,'0-0,'1-2,'1-3,37.50%,'1-2,'0-1,'0-0,'1-1,'0-0,50.00%,'0-0,'0-0,'0-0,'0-1,'0-0,0.00%,'0-0,'2-2,'0-0,'0-0,'0-0,100.00%,3,2,0,0,0,1.0,0,0,1,0,1,0.4,3,2,1,0,1,1.4,0,0,0,0,0,0.0,0,0,0,0,0,0.0,1,0,0,0,0,0.2,1,0,0,0,0,0.2,03:35.0,05:27.0,2.1166666666666667,06:33.0,03:10.0,04:10.0,0.0,0.0,0.0,0,23,3.5766666666666667,6.058819193631606,37.0,3.5766666666666667,185.0
J. Felicilda,Power Forward,0,0,0,4,2,1.2,'0-0,'0-0,'0-1,'2-2,'1-1,75.00%,'0-0,'0-0,'0-0,'2-2,'1-1,100.00%,'0-0,'0-0,'0-1,'0-0,'0-1,0.00%,'0-0,'0-0,'0-0,'0-0,'0-0,0.00%,1,0,0,0,2,0.6,1,0,0,1,1,0.6,2,0,0,1,3,1.2,1,0,0,0,0,0.2,0,0,0,0,0,0.0,0,0,0,1,0,0.2,0,0,0,1,0,0.2,04:05.0,01:31.0,5.083333333333333,08:52.0,09:00.0,05:42.0,0.0,0.0,0.0,0,24,6.263333333333333,11.999705166949216,35.0,6.263333333333333,168.0
M. Erolon,Power Forward,11,5,5,0,5,5.2,'4-9,'2-5,'2-5,'0-5,'2-5,34.48%,'1-2,'1-2,'1-3,'0-0,'1-3,40.00%,'3-7,'1-3,'1-2,'0-5,'1-2,31.58%,'0-0,'0-0,'0-0,'0-0,'0-0,0.00%,0,2,0,0,0,0.4,3,2,2,2,2,2.2,3,4,2,2,2,2.6,4,2,2,2,2,2.4,1,3,3,0,3,2.0,0,0,0,0,0,0.0,3,3,1,0,1,1.6,19:10.0,12:11.0,12.183333333333334,16:28.0,12:11.0,14:26.0,0.0,0.0,0.0,0,28,16.183333333333334,33.9352841453527,24.0,16.183333333333334,128.0
J. Calisay,Power Forward,6,0,6,0,0,2.4,'2-4,'0-0,'2-4,'0-6,'0-6,20.00%,'0-0,'0-0,'2-4,'0-2,'0-2,25.00%,'2-4,'0-0,'0-0,'0-4,'0-4,16.67%,'0-0,'0-0,'2-4,'0-0,'0-0,50.00%,0,0,0,0,0,0.0,5,0,5,5,5,4.0,5,0,5,5,5,4.0,0,0,0,0,0,0.0,0,0,0,1,1,0.4,1,0,0,0,0,0.2,0,0,0,0,0,0.0,10:24.0,00:00.0,19.4,17:29.0,17:29.0,12:57.0,0.0,0.0,0.0,0,39,23.06,49.14129873958871,13.0,23.06,79.0
G. Crisostomo,Power Forward,12,5,14,0,0,6.2,'6-9,'2-6,'6-9,'0-1,'0-0,56.00%,'6-8,'2-5,'6-8,'0-0,'0-0,66.67%,'0-1,'0-1,'0-1,'0-1,'0-0,0.00%,'0-0,'1-2,'2-2,'0-0,'0-0,75.00%,0,3,3,0,0,1.2,5,8,4,1,5,4.6,5,11,7,1,5,5.8,0,0,0,0,0,0.0,1,0,1,1,0,0.6,0,0,2,1,1,0.8,0,1,1,1,0,0.6,18:04.0,22:57.0,24.583333333333332,16:30.0,11:39.0,18:45.0,0.0,0.0,0.0,0,44,30.64333333333333,65.90992850298518,8.0,30.64333333333333,41.0
A. Acido,Power Forward,3,14,0,6,6,5.8,'1-2,'5-6,'0-1,'2-6,'2-8,43.48%,'1-2,'1-1,'0-0,'1-2,'0-2,42.86%,'0-0,'4-5,'0-1,'1-4,'2-6,43.75%,'1-2,'0-0,'0-0,'1-3,'0-0,40.00%,0,0,0,4,0,0.8,0,2,1,2,0,1.0,0,2,1,6,0,1.8,2,1,2,1,0,1.2,1,0,0,0,0,0.2,0,0,0,0,0,0.0,1,0,0,1,2,0.8,17:17.0,13:53.0,5.7,15:34.0,14:32.0,13:23.0,0.0,0.0,0.0,0,45,8.879999999999999,17.785803788604703,32.0,8.879999999999999,155.0
M. Pangilinan,Power Forward,3,0,2,0,6,2.2,'1-3,'0-0,'0-1,'0-1,'2-2,42.86%,'1-3,'0-0,'0-0,'0-0,'0-0,33.33%,'0-0,'0-0,'0-1,'0-1,'0-0,0.00%,'1-3,'0-0,'2-2,'0-0,'2-2,71.43%,0,0,0,0,0,0.0,1,0,0,0,0,0.2,1,0,0,0,0,0.2,0,0,1,0,0,0.2,0,1,0,0,0,0.2,0,0,0,0,0,0.0,1,0,0,0,0,0.2,05:29.0,02:13.0,6.316666666666666,06:23.0,08:20.0,05:44.0,0.0,0.0,0.0,0,46,7.296666666666666,14.28466131053291,34.0,7.296666666666666,161.0
M. Llemit,Power Forward,2,7,1,0,0,2.0,'1-2,'2-4,'0-0,'0-0,'0-3,33.33%,'1-1,'2-4,'0-0,'0-0,'0-2,42.86%,'0-1,'0-0,'0-0,'0-0,'0-1,0.00%,'0-2,'3-3,'1-2,'0-2,'0-0,44.44%,0,0,0,1,3,0.8,0,1,1,1,1,0.8,0,1,1,2,4,1.6,0,2,0,0,0,0.4,0,2,1,1,1,1.0,0,2,0,0,0,0.4,1,0,0,0,0,0.2,13:12.0,19:19.0,9.483333333333333,05:42.0,08:58.0,11:20.0,0.0,0.0,0.0,0,47,11.903333333333334,24.471143215154427,27.0,11.903333333333334,142.0
E. Laure,Power Forward,0,0,0,0,0,0.0,'0-0,'0-0,'0-0,'0-0,'0-2,0.00%,'0-0,'0-0,'0-0,'0-0,'0-0,0.00%,'0-0,'0-0,'0-0,'0-2,'0-2,0.00%,'0-0,'0-0,'0-0,'0-0,'0-0,0.00%,0,0,0,1,0,0.2,0,1,0,0,0,0.2,0,0,0,1,0,0.2,0,0,0,0,0,0.0,0,0,0,0,0,0.0,0,0,0,0,0,0.0,0,0,0,0,0,0.0,01:43.0,01:22.0,1.3666666666666667,03:20.0,02:28.0,02:03.0,0.0,0.0,0.0,0,49,1.5266666666666668,1.525761037812339,45.0,1.5266666666666668,206.0
J. Bahay,Power Forward,14,11,9,6,22,12.4,'5-14,'3-10,'3-9,'2-12,'8-15,35.00%,'4-7,'1-4,'3-5,'1-3,'7-11,53.33%,'2-7,'2-6,'0-4,'1-9,'1-4,20.00%,'0-0,'3-3,'3-4,'1-2,'5-6,80.00%,0,0,0,0,0,0.0,2,2,2,3,2,2.2,2,2,2,3,2,2.2,1,2,2,5,4,2.8,1,0,0,1,0,0.4,0,0,0,0,0,0.0,3,3,2,1,3,2.4,19:58.0,27:33.0,17.433333333333334,20:21.0,25:31.0,22:09.0,0.0,0.0,0.0,0,55,22.633333333333336,48.19783297707674,15.0,22.633333333333336,82.0
S. Quitevis,Power Forward,2,2,3,0,5,2.4,'1-3,'0-5,'0-3,'0-2,'2-10,13.04%,'1-1,'0-3,'0-1,'0-2,'1-2,22.22%,'0-2,'0-2,'0-2,'0-0,'1-8,7.14%,'0-0,'2-2,'3-5,'0-0,'0-0,71.43%,1,1,0,1,0,0.6,1,3,1,1,3,1.8,2,4,1,1,3,2.2,2,2,0,1,2,1.4,3,0,0,0,2,1.0,0,0,0,0,0,0.0,1,2,1,0,2,1.2,22:40.0,31:55.0,23.333333333333332,19:40.0,29:36.0,25:26.0,0.0,0.0,0.0,0,59,25.513333333333332,54.56622687403259,10.0,25.513333333333332,67.0
K. Gamber,Power Forward,0,0,0,0,0,0.0,'0-2,'0-0,'0-2,'0-3,'0-0,0.00%,'0-1,'0-0,'0-2,'0-1,'0-0,0.00%,'0-1,'0-0,'0-0,'0-2,'0-0,0.00%,'0-1,'0-0,'0-0,'0-0,'0-0,0.00%,0,0,0,0,0,0.0,1,0,0,2,0,0.6,1,0,0,2,0,0.6,1,0,0,0,0,0.2,1,1,0,0,0,0.4,0,0,0,0,0,0.0,1,1,1,1,1,1.0,08:01.0,02:46.0,3.35,07:08.0,02:43.0,04:47.0,0.0,0.0,0.0,0,64,2.99,4.761553770177637,40.0,2.99,192.0
W. Lingolingo,Power Forward,1,6,8,13,13,8.2,'0-3,'3-7,'3-10,'3-10,'3-10,30.00%,'0-1,'3-4,'3-5,'2-4,'2-4,55.56%,'0-2,'0-3,'0-5,'1-6,'1-6,9.09%,'1-2,'0-0,'2-3,'6-7,'6-7,78.95%,0,4,4,1,1,2.0,1,5,4,5,5,4.0,1,9,8,6,6,6.0,3,4,1,1,1,2.0,2,1,0,1,0,0.8,1,0,0,0,0,0.2,1,2,2,0,0,1.0,23:09.0,26:06.0,27.233333333333334,30:55.0,30:55.0,27:39.0,0.0,0.0,0.0,0,74,34.413333333333334,74.24633301393088,5.0,34.413333333333334,23.0
T. Garcia,Power Forward,8,1,5,12,2,5.6,'4-8,'0-2,'2-3,'0-2,'1-3,38.89%,'4-8,'0-2,'2-3,'0-2,'1-3,38.89%,'0-0,'0-0,'0-0,'0-0,'0-0,0.00%,'0-0,'1-2,'1-2,'1-2,'0-0,50.00%,0,0,4,0,0,0.8,1,1,1,1,1,1.0,1,1,5,1,1,1.8,1,1,0,1,3,1.2,0,0,0,0,0,0.0,0,0,1,0,0,0.2,0,1,1,1,2,1.0,11:35.0,08:35.0,13.783333333333333,08:35.0,13:35.0,11:13.0,0.0,0.0,0.0,0,85,16.683333333333334,35.040908085796424,22.0,16.683333333333334,124.0
K. Padrones,Power Forward,5,4,2,0,0,2.2,'2-3,'1-2,'0-1,'1-2,'0-2,40.00%,'2-3,'1-2,'0-1,'1-2,'0-2,40.00%,'0-0,'0-0,'0-0,'0-0,'0-0,0.00%,'1-2,'2-4,'2-2,'2-4,'0-0,58.33%,4,2,2,2,1,2.2,1,2,0,2,1,1.2,5,4,2,4,2,3.4,0,0,1,0,3,0.8,0,0,1,0,1,0.4,1,1,0,1,0,0.6,1,1,0,1,1,0.8,13:47.0,15:54.0,20.116666666666667,15:54.0,17:00.0,16:32.0,0.0,0.0,0.0,0,87,23.05666666666667,49.13392791331909,14.0,23.05666666666667,80.0
R. Jumamoy,Power Forward,3,4,4,2,3,3.2,'1-5,'1-3,'1-5,'1-3,'1-3,26.32%,'0-1,'1-3,'0-2,'1-3,'1-3,25.00%,'1-4,'0-0,'1-3,'0-0,'0-0,28.57%,'0-0,'2-3,'1-3,'2-3,'0-0,55.56%,0,4,2,4,0,2.0,1,4,2,4,1,2.4,1,4,4,4,1,2.8,2,2,3,2,2,2.2,1,1,1,1,0,0.8,0,0,0,0,0,0.0,2,0,1,0,0,0.6,17:07.0,15:21.0,14.566666666666666,15:21.0,12:12.0,14:55.0,0.0,0.0,0.0,0,88,18.526666666666664,39.11697501289895,20.0,18.526666666666664,115.0
N. Tulabut,Power Forward,0,0,1,0,4,1.0,'0-0,'0-1,'0-1,'0-1,'2-4,28.57%,'0-0,'0-0,'0-0,'0-0,'2-3,66.67%,'0-0,'0-1,'0-1,'0-1,'0-1,0.00%,'0-0,'0-0,'1-2,'0-0,'0-0,50.00%,0,1,1,1,0,0.6,1,1,1,1,1,1.0,1,2,2,2,1,1.6,0,0,1,0,0,0.2,0,0,0,0,0,0.0,1,0,0,0,0,0.2,0,1,1,1,2,1.0,07:54.0,06:35.0,7.283333333333333,06:35.0,09:28.0,07:33.0,0.0,0.0,0.0,0,91,7.823333333333334,15.449251861133636,33.0,7.823333333333334,159.0
P. Francisco,Power Forward,0,3,2,0,0,1.0,'0-1,'1-3,'1-1,'1-3,'0-1,33.33%,'0-0,'0-0,'1-1,'0-0,'0-0,100.00%,'0-1,'1-3,'0-0,'1-3,'0-1,25.00%,'0-0,'0-0,'0-0,'0-0,'0-0,0.00%,0,1,0,1,0,0.4,0,1,0,1,0,0.4,0,2,0,2,0,0.8,0,1,1,1,1,0.8,0,0,0,0,0,0.0,0,2,0,2,0,0.8,1,1,0,1,0,0.6,04:12.0,10:24.0,11.916666666666666,10:24.0,03:47.0,08:08.0,0.0,0.0,0.0,0,92,12.916666666666666,26.711874401120365,26.0,12.916666666666666,136.0
V. Pre,Power Forward,5,15,12,17,20,13.8,'2-6,'5-11,'5-15,'6-17,'9-16,41.54%,'1-4,'3-6,'3-11,'6-10,'9-13,50.00%,'1-2,'2-5,'2-4,'0-7,'0-3,23.81%,'0-0,'3-4,'0-0,'4-4,'2-5,69.23%,0,2,1,2,5,2.0,3,6,4,12,8,6.6,3,8,5,14,13,8.6,1,2,2,4,0,1.8,0,1,0,1,0,0.4,3,3,0,0,1,1.4,3,4,2,4,1,2.8,32:35.0,34:29.0,34.516666666666666,31:15.0,33:39.0,33:17.0,0.0,0.0,0.0,0,97,44.016666666666666,95.48168349672,2.0,44.016666666666666,5.0
A. Nakai,Power Forward,0,0,0,0,0,0.0,'0-4,'0-0,'0-0,'0-2,'0-2,0.00%,'0-2,'0-0,'0-0,'0-2,'0-2,0.00%,'0-2,'0-0,'0-0,'0-0,'0-0,0.00%,'0-0,'0-0,'0-0,'0-0,'0-0,0.00%,0,0,0,0,0,0.0,1,0,0,1,0,0.4,1,0,0,1,0,0.4,0,0,0,0,0,0.0,1,0,0,0,0,0.2,0,0,0,0,0,0.0,1,0,0,0,0,0.2,04:46.0,00:00.0,1.45,04:28.0,02:12.0,02:34.0,0.0,0.0,0.0,0,102,1.59,1.6658067369352108,44.0,1.59,205.0
D. Alterado,Power Forward,7,0,0,0,2,1.8,'3-3,'0-0,'0-2,'0-0,'1-2,57.14%,'2-2,'0-0,'0-2,'0-0,'1-2,50.00%,'1-1,'0-0,'0-0,'0-0,'0-0,100.00%,'0-0,'0-0,'0-0,'0-0,'0-0,0.00%,5,1,1,0,3,2.0,0,0,3,0,5,1.6,5,1,4,0,8,3.6,3,0,0,0,3,1.2,0,1,0,0,0,0.2,0,0,0,0,0,0.0,0,0,0,0,1,0.2,09:34.0,04:19.0,8.033333333333333,00:03.0,11:02.0,06:36.0,0.0,0.0,0.0,0,105,11.293333333333335,23.122282007813084,28.0,11.293333333333335,146.0
P. Fabruada,Power Forward,4,12,4,16,6,8.4,'1-2,'4-5,'1-4,'4-6,'1-7,45.83%,'1-2,'4-4,'1-3,'4-6,'1-5,55.00%,'0-0,'0-1,'0-1,'0-0,'0-2,0.00%,'2-4,'4-4,'2-4,'8-9,'4-4,80.00%,1,2,3,4,2,2.4,3,1,1,1,3,1.8,4,3,4,5,5,4.2,0,1,0,0,1,0.4,0,1,2,1,2,1.2,0,0,0,0,0,0.0,2,2,3,0,0,1.4,18:50.0,15:01.0,15.8,15:52.0,18:06.0,16:43.0,0.0,0.0,0.0,0,109,21.040000000000003,44.67457802019608,18.0,21.040000000000003,96.0
K. Pingol,Power Forward,11,6,6,18,12,10.6,'5-7,'2-2,'3-5,'6-9,'5-7,70.00%,'5-6,'1-1,'3-4,'6-9,'3-5,72.00%,'0-1,'1-1,'0-1,'0-0,'2-2,60.00%,'1-1,'1-4,'0-0,'6-6,'0-0,72.73%,2,1,2,2,0,1.4,7,4,0,7,6,4.8,9,5,2,9,6,6.2,4,2,2,2,2,2.4,1,1,1,3,0,1.2,0,2,0,1,1,0.8,2,2,0,1,1,1.2,27:18.0,20:25.0,15.883333333333333,26:50.0,18:04.0,21:42.0,0.0,0.0,0.0,0,110,24.603333333333335,52.553991302425004,12.0,24.603333333333335,71.0
K. Cayabyab,Power Forward,5,0,3,9,3,4.0,'2-10,'0-7,'1-3,'4-10,'1-4,23.53%,'1-4,'0-1,'0-0,'3-7,'1-2,35.71%,'1-6,'0-6,'1-3,'1-3,'0-2,15.00%,'0-0,'0-0,'0-0,'0-0,'1-2,50.00%,2,0,0,3,1,1.2,6,5,4,3,1,3.8,8,5,4,6,2,5.0,3,0,1,2,2,1.6,0,0,0,1,0,0.2,0,0,0,0,0,0.0,2,1,2,0,1,1.2,18:39.0,18:06.0,16.7,17:56.0,14:03.0,17:05.0,0.0,0.0,0.0,0,114,20.84,44.232328444018584,19.0,20.84,98.0
M. Villanueva,Power Forward,5,3,10,0,0,3.6,'2-5,'1-7,'4-5,'0-1,'0-2,35.00%,'1-1,'0-0,'2-2,'0-0,'0-1,75.00%,'1-4,'1-7,'2-3,'0-1,'0-1,25.00%,'0-0,'0-0,'0-0,'0-0,'0-0,0.00%,1,0,0,0,0,0.2,0,2,0,0,0,0.4,1,2,0,0,0,0.6,0,1,0,1,1,0.6,1,0,1,0,0,0.4,0,0,0,0,0,0.0,1,3,1,0,0,1.0,06:47.0,14:04.0,16.033333333333335,04:25.0,03:10.0,08:53.0,0.0,0.0,0.0,0,116,17.273333333333333,36.34554433552002,21.0,17.273333333333333,121.0
K. Pastrana,Power Forward,7,11,22,23,10,14.6,'3-10,'5-14,'8-21,'9-20,'3-9,37.84%,'2-5,'4-9,'5-11,'7-10,'0-0,51.43%,'1-5,'1-5,'3-10,'2-10,'3-9,25.64%,'0-0,'0-0,'3-4,'3-4,'1-1,77.78%,3,2,1,7,2,3.0,4,6,5,9,4,5.6,7,8,6,16,6,8.6,7,4,2,8,6,5.4,2,3,3,2,3,2.6,1,0,0,1,1,0.6,1,4,3,7,1,3.2,32:30.0,31:35.0,34.5,29:18.0,26:10.0,30:48.0,0.0,0.0,0.0,0,121,46.059999999999995,100.0,1.0,46.059999999999995,2.0
B. Santos,Power Forward,8,27,12,10,9,13.2,'3-15,'11-21,'6-10,'5-12,'4-10,42.65%,'2-10,'10-17,'6-7,'5-8,'4-7,55.10%,'1-5,'1-4,'0-3,'0-4,'0-3,10.53%,'1-2,'4-4,'0-0,'0-0,'1-2,75.00%,1,0,1,0,1,0.6,3,2,2,0,0,1.4,4,2,3,0,1,2.0,5,4,2,2,1,2.8,4,2,3,7,2,3.6,1,0,0,0,0,0.2,4,1,6,5,5,4.2,28:19.0,30:59.0,26.4,25:11.0,21:05.0,26:23.0,0.0,0.0,0.0,0,124,31.7,68.24648043045626,6.0,31.7,33.0
K. Sierba,Power Forward,4,7,7,16,9,8.6,'2-7,'3-10,'3-9,'6-10,'3-7,39.53%,'2-4,'2-5,'2-7,'4-6,'3-4,50.00%,'0-3,'1-5,'1-2,'2-4,'0-3,23.53%,'0-0,'0-0,'0-0,'2-3,'3-4,71.43%,4,1,4,1,3,2.6,2,4,2,2,0,2.0,6,5,6,3,3,4.6,0,2,4,0,2,1.6,2,0,4,3,2,2.2,0,0,0,0,0,0.0,0,1,3,1,0,1.0,15:56.0,17:10.0,19.616666666666667,21:06.0,20:58.0,18:57.0,0.0,0.0,0.0,0,131,26.55666666666667,56.87329549642516,9.0,26.55666666666667,61.0
N. Danganan,Power Forward,4,6,0,4,9,4.6,'1-8,'2-6,'0-5,'2-4,'4-9,28.13%,'0-3,'0-3,'0-1,'2-3,'4-9,31.58%,'1-5,'2-3,'0-4,'0-1,'0-0,23.08%,'1-2,'0-0,'0-0,'0-0,'1-2,50.00%,3,2,4,1,4,2.8,2,2,1,1,2,1.6,5,4,5,2,6,4.4,0,1,0,1,0,0.4,1,0,3,1,1,1.2,0,0,0,0,1,0.2,0,0,1,3,0,0.8,16:11.0,11:33.0,17.666666666666668,12:09.0,13:32.0,14:13.0,0.0,0.0,0.0,0,134,22.206666666666667,47.25436721456476,17.0,22.206666666666667,90.0
Z. Cortez,Power Forward,0,0,0,0,0,0.0,'0-0,'0-0,'0-0,'0-0,'0-0,0.00%,'0-0,'0-0,'0-0,'0-0,'0-0,0.00%,'0-0,'0-0,'0-0,'0-0,'0-0,0.00%,'0-0,'0-0,'0-0,'0-0,'0-0,0.00%,0,0,0,1,0,0.2,0,0,0,1,1,0.4,0,0,0,2,1,0.6,0,0,0,0,0,0.0,0,0,1,0,0,0.2,0,0,0,0,0,0.0,0,0,0,0,0,0.0,04:01.0,01:44.0,1.4,03:09.0,02:00.0,02:27.0,0.0,0.0,0.0,0,136,1.8599999999999999,2.2628436647748207,43.0,1.8599999999999999,203.0
A. Delos Santos,Power Forward,0,0,2,4,0,1.2,'0-0,'0-0,'1-1,'2-2,'0-0,100.00%,'0-0,'0-0,'1-1,'2-2,'0-0,100.00%,'0-0,'0-0,'0-0,'0-0,'0-0,0.00%,'0-0,'0-0,'0-0,'0-0,'0-0,0.00%,0,0,1,0,0,0.2,0,0,0,1,0,0.2,0,0,1,1,0,0.4,0,0,0,0,0,0.0,0,0,0,0,1,0.2,0,0,0,0,0,0.0,0,0,0,0,0,0.0,00:16.0,00:39.0,2.3666666666666667,03:05.0,00:55.0,01:27.0,0.0,0.0,0.0,0,138,3.1866666666666665,5.1964325200855015,39.0,3.1866666666666665,189.0
Y. Angala,Power Forward,0,0,0,6,0,1.2,'0-1,'0-1,'0-0,'2-5,'0-1,25.00%,'0-0,'0-1,'0-0,'0-0,'0-0,0.00%,'0-1,'0-0,'0-0,'2-5,'0-1,28.57%,'0-0,'0-0,'0-0,'0-0,'0-0,0.00%,0,0,0,2,0,0.4,0,1,1,2,0,0.8,0,1,1,4,0,1.2,0,2,0,2,0,0.8,0,0,0,0,1,0.2,0,0,0,0,0,0.0,1,3,1,1,0,1.2,06:29.0,16:41.0,2.3833333333333333,17:24.0,05:16.0,09:38.0,0.0,0.0,0.0,0,157,2.803333333333333,4.348787499078646,41.0,2.803333333333333,194.0
L. Lopez,Power Forward,0,0,0,0,0,0.0,'0-0,'0-0,'0-1,'0-1,'0-2,0.00%,'0-0,'0-0,'0-0,'0-0,'0-1,0.00%,'0-0,'0-0,'0-1,'0-1,'0-1,0.00%,'0-0,'0-0,'0-0,'0-0,'0-0,0.00%,0,0,0,0,2,0.4,0,0,1,0,2,0.6,0,0,1,0,4,1.0,0,1,0,0,2,0.6,0,0,0,0,0,0.0,0,0,0,0,0,0.0,0,0,0,1,2,0.6,01:27.0,00:55.0,2.283333333333333,01:31.0,03:32.0,01:56.0,0.0,0.0,0.0,0,161,2.523333333333333,3.7296380924301604,42.0,2.523333333333333,197.0
A. Sauz,Power Forward,3,0,4,2,2,2.2,'1-5,'0-2,'2-5,'1-4,'1-1,29.41%,'0-3,'0-1,'2-4,'1-2,'1-1,36.36%,'1-2,'0-1,'0-1,'0-2,'0-0,16.67%,'0-0,'0-0,'0-0,'0-0,'0-0,0.00%,0,0,0,2,0,0.4,1,0,3,0,0,0.8,1,0,3,2,0,1.2,0,0,1,1,0,0.4,1,1,1,3,0,1.2,0,0,0,0,0,0.0,1,0,0,1,2,0.8,13:16.0,15:32.0,14.316666666666666,16:13.0,11:40.0,14:12.0,0.0,0.0,0.0,0,169,15.876666666666665,33.25716812854721,25.0,15.876666666666665,129.0
R. Lozada,Power Forward,8,0,2,0,4,2.8,'3-4,'0-2,'1-4,'0-1,'2-9,30.00%,'2-3,'0-0,'1-4,'0-1,'2-4,41.67%,'1-1,'0-2,'0-0,'0-0,'0-5,12.50%,'1-1,'0-0,'0-0,'0-0,'0-3,25.00%,0,0,0,0,0,0.0,1,0,0,0,1,0.4,1,0,0,0,1,0.4,0,4,0,0,0,0.8,1,0,0,0,0,0.2,0,0,0,0,0,0.0,0,1,1,1,0,0.6,10:05.0,08:56.0,8.3,09:24.0,15:14.0,10:23.0,0.0,0.0,0.0,0,174,9.48,19.112552517137175,31.0,9.48,152.0
D. Quinquinio,Power Forward,1,2,0,0,0,0.6,'0-1,'1-1,'0-0,'0-1,'0-0,33.33%,'0-1,'1-1,'0-0,'0-1,'0-0,33.33%,'0-0,'0-0,'0-0,'0-0,'0-0,0.00%,'1-2,'0-0,'0-0,'0-0,'0-0,50.00%,0,0,0,0,0,0.0,2,1,0,1,0,0.8,2,1,0,1,0,0.8,0,0,0,0,0,0.0,0,0,0,0,0,0.0,0,0,0,0,0,0.0,1,1,0,1,0,0.6,07:00.0,05:32.0,0.7166666666666667,05:18.0,01:50.0,04:04.0,0.0,0.0,0.0,0,177,0.8366666666666668,0.0,46.0,0.8366666666666668,210.0
P. Ganade,Power Forward,17,12,7,10,10,11.2,'5-12,'5-12,'3-8,'4-11,'4-8,41.18%,'0-7,'5-11,'2-5,'2-5,'4-7,37.14%,'5-5,'0-1,'1-3,'2-6,'0-1,50.00%,'2-5,'2-2,'0-0,'0-0,'2-2,66.67%,1,0,0,4,1,1.2,4,5,7,2,1,3.8,5,5,7,6,2,5.0,5,7,6,5,8,6.2,1,2,2,5,4,2.8,0,1,0,0,0,0.2,3,5,8,3,10,5.8,36:22.0,35:35.0,35.93333333333333,34:38.0,28:28.0,34:11.0,0.0,0.0,0.0,0,182,41.593333333333334,90.12309279870274,3.0,41.593333333333334,10.0
K. Ruiz,Power Forward,0,0,8,12,2,4.4,'0-1,'0-5,'3-9,'3-13,'1-3,22.58%,'0-1,'0-2,'3-6,'2-5,'1-3,35.29%,'0-0,'0-3,'0-3,'1-8,'0-0,7.14%,'0-0,'0-0,'2-2,'5-5,'0-0,100.00%,0,1,1,1,2,1.0,0,1,1,6,3,2.2,0,2,2,7,5,3.2,0,1,0,2,0,0.6,0,0,1,1,0,0.4,0,0,0,0,0,0.0,1,2,4,4,4,3.0,03:38.0,13:19.0,21.283333333333335,31:59.0,11:30.0,16:20.0,0.0,0.0,0.0,0,184,22.403333333333336,47.68924596447263,16.0,22.403333333333336,85.0
M. Dalguntas,Power Forward,0,0,3,0,0,0.6,'0-2,'0-1,'1-2,'0-1,'0-0,16.67%,'0-0,'0-0,'0-1,'0-0,'0-0,0.00%,'0-2,'0-1,'1-1,'0-1,'0-0,20.00%,'0-0,'0-0,'0-0,'0-0,'0-0,0.00%,0,0,2,1,0,0.6,0,1,2,1,0,0.8,0,1,4,2,0,1.4,0,0,0,1,0,0.2,0,0,0,0,0,0.0,0,0,0,0,0,0.0,0,1,1,2,0,0.8,06:54.0,07:25.0,16.066666666666666,08:41.0,06:39.0,09:08.0,0.0,0.0,0.0,0,186,16.426666666666666,34.473354463035314,23.0,16.426666666666666,125.0
B. Binaohan,Power Forward,8,4,2,2,15,6.2,'4-9,'2-6,'1-3,'1-2,'6-14,41.18%,'4-8,'2-5,'1-3,'1-2,'3-11,37.93%,'0-1,'0-1,'0-0,'0-0,'3-3,60.00%,'0-1,'0-0,'0-0,'0-0,'0-0,0.00%,2,2,1,1,4,2.0,4,3,5,4,4,4.0,6,5,6,5,8,6.0,4,6,5,5,2,4.4,1,0,1,1,3,1.2,0,0,0,0,0,0.0,8,4,3,8,1,4.8,29:59.0,35:05.0,27.666666666666668,28:30.0,31:20.0,30:30.0,0.0,0.0,0.0,0,197,31.30666666666667,67.37672293064053,7.0,31.30666666666667,35.0
E. Delos Reyes,Power Forward,0,1,0,2,1,0.8,'0-0,'0-2,'0-1,'1-2,'0-3,12.50%,'0-0,'0-1,'0-1,'1-2,'0-3,14.29%,'0-0,'0-1,'0-0,'0-0,'0-0,0.00%,'0-0,'1-2,'0-0,'0-0,'1-2,50.00%,0,1,0,1,2,0.8,0,0,1,0,0,0.2,0,1,1,1,2,1.0,0,0,0,0,0,0.0,0,0,0,0,0,0.0,0,0,0,0,0,0.0,0,0,0,1,0,0.2,02:19.0,04:04.0,2.5833333333333335,11:01.0,05:07.0,05:01.0,0.0,0.0,0.0,0,201,3.3033333333333337,5.454411439522371,38.0,3.3033333333333337,188.0
C. Santos,Power Forward,0,2,0,0,4,1.2,'0-1,'1-3,'0-3,'0-0,'2-2,33.33%,'0-1,'1-3,'0-3,'0-0,'2-2,33.33%,'0-0,'0-0,'0-0,'0-0,'0-0,0.00%,'0-0,'0-0,'0-0,'0-0,'0-1,0.00%,2,0,0,0,0,0.4,0,3,2,0,0,1.0,2,3,2,0,0,1.4,2,1,0,0,0,0.6,0,1,0,1,0,0.4,0,0,0,0,0,0.0,2,2,1,1,2,1.6,07:12.0,07:59.0,4.733333333333333,00:33.0,03:23.0,04:46.0,0.0,0.0,0.0,0,202,4.893333333333333,8.97029557013341,36.0,4.893333333333333,177.0
P. Mendoza,Power Forward,3,6,11,7,8,7.0,'1-6,'3-9,'5-11,'3-14,'4-8,33.33%,'1-6,'3-7,'4-10,'3-12,'4-8,34.88%,'0-0,'0-2,'1-1,'0-2,'0-0,20.00%,'1-2,'0-0,'0-0,'1-2,'0-0,50.00%,4,2,4,5,1,3.2,5,5,5,5,0,4.0,9,7,9,10,1,7.2,1,1,4,1,2,1.8,0,0,3,2,1,1.2,1,0,4,3,1,1.8,2,1,3,5,1,2.4,15:17.0,23:51.0,30.95,20:18.0,16:43.0,21:25.0,0.0,0.0,0.0,0,204,37.89,81.93410481314956,4.0,37.89,16.0
M. Phillips,Small Forward,18,18,17,8,18,15.8,'6-12,'9-14,'8-14,'4-6,'6-9,60.00%,'6-12,'9-13,'7-13,'4-5,'6-9,61.54%,'0-0,'0-1,'1-1,'0-1,'0-0,33.33%,'6-15,'0-6,'0-0,'0-0,'6-10,38.71%,5,5,7,3,5,5.0,7,7,4,5,5,5.6,12,12,11,8,10,10.6,2,1,5,4,2,2.8,1,2,1,5,1,2.0,1,0,0,2,1,0.8,4,1,4,3,2,2.8,27:03.0,29:39.0,32.2,16:57.0,23:23.0,25:50.0,0.0,0.0,0.0,Small Forward,1,42.50000000000001,93.75000000000003,3.0,42.50000000000001,8.0
V. David,Small Forward,6,3,2,11,3,5.0,'2-8,'1-6,'1-5,'4-6,'1-7,28.13%,'1-2,'0-0,'1-2,'1-3,'0-0,42.86%,'1-6,'1-6,'0-3,'3-3,'1-7,24.00%,'1-2,'0-0,'0-0,'0-0,'0-0,50.00%,0,0,2,2,2,1.2,1,6,7,0,3,3.4,1,6,9,2,5,4.6,4,3,1,3,1,2.4,2,1,1,1,1,1.2,0,0,0,0,0,0.0,1,1,1,0,4,1.4,29:21.0,28:45.0,23.0,19:00.0,26:10.0,25:15.0,0.0,0.0,0.0,Power Forward,2,27.220000000000002,60.28037383177571,14.0,27.220000000000002,58.0
C. Austria,Small Forward,3,5,7,2,0,3.4,'1-2,'2-6,'3-8,'1-11,'0-0,25.93%,'0-1,'2-3,'3-8,'1-7,'0-0,31.58%,'1-1,'0-3,'1-4,'0-4,'0-0,16.67%,'0-0,'1-3,'0-0,'0-0,'0-0,33.33%,1,1,4,1,0,1.4,0,1,1,0,0,0.4,1,2,5,1,0,1.8,0,3,2,2,1,1.6,0,3,0,0,0,0.6,0,0,1,0,0,0.2,2,4,1,0,0,1.4,12:06.0,20:15.0,18.316666666666666,16:04.0,05:10.0,14:22.0,0.0,0.0,0.0,0,8,20.116666666666667,44.721086448598136,24.0,20.116666666666667,107.0
M. Rubico,Small Forward,2,0,0,6,0,1.6,'1-3,'0-1,'0-1,'3-3,'0-0,50.00%,'1-2,'0-0,'0-0,'3-3,'0-0,80.00%,'0-1,'0-1,'0-1,'0-0,'0-0,0.00%,'0-0,'0-0,'0-0,'0-1,'0-0,0.00%,1,0,0,1,0,0.4,0,0,0,1,0,0.2,1,0,0,2,0,0.6,0,1,0,1,0,0.4,0,0,0,0,0,0.0,0,0,0,0,0,0.0,0,1,0,0,0,0.2,02:03.0,04:03.0,1.55,14:12.0,00:00.0,04:22.0,0.0,0.0,0.0,0,9,2.38,5.870327102803738,40.0,2.38,199.0
J. Cagulangan,Small Forward,12,16,13,6,4,10.2,'4-18,'5-16,'5-16,'3-13,'0-9,23.61%,'3-12,'2-8,'4-9,'3-9,'0-7,26.67%,'1-6,'3-8,'1-7,'0-4,'0-2,18.52%,'3-3,'3-4,'2-3,'0-0,'4-4,85.71%,0,1,1,1,2,1.0,2,6,3,2,3,3.2,2,7,4,3,5,4.2,4,5,5,5,9,5.6,3,0,1,2,1,1.4,0,0,2,0,0,0.4,2,1,2,3,1,1.8,35:54.0,37:21.0,34.9,23:32.0,30:56.0,32:31.0,0.0,0.0,0.0,0,17,42.260000000000005,93.22429906542058,4.0,42.260000000000005,9.0
G. Abadiano,Small Forward,9,16,9,0,33,13.4,'3-6,'5-13,'3-10,'0-2,'12-17,47.92%,'2-4,'3-7,'2-6,'0-1,'7-9,51.85%,'1-2,'2-6,'1-4,'0-0,'5-8,45.00%,'2-2,'4-5,'2-2,'0-0,'4-5,85.71%,1,1,1,0,1,0.8,2,0,7,2,4,3.0,3,1,8,2,5,3.8,0,0,0,0,0,0.0,1,2,0,0,1,0.8,0,0,0,0,0,0.0,2,1,1,0,2,1.2,28:10.0,31:09.0,24.916666666666668,05:09.0,24:15.0,22:43.0,0.0,0.0,0.0,0,18,30.51666666666667,67.50146028037385,9.0,30.51666666666667,43.0
S. Torculas,Small Forward,0,2,7,0,2,2.2,'0-2,'1-2,'2-4,'0-0,'1-2,40.00%,'0-1,'1-2,'1-2,'0-0,'1-1,50.00%,'0-1,'0-0,'1-2,'0-0,'0-0,33.33%,'0-0,'0-0,'2-2,'0-0,'0-0,100.00%,0,0,0,0,0,0.0,0,1,2,1,1,1.0,0,1,2,1,1,1.0,0,0,2,0,0,0.4,0,1,0,0,0,0.2,0,0,0,0,0,0.0,2,1,1,0,0,0.8,04:47.0,04:50.0,14.416666666666666,02:07.0,02:07.0,05:39.0,0.0,0.0,0.0,0,26,15.136666666666665,33.81279205607477,28.0,15.136666666666665,130.0
M. Barasi Jr,Small Forward,0,0,0,0,0,0.0,'0-0,'0-0,'0-0,'0-1,'0-3,0.00%,'0-0,'0-0,'0-0,'0-0,'0-3,0.00%,'0-0,'0-0,'0-0,'0-1,'0-0,0.00%,'0-0,'0-0,'0-0,'0-0,'0-0,0.00%,0,0,0,0,0,0.0,0,0,0,0,1,0.2,0,0,0,0,1,0.2,1,0,0,0,2,0.6,0,0,0,0,1,0.2,0,0,0,0,0,0.0,1,0,0,2,0,0.6,03:57.0,03:17.0,3.283333333333333,04:36.0,10:54.0,05:12.0,0.0,0.0,0.0,0,32,3.1733333333333333,7.608060747663552,36.0,3.1733333333333333,191.0
C. Alexander,Small Forward,0,0,0,4,0,0.8,'0-0,'0-2,'0-2,'1-1,'0-1,16.67%,'0-0,'0-2,'0-1,'1-1,'0-0,25.00%,'0-0,'0-1,'0-1,'0-0,'0-1,0.00%,'0-0,'0-0,'0-0,'2-4,'0-0,50.00%,0,2,0,1,0,0.6,0,1,1,0,0,0.4,0,3,1,1,0,1.0,0,0,1,0,0,0.2,0,0,0,0,0,0.0,0,0,0,0,0,0.0,1,0,0,0,0,0.2,02:19.0,02:10.0,2.1666666666666665,04:00.0,06:24.0,03:24.0,0.0,0.0,0.0,0,35,2.7966666666666664,6.783002336448598,38.0,2.7966666666666664,195.0
M. Tounkara,Small Forward,8,11,7,15,11,10.4,'4-12,'3-10,'3-14,'7-18,'4-8,33.87%,'4-10,'3-8,'3-11,'7-14,'3-6,40.82%,'0-2,'0-2,'0-3,'0-4,'1-2,7.69%,'0-2,'2-5,'1-4,'1-2,'2-2,40.00%,1,9,5,6,2,4.6,7,5,7,12,10,8.2,8,14,12,18,12,12.8,1,2,0,1,2,1.2,0,1,0,0,0,0.2,1,3,0,1,0,1.0,1,2,4,5,1,2.6,27:36.0,30:46.0,22.883333333333333,32:59.0,32:57.0,29:26.0,0.0,0.0,0.0,0,52,30.883333333333333,68.30461448598132,8.0,30.883333333333333,38.0
F. Edu,Small Forward,0,0,0,0,0,0.0,'0-0,'0-0,'0-0,'0-0,'0-0,0.00%,'0-0,'0-0,'0-0,'0-0,'0-0,0.00%,'0-0,'0-0,'0-0,'0-0,'0-0,0.00%,'0-0,'0-0,'0-0,'0-0,'0-0,0.00%,0,0,0,0,0,0.0,0,0,1,1,1,0.6,0,0,1,1,1,0.6,0,0,0,0,0,0.0,0,0,0,0,0,0.0,0,0,0,0,0,0.0,0,0,0,0,0,0.0,04:33.0,00:00.0,4.733333333333333,04:44.0,04:44.0,03:45.0,0.0,0.0,0.0,0,67,5.003333333333334,11.616530373831777,35.0,5.003333333333334,174.0
M. Reyes,Small Forward,0,0,0,0,0,0.0,'0-0,'0-0,'0-0,'0-2,'0-2,0.00%,'0-0,'0-0,'0-0,'0-2,'0-2,0.00%,'0-0,'0-0,'0-0,'0-0,'0-0,0.00%,'0-0,'0-0,'0-0,'0-0,'0-0,0.00%,0,0,0,2,0,0.4,0,0,0,0,0,0.0,0,0,0,2,2,0.8,0,0,0,0,0,0.0,0,0,0,0,0,0.0,0,0,0,0,0,0.0,1,0,0,1,1,0.6,00:46.0,00:00.0,0.0,10:46.0,10:46.0,04:27.0,0.0,0.0,0.0,0,68,-0.3,0.0,45.0,-0.3,216.0
J. Cruz-Dumont,Small Forward,15,14,6,19,0,10.8,'6-10,'3-9,'2-2,'7-14,'0-2,48.65%,'3-5,'2-6,'2-2,'4-6,'0-1,55.00%,'3-5,'1-3,'0-0,'3-8,'0-1,41.18%,'0-0,'7-7,'2-2,'2-2,'0-0,100.00%,0,1,0,0,1,0.4,4,2,1,2,2,2.2,4,3,1,2,3,2.6,4,4,2,2,3,3.0,0,4,1,2,1,1.6,0,0,0,0,0,0.0,2,1,0,0,2,1.0,27:55.0,28:29.0,19.266666666666666,26:44.0,15:56.0,23:40.0,0.0,0.0,0.0,0,69,25.516666666666666,56.54935747663552,16.0,25.516666666666666,66.0
R. Maga,Small Forward,10,11,15,9,9,10.8,'4-9,'5-9,'5-10,'3-10,'3-10,41.67%,'4-7,'4-5,'2-4,'1-5,'1-5,46.15%,'0-2,'1-3,'3-6,'2-5,'2-5,38.10%,'1-1,'0-2,'2-2,'1-3,'1-3,45.45%,0,0,0,3,3,1.2,2,1,3,3,3,2.4,2,1,3,6,6,3.6,2,0,2,2,2,1.6,2,1,0,2,0,1.0,0,0,0,0,1,0.2,2,2,0,3,3,2.0,26:57.0,25:43.0,30.0,28:35.0,17:29.0,25:44.0,0.0,0.0,0.0,0,70,34.8,76.88376168224299,6.0,34.8,21.0
D. Fikes,Small Forward,9,7,9,12,5,8.4,'3-17,'2-6,'4-8,'4-9,'2-9,30.61%,'2-7,'1-2,'4-4,'2-4,'1-6,43.48%,'1-10,'1-4,'0-4,'2-4,'1-3,20.00%,'2-6,'2-2,'1-1,'2-4,'0-0,53.85%,3,2,4,3,1,2.6,4,3,6,4,2,3.8,7,5,10,7,3,6.4,2,0,3,3,0,1.6,0,0,1,3,1,1.0,2,0,1,1,0,0.8,3,2,2,3,1,2.2,28:27.0,23:18.0,24.266666666666666,26:50.0,15:05.0,23:35.0,0.0,0.0,0.0,0,73,29.586666666666666,65.46436915887851,12.0,29.586666666666666,48.0
S. Enriquez,Small Forward,5,3,6,7,0,4.2,'2-8,'0-3,'2-4,'0-3,'0-3,19.05%,'1-6,'0-0,'0-1,'0-0,'0-1,12.50%,'1-2,'0-3,'2-3,'0-3,'0-2,23.08%,'0-0,'3-4,'0-0,'3-4,'0-0,75.00%,1,0,0,0,0,0.2,2,0,0,0,1,0.6,3,0,0,0,1,0.8,3,2,0,2,5,2.4,2,2,0,2,0,1.2,0,0,0,0,0,0.0,1,0,0,0,2,0.6,12:53.0,17:58.0,13.216666666666667,17:58.0,13:55.0,15:11.0,0.0,0.0,0.0,0,82,16.246666666666666,36.24415887850468,27.0,16.246666666666666,126.0
D. Lim,Small Forward,1,0,0,3,3,1.4,'0-2,'0-2,'0-3,'0-2,'1-5,7.14%,'0-1,'0-0,'0-3,'0-0,'0-3,0.00%,'0-1,'0-2,'0-0,'0-2,'1-2,14.29%,'1-2,'0-0,'0-0,'0-0,'0-0,50.00%,0,0,0,0,2,0.4,0,2,0,2,1,1.0,0,2,0,2,3,1.4,2,1,2,1,1,1.4,0,0,0,0,1,0.2,1,1,0,1,0,0.6,0,0,0,0,1,0.2,14:08.0,10:40.0,7.1,10:40.0,12:40.0,11:02.0,0.0,0.0,0.0,0,84,9.120000000000001,20.633761682242994,32.0,9.120000000000001,154.0
R. Alforque,Small Forward,8,9,11,8,9,9.0,'4-11,'2-9,'3-7,'3-8,'2-9,31.82%,'4-9,'1-6,'3-6,'3-7,'1-6,35.29%,'0-2,'1-3,'0-1,'0-1,'1-3,20.00%,'0-1,'4-4,'5-5,'2-3,'4-6,78.95%,0,0,1,2,1,0.8,4,2,3,6,7,4.4,4,2,4,8,8,5.2,2,4,4,2,3,3.0,0,1,0,0,0,0.2,0,0,0,0,0,0.0,1,3,4,2,2,2.4,23:37.0,21:27.0,22.766666666666666,22:16.0,29:36.0,23:56.0,0.0,0.0,0.0,0,100,27.456666666666667,60.79877336448599,13.0,27.456666666666667,57.0
A. Bagunu,Small Forward,2,0,0,3,5,2.0,'1-3,'0-0,'0-0,'1-2,'2-4,44.44%,'1-1,'0-0,'0-0,'0-1,'2-2,75.00%,'0-2,'0-0,'0-0,'1-1,'0-2,20.00%,'0-0,'0-0,'0-0,'0-0,'1-1,100.00%,1,0,0,0,0,0.2,0,0,0,1,4,1.0,1,0,0,1,4,1.2,0,0,0,0,3,0.6,0,0,0,0,1,0.2,0,0,0,0,0,0.0,0,1,0,0,6,1.4,07:36.0,04:16.0,1.9833333333333334,06:21.0,21:32.0,08:20.0,0.0,0.0,0.0,0,101,2.223333333333333,5.527161214953271,41.0,2.223333333333333,201.0
C. Clarin,Small Forward,14,12,5,8,12,10.2,'4-14,'4-9,'2-6,'3-13,'4-7,34.69%,'3-5,'1-2,'1-1,'1-4,'2-2,57.14%,'1-9,'3-7,'1-5,'2-9,'2-5,25.71%,'5-6,'1-2,'0-0,'0-0,'2-2,80.00%,1,0,1,1,2,1.0,5,5,4,2,2,3.6,6,5,5,3,4,4.6,3,2,5,1,2,2.6,2,1,2,0,2,1.4,0,0,1,0,0,0.2,3,3,2,3,7,3.6,30:59.0,31:34.0,19.933333333333334,22:35.0,28:48.0,26:46.0,0.0,0.0,0.0,0,111,24.07333333333333,53.387850467289724,17.0,24.07333333333333,74.0
J. Talas,Small Forward,9,0,0,0,3,2.4,'4-8,'0-2,'0-0,'0-4,'1-4,27.78%,'3-3,'0-2,'0-0,'0-1,'1-2,50.00%,'1-5,'0-0,'0-0,'0-3,'0-2,10.00%,'0-0,'0-0,'0-0,'0-0,'1-1,100.00%,1,1,0,1,1,0.8,0,0,1,0,1,0.4,1,1,1,1,2,1.2,1,0,1,0,0,0.4,0,0,0,1,2,0.6,0,0,0,0,0,0.0,0,0,0,1,0,0.2,11:38.0,03:37.0,8.0,13:36.0,12:25.0,09:51.0,0.0,0.0,0.0,0,112,9.68,21.860397196261687,30.0,9.68,151.0
A. Betanio,Small Forward,3,5,3,13,4,5.6,'1-3,'2-3,'1-10,'5-6,'2-4,42.31%,'0-0,'2-2,'0-4,'2-3,'2-3,50.00%,'1-3,'0-1,'1-6,'3-3,'0-1,35.71%,'0-0,'1-3,'0-0,'0-0,'0-0,33.33%,0,1,1,0,0,0.4,1,3,6,4,3,3.4,1,4,7,4,3,3.8,1,5,1,2,7,3.2,1,3,2,4,3,2.6,0,0,0,0,0,0.0,3,4,3,3,2,3.0,23:45.0,22:13.0,22.4,18:26.0,18:59.0,21:09.0,0.0,0.0,0.0,0,118,25.97,57.54234813084113,15.0,25.97,64.0
C. Maglupay,Small Forward,7,2,7,8,5,5.8,'1-3,'1-7,'2-6,'3-7,'2-6,31.03%,'1-3,'1-7,'1-5,'3-6,'1-5,26.92%,'0-0,'0-0,'1-1,'0-1,'1-1,66.67%,'5-10,'0-0,'2-2,'2-4,'0-0,56.25%,8,3,4,8,4,5.4,15,5,4,3,5,6.4,23,8,8,11,9,11.8,0,0,2,2,0,0.8,1,0,2,0,3,1.2,1,2,2,1,1,1.4,5,6,1,0,2,2.8,30:21.0,25:49.0,25.916666666666668,20:54.0,25:17.0,25:39.0,0.0,0.0,0.0,0,120,32.15666666666667,71.09375000000001,7.0,32.15666666666667,29.0
C. Serrano,Small Forward,0,0,0,0,0,0.0,'0-1,'0-0,'0-1,'0-1,'0-0,0.00%,'0-1,'0-0,'0-1,'0-1,'0-0,0.00%,'0-0,'0-0,'0-0,'0-0,'0-0,0.00%,'0-0,'0-0,'0-0,'0-0,'0-0,0.00%,0,1,0,0,0,0.2,0,0,0,1,2,0.6,0,1,0,1,2,0.8,0,0,0,0,0,0.0,0,1,0,0,0,0.2,0,0,0,0,0,0.0,1,1,2,0,0,0.8,04:28.0,04:55.0,3.0833333333333335,07:51.0,05:44.0,05:12.0,0.0,0.0,0.0,0,127,2.743333333333333,6.666179906542056,39.0,2.743333333333333,196.0
A. Pescador,Small Forward,0,0,0,0,5,1.0,'0-0,'0-3,'0-0,'0-0,'2-7,20.00%,'0-0,'0-0,'0-0,'0-0,'1-2,50.00%,'0-0,'0-3,'0-0,'0-0,'1-5,12.50%,'0-0,'0-0,'0-0,'0-0,'0-0,0.00%,1,0,0,0,2,0.6,1,0,0,1,0,0.4,2,0,0,1,2,1.0,0,0,0,0,0,0.0,0,0,1,0,0,0.2,0,0,0,0,1,0.2,1,0,0,1,0,0.4,00:54.0,01:48.0,0.7,02:22.0,10:41.0,03:17.0,0.0,0.0,0.0,0,128,1.2999999999999998,3.504672897196262,43.0,1.2999999999999998,208.0
R. Dionisio,Small Forward,0,3,0,0,2,1.0,'0-0,'1-2,'0-0,'0-0,'0-1,33.33%,'0-0,'1-2,'0-0,'0-0,'0-1,33.33%,'0-0,'0-0,'0-0,'0-0,'0-0,0.00%,'0-0,'1-2,'0-0,'0-0,'2-2,75.00%,1,1,1,0,1,0.8,1,2,3,3,1,2.0,2,3,4,3,2,2.8,0,0,0,1,1,0.4,0,0,1,0,1,0.4,0,0,0,0,0,0.0,2,3,0,1,0,1.2,08:21.0,16:37.0,16.166666666666668,06:31.0,08:25.0,11:12.0,0.0,0.0,0.0,0,133,16.97666666666667,37.84316588785048,26.0,16.97666666666667,123.0
N. Ornopia,Small Forward,0,0,10,2,4,3.2,'0-1,'0-3,'5-11,'1-1,'2-2,44.44%,'0-1,'0-3,'5-11,'1-1,'2-2,44.44%,'0-0,'0-0,'0-0,'0-0,'0-0,0.00%,'0-0,'0-0,'0-0,'0-0,'0-0,0.00%,0,1,1,0,0,0.4,1,2,4,1,0,1.6,1,3,5,1,0,2.0,0,0,1,0,0,0.2,0,0,1,0,0,0.2,0,0,0,0,0,0.0,0,0,0,2,0,0.4,02:23.0,11:47.0,19.016666666666666,03:29.0,04:12.0,08:10.0,0.0,0.0,0.0,0,139,20.836666666666666,46.29818925233645,20.0,20.836666666666666,99.0
N. Manlimos,Small Forward,2,0,3,0,0,1.0,'1-2,'0-2,'1-5,'0-0,'0-0,22.22%,'1-2,'0-2,'1-4,'0-0,'0-0,25.00%,'0-0,'0-0,'0-1,'0-0,'0-0,0.00%,'0-2,'0-0,'1-2,'0-0,'0-0,25.00%,1,0,1,0,0,0.4,0,0,0,0,0,0.0,1,0,1,0,0,0.4,0,0,0,0,0,0.0,0,0,0,0,0,0.0,0,0,0,0,0,0.0,0,0,0,0,1,0.2,01:36.0,01:10.0,6.883333333333333,00:32.0,03:49.0,02:48.0,0.0,0.0,0.0,0,140,7.213333333333333,16.457359813084114,34.0,7.213333333333333,163.0
O. Adeshina,Small Forward,12,16,8,14,4,10.8,'5-9,'7-20,'4-11,'6-13,'2-8,39.34%,'5-9,'7-20,'4-11,'6-13,'2-8,39.34%,'0-0,'0-0,'0-0,'0-0,'0-0,0.00%,'2-4,'2-3,'0-2,'2-4,'0-0,46.15%,2,4,2,3,4,3.0,6,3,3,7,2,4.2,8,7,5,10,6,7.2,0,0,0,1,1,0.4,2,0,3,1,1,1.4,1,1,0,0,0,0.4,5,2,1,5,2,3.0,31:12.0,37:11.0,18.366666666666667,29:34.0,28:45.0,29:00.0,0.0,0.0,0.0,0,143,23.486666666666665,52.10280373831776,18.0,23.486666666666665,77.0
E. Etang,Small Forward,12,22,9,9,6,11.6,'3-14,'9-25,'4-16,'4-12,'3-15,28.05%,'2-6,'8-19,'3-12,'4-8,'3-14,33.90%,'1-8,'1-6,'1-4,'0-4,'0-1,13.04%,'5-6,'3-5,'0-2,'1-2,'0-0,60.00%,1,3,0,1,1,1.2,4,5,5,6,2,4.4,5,8,5,7,3,5.6,2,1,2,1,2,1.6,2,3,1,3,2,2.2,0,0,0,0,0,0.0,6,3,1,7,4,4.2,38:00.0,39:41.0,25.583333333333332,35:26.0,30:13.0,33:47.0,0.0,0.0,0.0,0,145,29.863333333333333,66.07038551401871,11.0,29.863333333333333,47.0
M. Trabado,Small Forward,0,0,0,0,0,0.0,'0-0,'0-0,'0-0,'0-0,'0-0,0.00%,'0-0,'0-0,'0-0,'0-0,'0-0,0.00%,'0-0,'0-0,'0-0,'0-0,'0-0,0.00%,'0-0,'0-0,'0-0,'0-0,'0-0,0.00%,0,0,0,0,0,0.0,0,0,0,0,0,0.0,0,0,0,0,0,0.0,0,0,0,0,0,0.0,0,0,0,0,0,0.0,0,0,0,0,0,0.0,0,0,0,0,0,0.0,00:03.0,00:23.0,0.65,02:29.0,02:00.0,01:06.0,0.0,0.0,0.0,0,150,0.65,2.0808995327102804,44.0,0.65,212.0
R. Olivenza,Small Forward,0,0,0,1,0,0.2,'0-0,'0-0,'0-0,'0-0,'0-0,0.00%,'0-0,'0-0,'0-0,'0-0,'0-0,0.00%,'0-0,'0-0,'0-0,'0-0,'0-0,0.00%,'0-0,'0-0,'0-0,'1-2,'0-0,50.00%,0,1,2,0,0,0.6,0,0,1,0,1,0.4,0,1,3,0,1,1.0,0,0,0,0,0,0.0,0,0,0,0,0,0.0,0,0,0,0,0,0.0,0,1,0,0,0,0.2,00:16.0,06:33.0,1.5166666666666666,03:31.0,01:35.0,02:41.0,0.0,0.0,0.0,0,156,1.8366666666666667,4.680198598130842,42.0,1.8366666666666667,204.0
S. Makanjuola,Small Forward,10,11,14,21,8,12.8,'1-3,'2-8,'3-7,'8-11,'4-5,52.94%,'1-3,'2-8,'3-7,'8-11,'4-5,52.94%,'0-0,'0-0,'0-0,'0-0,'0-0,0.00%,'8-12,'7-8,'8-12,'5-5,'0-1,73.68%,6,8,7,8,1,6.0,17,4,10,3,3,7.4,23,12,17,11,4,13.4,0,1,3,0,1,1.0,1,1,0,0,1,0.6,1,2,0,1,3,1.4,4,1,3,1,3,2.4,41:18.0,28:26.0,29.933333333333334,20:26.0,31:45.0,30:22.0,0.0,0.0,0.0,0,163,39.54333333333333,87.27365654205606,5.0,39.54333333333333,12.0
D. Nolasco,Small Forward,14,5,5,4,3,6.2,'4-6,'2-4,'1-3,'2-3,'1-3,52.63%,'1-1,'1-2,'0-0,'2-2,'1-2,71.43%,'3-5,'1-2,'1-3,'0-1,'0-1,41.67%,'3-4,'0-0,'2-2,'0-0,'1-2,75.00%,1,1,0,0,0,0.4,3,4,4,0,1,2.4,4,5,4,0,1,2.8,2,2,3,0,2,1.8,0,0,0,1,2,0.6,0,0,0,0,0,0.0,2,2,0,1,1,1.2,20:45.0,17:03.0,17.15,16:47.0,15:36.0,17:28.0,0.0,0.0,0.0,0,173,20.58,45.73598130841122,22.0,20.58,102.0
E. Jimenez,Small Forward,2,5,0,0,9,3.2,'1-4,'2-6,'0-2,'0-4,'3-3,31.58%,'1-2,'1-2,'0-2,'0-2,'0-0,25.00%,'0-2,'1-4,'0-0,'0-2,'3-3,36.36%,'0-0,'0-0,'0-0,'0-0,'0-0,0.00%,0,1,2,1,0,0.8,3,1,3,1,2,2.0,3,2,5,2,2,2.8,2,1,0,0,1,0.8,2,1,3,3,2,2.2,0,0,0,0,0,0.0,4,3,1,1,1,2.0,15:32.0,14:59.0,16.216666666666665,10:53.0,08:19.0,13:11.0,0.0,0.0,0.0,0,175,18.096666666666664,40.29643691588785,25.0,18.096666666666664,117.0
R. Solitario,Small Forward,3,0,3,2,0,1.6,'1-2,'0-1,'1-6,'0-0,'0-1,20.00%,'0-0,'0-1,'0-0,'0-0,'0-0,0.00%,'1-2,'0-0,'1-6,'0-0,'0-1,22.22%,'0-0,'0-0,'0-0,'2-3,'0-0,66.67%,0,1,1,0,0,0.4,0,0,0,1,0,0.2,0,1,1,1,0,0.6,0,0,0,0,0,0.0,0,0,0,1,0,0.2,0,0,0,0,0,0.0,0,0,2,1,0,0.6,05:08.0,03:06.0,9.033333333333333,05:35.0,00:24.0,04:39.0,0.0,0.0,0.0,0,179,9.363333333333333,21.16676401869159,31.0,9.363333333333333,153.0
K. Buscar,Small Forward,4,2,0,0,2,1.6,'2-5,'1-3,'0-2,'0-5,'1-5,20.00%,'2-4,'1-2,'0-2,'0-4,'1-4,25.00%,'0-1,'0-1,'0-0,'0-1,'0-1,0.00%,'0-0,'0-0,'0-0,'0-0,'0-0,0.00%,0,2,0,1,1,0.8,3,3,1,2,2,2.2,3,5,1,3,3,3.0,2,0,0,2,1,1.0,0,3,0,1,4,1.6,0,0,0,0,0,0.0,7,3,2,3,5,4.0,27:19.0,20:37.0,8.033333333333333,23:21.0,30:32.0,21:58.0,0.0,0.0,0.0,0,180,7.243333333333332,16.52307242990654,33.0,7.243333333333332,162.0
P. Delig,Small Forward,0,0,0,0,0,0.0,'0-0,'0-2,'0-1,'0-0,'0-0,0.00%,'0-0,'0-0,'0-0,'0-0,'0-0,0.00%,'0-0,'0-2,'0-1,'0-0,'0-0,0.00%,'0-0,'0-0,'0-0,'0-0,'0-0,0.00%,0,0,0,0,0,0.0,0,0,0,0,1,0.2,0,0,0,0,0,0.0,0,0,0,0,0,0.0,0,0,0,0,0,0.0,0,0,0,0,0,0.0,2,0,0,0,0,0.4,01:12.0,02:30.0,3.35,04:20.0,00:00.0,02:16.0,0.0,0.0,0.0,0,187,2.98,7.184579439252337,37.0,2.98,193.0
R. Lumibao,Small Forward,0,0,2,0,4,1.2,'0-0,'0-3,'1-2,'0-0,'2-5,30.00%,'0-0,'0-2,'1-2,'0-0,'2-4,37.50%,'0-0,'0-1,'0-0,'0-0,'0-1,0.00%,'0-0,'0-0,'0-0,'0-0,'0-0,0.00%,0,0,1,0,1,0.4,0,1,3,0,6,2.0,0,1,4,0,7,2.4,0,0,0,0,0,0.0,0,0,1,0,0,0.2,0,0,0,0,0,0.0,0,0,1,1,5,1.4,00:55.0,06:20.0,12.666666666666666,00:56.0,15:34.0,07:17.0,0.0,0.0,0.0,0,188,12.866666666666665,28.840537383177573,29.0,12.866666666666665,137.0
D. Cruz,Small Forward,0,0,8,0,0,1.6,'0-4,'0-7,'4-5,'0-0,'0-2,22.22%,'0-4,'0-7,'4-4,'0-0,'0-2,23.53%,'0-0,'0-0,'0-1,'0-0,'0-0,0.00%,'0-2,'0-0,'0-0,'0-0,'0-0,0.00%,2,1,1,0,1,1.0,3,1,2,1,3,2.0,5,2,3,1,4,3.0,0,0,0,0,1,0.2,1,1,1,0,1,0.8,0,0,0,0,0,0.0,1,0,0,0,4,1.0,21:55.0,13:53.0,19.266666666666666,03:08.0,16:29.0,14:56.0,0.0,0.0,0.0,0,190,20.676666666666666,45.947721962616825,21.0,20.676666666666666,100.0
K. Kone,Small Forward,5,8,22,12,18,13.0,'1-5,'4-7,'10-13,'4-7,'8-11,62.79%,'1-5,'4-7,'10-13,'4-7,'8-11,62.79%,'0-0,'0-0,'0-0,'0-0,'0-0,0.00%,'3-6,'0-0,'2-2,'4-5,'2-4,64.71%,4,3,5,4,5,4.2,5,6,10,5,6,6.4,9,9,15,9,11,10.6,0,0,0,0,0,0.0,1,1,0,1,1,0.8,0,0,0,0,1,0.2,0,4,4,4,6,3.6,28:59.0,38:07.0,39.13333333333333,37:24.0,34:10.0,35:33.0,0.0,0.0,0.0,0,191,45.35333333333333,100.0,1.0,45.35333333333333,3.0
M. Camba,Small Forward,4,1,4,0,6,3.0,'1-1,'0-2,'1-4,'0-4,'2-2,30.77%,'1-1,'0-0,'1-2,'0-3,'1-1,42.86%,'0-0,'0-2,'0-2,'0-1,'1-1,16.67%,'2-2,'1-2,'2-6,'0-0,'1-2,50.00%,0,2,2,2,0,1.2,5,1,0,4,7,3.4,5,3,2,6,7,4.6,1,2,3,2,1,1.8,0,2,1,3,0,1.2,0,0,0,0,0,0.0,5,2,4,2,3,3.2,14:34.0,10:53.0,21.783333333333335,17:48.0,15:51.0,16:10.0,0.0,0.0,0.0,0,193,23.203333333333337,51.48218457943926,19.0,23.203333333333337,78.0
K. Sunga,Small Forward,7,12,14,11,8,10.4,'2-5,'6-9,'7-8,'4-7,'4-7,63.89%,'2-4,'6-9,'7-8,'4-7,'4-7,65.71%,'0-1,'0-0,'0-0,'0-0,'0-0,0.00%,'3-8,'0-0,'0-0,'3-6,'0-0,42.86%,7,2,3,5,3,4.0,7,3,4,3,4,4.2,14,5,7,8,7,8.2,2,1,1,0,1,1.0,0,1,1,5,0,1.4,1,0,0,1,0,0.4,2,2,1,1,1,1.4,25:54.0,31:18.0,22.95,28:11.0,33:59.0,28:27.0,0.0,0.0,0.0,0,194,30.28,66.98306074766356,10.0,30.28,45.0
S. Salvani,Small Forward,8,21,29,0,7,13.0,'2-8,'6-11,'11-21,'0-14,'2-9,33.33%,'2-7,'6-9,'11-18,'0-6,'2-4,47.73%,'0-1,'0-2,'0-3,'0-8,'0-5,0.00%,'4-8,'9-14,'7-9,'0-0,'3-4,65.71%,2,4,2,2,1,2.2,2,4,4,6,9,5.0,4,8,6,8,10,7.2,5,3,6,5,5,4.8,0,0,7,4,0,2.2,0,0,0,1,1,0.4,2,6,3,11,9,6.2,25:56.0,35:25.0,37.68333333333333,26:50.0,27:18.0,30:38.0,0.0,0.0,0.0,0,211,42.97333333333333,94.78679906542055,2.0,42.97333333333333,7.0
R. Ong,Small Forward,0,8,7,1,2,3.6,'0-2,'4-4,'2-6,'0-1,'1-4,41.18%,'0-2,'4-4,'2-6,'0-1,'1-4,41.18%,'0-0,'0-0,'0-0,'0-0,'0-0,0.00%,'0-0,'0-0,'3-4,'1-2,'0-0,66.67%,0,1,4,0,0,1.0,0,1,6,3,2,2.4,0,2,10,3,2,3.4,2,1,0,1,0,0.8,1,2,0,0,1,0.8,0,0,5,1,0,1.2,0,1,2,1,1,1.0,07:27.0,16:47.0,17.35,10:21.0,11:43.0,12:43.0,0.0,0.0,0.0,0,214,20.540000000000003,45.64836448598132,23.0,20.540000000000003,104.0
J. Macalalag,Shooting Guard,6,9,0,0,2,3.4,'2-7,'3-8,'0-4,'0-5,'0-2,19.23%,'0-3,'2-7,'0-4,'0-3,'0-2,10.53%,'2-4,'1-1,'0-0,'0-2,'0-0,42.86%,'0-0,'2-2,'0-0,'0-0,'2-4,66.67%,1,3,0,0,0,0.8,2,1,0,1,0,0.8,3,4,0,1,0,1.6,3,1,2,3,1,2.0,1,1,0,0,0,0.4,0,0,1,0,0,0.2,1,1,1,0,4,1.4,30:21.0,26:49.0,24.316666666666666,20:42.0,23:24.0,25:07.0,0.0,0.0,0.0,Center,3,25.846666666666668,56.79790026246718,13.0,25.846666666666668,65.0
V. Marasigan,Shooting Guard,0,0,2,5,1,1.6,'0-0,'0-0,'1-4,'2-4,'0-5,23.08%,'0-0,'0-0,'1-4,'2-4,'0-3,27.27%,'0-0,'0-0,'0-1,'0-0,'0-2,0.00%,'0-0,'0-0,'0-0,'1-2,'1-2,50.00%,0,1,0,0,0,0.2,1,0,1,0,1,0.6,1,1,1,0,1,0.8,1,1,0,1,0,0.6,0,0,0,4,0,0.8,0,0,0,0,0,0.0,2,2,2,2,1,1.8,02:38.0,03:45.0,6.55,10:50.0,11:54.0,07:08.0,0.0,0.0,0.0,0,11,6.37,12.980877390326206,36.0,6.37,167.0
A. Konov,Shooting Guard,0,0,0,4,0,0.8,'0-0,'0-0,'0-0,'1-3,'0-1,25.00%,'0-0,'0-0,'0-0,'0-0,'0-0,0.00%,'0-0,'0-0,'0-0,'1-3,'0-1,25.00%,'0-0,'0-0,'0-0,'1-1,'0-1,50.00%,0,0,0,0,0,0.0,0,0,0,2,1,0.6,0,0,0,2,1,0.6,0,0,0,0,1,0.2,0,0,0,0,0,0.0,0,0,0,0,0,0.0,0,0,0,0,0,0.0,00:00.0,00:00.0,0.0,09:55.0,04:59.0,02:58.0,0.0,0.0,0.0,0,13,0.6000000000000001,0.0,45.0,0.6000000000000001,213.0
H. Alarcon,Shooting Guard,7,5,4,16,0,6.4,'3-6,'2-7,'1-4,'7-14,'0-1,40.63%,'3-5,'1-3,'1-2,'7-9,'0-1,60.00%,'0-1,'1-4,'0-2,'0-5,'0-0,8.33%,'1-2,'1-4,'2-2,'2-2,'0-0,60.00%,1,0,1,0,0,0.4,3,1,0,3,1,1.6,4,3,1,3,1,2.4,2,0,2,1,0,1.0,0,0,0,3,0,0.6,0,0,0,0,0,0.0,1,0,0,0,1,0.4,20:26.0,24:46.0,15.666666666666666,26:17.0,08:45.0,19:10.0,0.0,0.0,0.0,0,19,19.486666666666668,42.48968878890139,24.0,19.486666666666668,111.0
R. Mantua,Shooting Guard,14,14,6,14,3,10.2,'7-8,'6-7,'2-5,'6-7,'1-4,70.97%,'7-7,'4-4,'2-3,'4-4,'1-2,90.00%,'0-1,'2-3,'0-2,'2-3,'0-2,36.36%,'0-1,'0-2,'2-2,'0-2,'1-1,37.50%,1,0,0,0,0,0.2,0,0,0,0,0,0.0,1,0,0,0,0,0.2,1,0,0,0,0,0.2,2,0,0,0,0,0.4,0,0,0,0,0,0.0,3,2,2,2,1,2.0,17:35.0,19:44.0,19.733333333333334,19:44.0,12:48.0,17:55.0,0.0,0.0,0.0,0,27,22.683333333333334,49.68128983877015,15.0,22.683333333333334,81.0
A. Fransman,Shooting Guard,8,0,5,3,18,6.8,'3-11,'0-0,'2-9,'1-7,'7-17,29.55%,'1-5,'0-0,'1-2,'0-2,'4-7,37.50%,'2-6,'0-0,'1-7,'1-5,'3-10,25.00%,'0-0,'0-0,'1-1,'1-3,'1-1,60.00%,0,0,0,0,1,0.2,7,0,0,2,10,3.8,7,0,0,2,11,4.0,2,0,0,2,3,1.4,0,0,1,0,1,0.4,0,0,0,2,1,0.6,3,0,0,3,4,2.0,26:03.0,00:00.0,14.916666666666666,19:20.0,23:14.0,16:42.0,0.0,0.0,0.0,0,29,18.076666666666668,39.31758530183727,26.0,18.076666666666668,118.0
A. Ronzone,Shooting Guard,0,0,0,0,0,0.0,'0-0,'0-0,'0-0,'0-0,'0-1,0.00%,'0-0,'0-0,'0-0,'0-0,'0-0,0.00%,'0-0,'0-0,'0-0,'0-0,'0-1,0.00%,'0-0,'0-0,'0-0,'0-0,'0-0,0.00%,0,0,0,0,0,0.0,0,1,1,0,0,0.4,0,1,1,0,0,0.4,0,0,0,0,0,0.0,0,0,0,0,0,0.0,0,0,0,0,0,0.0,0,0,0,0,2,0.4,02:37.0,02:22.0,2.3666666666666667,04:00.0,04:36.0,03:11.0,0.0,0.0,0.0,0,37,2.086666666666667,3.3445819272590924,44.0,2.086666666666667,202.0
M. Anabo,Shooting Guard,13,6,5,7,7,7.6,'3-7,'2-5,'2-2,'2-5,'2-5,45.83%,'0-1,'0-3,'2-2,'1-1,'1-1,50.00%,'3-6,'0-0,'0-0,'1-4,'1-4,35.71%,'4-7,'0-0,'1-0,'2-3,'2-3,69.23%,0,0,0,1,1,0.4,2,6,1,1,1,2.2,2,6,1,2,2,2.6,2,1,2,0,0,1.0,1,1,1,0,0,0.6,0,0,0,0,0,0.0,3,1,0,2,2,1.6,23:14.0,20:08.0,16.733333333333334,12:13.0,12:13.0,16:54.0,0.0,0.0,0.0,0,38,19.993333333333332,43.62954630671165,23.0,19.993333333333332,109.0
M. Ojarikre,Shooting Guard,2,13,17,17,0,9.8,'3-5,'5-14,'8-17,'8-17,'0-0,45.28%,'3-5,'5-13,'4-7,'4-7,'0-0,50.00%,'0-0,'0-1,'4-10,'3-6,'0-0,41.18%,'0-0,'3-4,'1-2,'1-2,'0-0,62.50%,2,3,3,3,3,2.8,3,6,7,7,7,6.0,5,9,10,10,10,8.8,0,1,4,4,4,2.6,0,0,2,2,0,0.8,0,2,1,1,0,0.8,2,5,2,2,0,2.2,22:15.0,21:35.0,24.583333333333332,24:35.0,18:04.0,22:12.0,0.0,0.0,0.0,0,40,31.013333333333332,68.4214473190851,6.0,31.013333333333332,37.0
C. Manzano,Shooting Guard,6,0,2,0,6,2.8,'1-1,'1-6,'1-1,'0-0,'3-8,37.50%,'1-1,'1-6,'1-1,'0-0,'3-7,40.00%,'0-0,'0-0,'0-0,'0-0,'0-1,0.00%,'0-1,'0-5,'0-1,'0-0,'0-0,0.00%,5,7,2,0,0,2.8,2,4,5,4,2,3.4,7,11,7,4,2,6.2,1,1,1,0,4,1.4,0,0,0,0,2,0.4,1,0,1,2,1,1.0,1,0,0,1,2,0.8,17:32.0,00:00.0,17.533333333333335,19:50.0,24:35.0,15:53.0,0.0,0.0,0.0,0,41,20.913333333333334,45.699287589051366,21.0,20.913333333333334,97.0
K. Paranada,Shooting Guard,12,9,3,8,13,9.0,'4-9,'3-8,'1-3,'3-5,'5-6,51.61%,'2-4,'3-7,'1-2,'1-2,'3-3,55.56%,'2-5,'0-1,'0-1,'2-3,'2-3,46.15%,'2-2,'3-4,'1-1,'0-0,'1-1,87.50%,1,0,0,0,0,0.2,1,2,0,0,1,0.8,2,2,0,0,1,1.0,4,6,2,1,2,3.0,0,0,0,2,2,0.8,0,1,0,1,0,0.4,0,0,1,2,0,0.6,24:06.0,19:16.0,7.55,16:36.0,14:37.0,16:25.0,0.0,0.0,0.0,0,43,12.839999999999998,27.536557930258716,31.0,12.839999999999998,138.0
S. Tuano,Shooting Guard,4,13,4,8,8,7.4,'2-7,'5-9,'2-6,'3-5,'4-10,43.24%,'2-7,'5-8,'2-5,'3-5,'4-10,45.71%,'0-0,'0-1,'0-1,'0-0,'0-0,0.00%,'0-0,'3-9,'0-0,'2-3,'0-0,41.67%,2,1,2,1,0,1.2,3,3,4,1,1,2.4,5,4,6,1,2,3.6,0,3,1,3,0,1.4,0,2,0,0,1,0.6,0,0,0,0,0,0.0,2,1,2,1,2,1.6,15:42.0,20:05.0,18.783333333333335,09:36.0,18:31.0,16:32.0,0.0,0.0,0.0,0,62,22.373333333333335,48.983877015373075,18.0,22.373333333333335,88.0
M. Asoro,Shooting Guard,0,0,0,0,0,0.0,'0-0,'0-0,'0-1,'0-1,'0-2,0.00%,'0-0,'0-0,'0-1,'0-1,'0-1,0.00%,'0-0,'0-0,'0-0,'0-0,'0-1,0.00%,'0-0,'0-0,'0-0,'0-0,'0-0,0.00%,0,0,0,0,0,0.0,0,0,1,1,1,0.6,0,0,1,1,1,0.6,0,0,0,0,0,0.0,0,0,0,0,0,0.0,0,0,0,0,0,0.0,1,0,2,2,1,1.2,00:46.0,00:00.0,4.95,04:57.0,11:36.0,04:27.0,0.0,0.0,0.0,0,66,3.9299999999999997,7.491563554555679,40.0,3.9299999999999997,180.0
G. Wilson,Shooting Guard,0,3,4,3,2,2.4,'0-2,'1-4,'2-5,'1-4,'0-0,26.67%,'0-1,'1-3,'2-5,'0-3,'0-0,25.00%,'0-1,'0-1,'0-0,'1-1,'0-0,33.33%,'0-0,'1-1,'0-0,'0-0,'2-2,100.00%,0,0,0,0,0,0.0,0,0,1,1,1,0.6,0,0,1,1,1,0.6,1,4,2,0,1,1.6,0,0,0,0,0,0.0,0,0,0,0,0,0.0,0,3,1,0,0,0.8,03:34.0,13:31.0,20.25,06:14.0,06:18.0,09:58.0,0.0,0.0,0.0,0,75,21.19,46.32170978627671,20.0,21.19,95.0
R. Go,Shooting Guard,0,4,1,2,0,1.4,'0-0,'2-2,'0-2,'0-0,'0-0,50.00%,'0-0,'2-2,'0-2,'0-0,'0-0,50.00%,'0-0,'0-0,'0-0,'0-0,'0-0,0.00%,'0-0,'0-0,'1-2,'2-2,'0-0,75.00%,0,0,1,0,0,0.2,0,0,2,1,0,0.6,0,0,3,1,0,0.8,0,0,0,1,0,0.2,0,0,0,1,0,0.2,0,0,0,0,0,0.0,0,0,0,0,0,0.0,00:47.0,08:07.0,7.383333333333334,06:18.0,01:18.0,04:46.0,0.0,0.0,0.0,0,79,8.433333333333334,17.622797150356206,33.0,8.433333333333334,157.0
G. Santiago,Shooting Guard,0,5,4,7,8,4.8,'0-5,'2-9,'1-5,'2-9,'2-3,22.58%,'0-3,'1-4,'1-2,'1-4,'1-1,28.57%,'0-2,'1-5,'0-3,'1-5,'1-2,17.65%,'0-0,'0-0,'2-2,'0-0,'3-5,71.43%,1,1,3,1,1,1.4,1,1,7,1,4,2.8,2,2,10,2,5,4.2,2,1,0,1,0,0.8,1,0,1,0,0,0.4,0,0,0,0,0,0.0,1,1,1,1,1,1.0,09:55.0,14:51.0,15.166666666666666,14:51.0,17:23.0,14:26.0,0.0,0.0,0.0,0,90,18.066666666666666,39.29508811398574,27.0,18.066666666666666,119.0
J. Bautista,Shooting Guard,8,11,14,4,3,8.0,'3-9,'5-12,'6-9,'1-7,'1-3,40.00%,'1-6,'5-11,'6-9,'1-7,'1-3,38.89%,'2-3,'0-1,'0-0,'0-0,'0-0,50.00%,'0-0,'1-2,'2-5,'2-2,'1-3,50.00%,2,6,1,5,8,4.4,4,10,18,2,11,9.0,6,16,19,7,11,11.8,3,3,1,1,1,1.8,1,1,2,2,3,1.8,0,1,0,0,0,0.2,7,1,1,1,2,2.4,29:24.0,35:15.0,38.45,20:26.0,33:09.0,31:20.0,0.0,0.0,0.0,0,96,45.050000000000004,100.0,1.0,45.050000000000004,4.0
G. Ico,Shooting Guard,3,2,0,2,2,1.8,'1-3,'1-1,'0-1,'1-2,'1-1,50.00%,'1-3,'1-1,'0-1,'1-2,'1-1,50.00%,'0-0,'0-0,'0-0,'0-0,'0-0,0.00%,'1-1,'0-0,'0-0,'0-0,'0-0,100.00%,1,0,1,1,1,0.8,0,1,0,3,0,0.8,1,1,1,4,1,1.6,0,0,0,1,0,0.2,0,0,0,0,0,0.0,0,0,0,0,0,0.0,0,1,0,2,1,0.8,06:41.0,03:34.0,5.2,11:33.0,04:00.0,06:12.0,0.0,0.0,0.0,0,113,5.750000000000001,11.586051743532058,37.0,5.750000000000001,170.0
C. Pagdulagan,Shooting Guard,21,3,16,9,11,12.0,'5-15,'1-7,'7-13,'4-13,'5-7,40.00%,'4-10,'1-6,'6-11,'3-8,'4-4,46.15%,'1-5,'0-1,'1-2,'1-5,'1-3,25.00%,'10-13,'1-2,'1-1,'0-0,'0-1,70.59%,4,3,0,2,2,2.2,5,2,3,3,1,2.8,9,5,3,5,3,5.0,3,1,2,0,3,1.8,3,1,2,0,0,1.2,0,0,0,0,0,0.0,2,3,3,1,1,2.0,26:46.0,22:08.0,22.95,24:24.0,17:46.0,22:48.0,0.0,0.0,0.0,0,115,29.11,64.13948256467941,10.0,29.11,50.0
G. Relliquette,Shooting Guard,4,3,6,2,0,3.0,'2-3,'1-4,'1-7,'1-5,'0-2,23.81%,'2-3,'0-1,'0-2,'1-3,'0-1,30.00%,'0-0,'1-3,'1-5,'0-2,'0-1,18.18%,'0-0,'0-0,'3-4,'0-0,'0-0,75.00%,0,0,0,1,0,0.2,1,1,0,0,0,0.4,1,1,0,1,0,0.6,0,0,2,1,0,0.6,0,1,0,3,1,1.0,0,0,0,0,0,0.0,1,1,3,3,1,1.8,08:17.0,13:07.0,14.616666666666667,17:55.0,08:00.0,12:23.0,0.0,0.0,0.0,0,119,15.126666666666669,32.680914885639304,28.0,15.126666666666669,131.0
A. Tacatac,Shooting Guard,0,14,0,8,10,6.4,'0-2,'5-16,'0-6,'3-9,'3-16,22.45%,'0-1,'1-4,'0-0,'1-2,'1-3,30.00%,'0-1,'4-12,'0-6,'2-7,'2-13,20.51%,'0-0,'0-0,'0-0,'0-0,'2-2,100.00%,0,1,0,1,2,0.8,1,1,2,1,2,1.4,1,2,2,2,4,2.2,2,1,1,3,2,1.8,0,1,2,2,3,1.6,0,0,0,0,0,0.0,2,0,0,1,0,0.6,15:19.0,26:44.0,23.8,29:41.0,28:55.0,24:53.0,0.0,0.0,0.0,0,122,28.240000000000002,62.182227221597294,11.0,28.240000000000002,51.0
A. Soriano,Shooting Guard,8,6,7,12,6,7.8,'2-6,'3-7,'3-12,'5-7,'2-7,38.46%,'0-2,'3-6,'2-5,'3-3,'0-1,47.06%,'2-4,'0-1,'1-7,'2-4,'2-6,31.82%,'2-2,'0-0,'0-0,'0-0,'0-0,100.00%,0,1,1,0,0,0.4,3,6,3,3,4,3.8,3,7,4,3,4,4.2,2,4,4,7,4,4.2,2,7,3,2,0,2.8,0,1,0,0,0,0.2,1,2,2,3,1,1.8,26:31.0,31:02.0,27.333333333333332,24:10.0,22:37.0,26:20.0,0.0,0.0,0.0,0,123,33.32333333333334,73.6182977127859,4.0,33.32333333333334,26.0
A. Ambos,Shooting Guard,6,4,2,10,10,6.4,'3-8,'2-8,'1-7,'4-13,'4-8,31.82%,'3-6,'2-5,'1-5,'4-10,'2-4,40.00%,'0-2,'0-3,'0-2,'0-3,'2-4,14.29%,'0-0,'0-0,'0-0,'2-3,'0-0,66.67%,3,4,1,2,4,2.8,3,1,2,4,3,2.6,6,5,3,6,7,5.4,4,2,0,2,0,1.6,2,2,1,0,1,1.2,0,0,1,0,0,0.2,0,3,6,1,1,2.2,18:09.0,17:40.0,22.6,27:53.0,20:15.0,21:18.0,0.0,0.0,0.0,0,130,26.180000000000003,57.54780652418447,12.0,26.180000000000003,62.0
B. Pineda,Shooting Guard,2,0,0,0,2,0.8,'1-5,'0-1,'0-1,'0-0,'1-2,22.22%,'1-3,'0-0,'0-0,'0-0,'1-2,40.00%,'0-2,'0-1,'0-1,'0-0,'0-0,0.00%,'0-0,'0-0,'0-0,'0-0,'0-0,0.00%,1,0,0,0,1,0.4,0,2,0,0,0,0.4,1,2,0,0,1,0.8,1,0,0,1,0,0.4,0,0,0,1,0,0.2,0,0,0,0,0,0.0,1,0,2,1,0,0.8,06:13.0,03:19.0,3.6833333333333336,02:20.0,03:38.0,03:50.0,0.0,0.0,0.0,0,132,3.7233333333333336,7.026621672290964,41.0,3.7233333333333336,181.0
C. Padilla,Shooting Guard,3,1,6,4,0,2.8,'1-8,'0-6,'2-4,'1-6,'0-2,15.38%,'0-0,'0-2,'0-0,'0-1,'0-2,0.00%,'1-8,'0-4,'2-4,'1-5,'0-0,19.05%,'0-0,'1-2,'0-0,'1-3,'0-0,40.00%,0,0,0,1,0,0.2,5,2,0,0,0,1.4,5,2,0,1,0,1.6,1,2,1,4,2,2.0,2,3,0,3,1,1.8,0,0,0,0,0,0.0,6,1,0,3,1,2.2,26:17.0,21:18.0,21.183333333333334,23:02.0,20:22.0,22:26.0,0.0,0.0,0.0,0,137,22.403333333333336,49.05136857892764,16.0,22.403333333333336,85.0
J. Meniano,Shooting Guard,0,2,0,2,0,0.8,'0-1,'1-6,'0-0,'0-1,'0-1,11.11%,'0-1,'1-4,'0-0,'0-1,'0-0,16.67%,'0-0,'0-2,'0-0,'0-0,'0-1,0.00%,'0-0,'0-1,'0-0,'2-2,'0-0,66.67%,0,3,0,1,0,0.8,2,0,1,0,0,0.6,2,3,1,1,0,1.4,0,3,1,1,0,1.0,0,2,0,1,0,0.6,0,0,0,0,0,0.0,0,0,1,0,1,0.4,09:19.0,12:24.0,7.666666666666667,16:24.0,05:30.0,10:15.0,0.0,0.0,0.0,0,144,8.706666666666667,18.23772028496438,32.0,8.706666666666667,156.0
K. Mazo,Shooting Guard,0,0,2,0,0,0.4,'0-1,'0-1,'0-2,'0-2,'0-4,0.00%,'0-1,'0-0,'0-0,'0-0,'0-1,0.00%,'0-0,'0-1,'0-2,'0-2,'0-3,0.00%,'0-0,'0-0,'2-2,'0-0,'0-0,100.00%,0,0,0,0,2,0.4,0,0,2,0,1,0.6,0,0,2,0,3,1.0,0,2,3,0,1,1.2,0,2,0,1,2,1.0,0,0,0,0,0,0.0,2,2,2,1,3,2.0,05:46.0,08:53.0,13.6,07:42.0,16:44.0,10:32.0,0.0,0.0,0.0,0,147,13.04,27.986501687289085,30.0,13.04,135.0
K. Agojo,Shooting Guard,6,2,2,0,2,2.4,'3-6,'1-5,'1-5,'0-0,'0-5,23.81%,'3-4,'1-4,'1-3,'0-0,'0-5,31.25%,'0-2,'0-1,'0-2,'0-0,'0-0,0.00%,'0-0,'0-0,'0-0,'0-0,'2-2,100.00%,2,3,2,0,1,1.6,2,3,1,0,2,1.6,4,6,3,0,3,3.2,0,0,1,0,1,0.4,0,1,1,0,1,0.6,0,0,0,0,0,0.0,2,0,2,0,1,1.0,18:10.0,22:50.0,17.883333333333333,07:30.0,12:55.0,15:51.0,0.0,0.0,0.0,0,149,19.403333333333332,42.302212223472054,25.0,19.403333333333332,112.0
M. Fetalvero,Shooting Guard,0,0,3,1,0,0.8,'0-0,'0-0,'1-1,'0-0,'0-0,100.00%,'0-0,'0-0,'0-0,'0-0,'0-0,0.00%,'0-0,'0-0,'1-1,'0-0,'0-0,100.00%,'0-0,'0-0,'0-0,'1-2,'0-0,50.00%,0,0,0,0,1,0.2,0,0,1,0,0,0.2,0,0,1,0,1,0.4,0,0,0,0,0,0.0,0,0,0,0,0,0.0,0,0,0,0,0,0.0,1,0,0,0,0,0.2,01:51.0,01:03.0,3.2666666666666666,01:35.0,03:08.0,02:10.0,0.0,0.0,0.0,0,155,3.5466666666666664,6.6291713535808015,43.0,3.5466666666666664,186.0
D. Nieves,Shooting Guard,0,0,0,0,2,0.4,'0-0,'0-0,'0-1,'0-0,'0-2,0.00%,'0-0,'0-0,'0-1,'0-0,'0-2,0.00%,'0-0,'0-0,'0-0,'0-0,'0-0,0.00%,'0-0,'0-0,'0-0,'0-0,'2-2,100.00%,0,0,1,0,0,0.2,1,0,1,0,1,0.6,1,0,2,0,1,0.8,0,0,2,0,1,0.6,0,0,0,0,0,0.0,0,0,0,0,0,0.0,2,1,0,0,0,0.6,02:15.0,07:29.0,5.533333333333333,01:03.0,03:27.0,03:57.0,0.0,0.0,0.0,0,160,5.533333333333333,11.098612673415822,38.0,5.533333333333333,171.0
K. Pesquera,Shooting Guard,17,9,10,11,8,11.0,'7-18,'2-8,'4-9,'3-12,'3-13,31.67%,'5-11,'2-4,'2-3,'2-6,'1-7,38.71%,'2-7,'0-4,'2-6,'1-6,'2-6,24.14%,'1-2,'5-7,'0-0,'4-8,'0-0,58.82%,4,1,0,2,0,1.4,3,4,3,4,1,3.0,7,5,3,6,1,4.4,6,2,3,5,5,4.2,2,0,1,1,1,1.0,0,0,0,1,0,0.2,5,7,5,0,3,4.0,35:03.0,32:52.0,28.2,33:58.0,33:58.0,32:48.0,0.0,0.0,0.0,0,167,32.41,71.56355455568053,5.0,32.41,27.0
B. Barba,Shooting Guard,1,0,0,0,0,0.2,'0-0,'0-1,'0-3,'0-0,'0-1,0.00%,'0-0,'0-0,'0-1,'0-0,'0-0,0.00%,'0-0,'0-1,'0-2,'0-0,'0-1,0.00%,'1-2,'0-0,'0-0,'0-0,'0-0,50.00%,0,0,1,0,0,0.2,0,1,0,0,0,0.2,0,1,1,0,0,0.4,0,0,0,0,0,0.0,0,0,0,0,0,0.0,0,0,0,0,0,0.0,0,0,0,0,0,0.0,02:52.0,04:08.0,3.7666666666666666,01:51.0,02:54.0,03:06.0,0.0,0.0,0.0,0,170,3.9766666666666666,7.5965504311961,39.0,3.9766666666666666,179.0
A. Maw,Shooting Guard,4,25,6,9,6,10.0,'2-4,'8-14,'2-6,'4-8,'2-8,45.00%,'2-3,'6-11,'0-1,'4-8,'1-5,46.43%,'0-1,'2-3,'2-5,'0-0,'1-3,41.67%,'0-0,'7-12,'0-0,'1-3,'1-2,52.94%,3,4,2,1,2,2.4,6,3,5,4,3,4.2,9,7,7,5,5,6.6,1,2,0,1,0,0.8,2,2,2,0,2,1.6,1,0,1,0,1,0.6,2,6,2,2,4,3.2,22:09.0,25:40.0,25.416666666666668,26:47.0,29:02.0,25:48.0,0.0,0.0,0.0,0,171,30.136666666666667,66.44919385076865,9.0,30.136666666666667,46.0
L. Ozar,Shooting Guard,13,14,7,9,16,11.8,'6-10,'6-11,'3-13,'3-11,'5-12,40.35%,'6-10,'5-8,'3-11,'3-9,'4-9,44.68%,'0-0,'1-3,'0-2,'0-2,'1-3,20.00%,'1-4,'1-2,'1-3,'3-4,'5-9,50.00%,4,2,4,0,2,2.4,0,9,3,9,6,5.4,4,11,7,9,8,7.8,2,8,5,3,5,4.6,3,1,3,1,4,2.4,0,0,0,0,0,0.0,0,4,6,6,5,4.2,23:31.0,29:48.0,28.4,34:28.0,23:44.0,27:59.0,0.0,0.0,0.0,0,172,34.669999999999995,76.64791901012372,3.0,34.669999999999995,22.0
R. Lacayanga,Shooting Guard,6,8,13,19,10,11.2,'3-15,'4-12,'4-15,'7-25,'4-14,27.16%,'3-11,'4-10,'2-7,'5-13,'4-11,34.62%,'0-4,'0-2,'2-8,'2-12,'0-3,13.79%,'0-0,'0-0,'3-4,'3-4,'2-8,50.00%,1,2,3,3,2,2.2,6,7,7,5,8,6.6,7,9,10,8,10,8.8,1,1,1,0,0,0.6,2,2,2,2,5,2.6,0,0,1,1,0,0.4,6,3,2,6,5,4.4,25:11.0,29:30.0,25.116666666666667,30:02.0,29:43.0,27:54.0,0.0,0.0,0.0,0,183,30.296666666666667,66.80914885639294,8.0,30.296666666666667,44.0
I. Yanez,Shooting Guard,0,0,0,2,3,1.0,'0-0,'0-2,'0-4,'0-5,'1-8,5.26%,'0-0,'0-0,'0-0,'0-4,'1-3,14.29%,'0-0,'0-2,'0-4,'0-1,'0-5,0.00%,'0-0,'0-0,'0-0,'2-2,'1-2,75.00%,0,0,0,1,0,0.2,0,0,3,1,5,1.8,0,0,3,2,5,2.0,1,0,0,0,1,0.4,0,0,0,0,0,0.0,0,0,0,0,0,0.0,0,6,2,0,4,2.4,03:15.0,07:11.0,8.55,17:50.0,18:50.0,11:07.0,0.0,0.0,0.0,0,185,7.32,15.118110236220472,35.0,7.32,160.0
M. Rodriguez,Shooting Guard,1,0,3,0,0,0.8,'0-1,'0-1,'1-1,'0-1,'0-1,20.00%,'0-0,'0-0,'0-0,'0-1,'0-1,0.00%,'0-1,'0-1,'1-1,'0-0,'0-0,33.33%,'1-2,'0-0,'0-0,'0-0,'0-0,50.00%,0,2,0,1,0,0.6,1,0,0,2,0,0.6,1,2,0,3,0,1.2,1,0,0,0,0,0.2,0,0,0,0,0,0.0,0,0,0,0,0,0.0,1,1,2,4,1,1.8,09:03.0,01:36.0,4.616666666666667,10:54.0,02:20.0,05:42.0,0.0,0.0,0.0,0,196,3.5966666666666676,6.741657292838396,42.0,3.5966666666666676,183.0
B. Dalisay,Shooting Guard,2,0,7,3,3,3.0,'1-3,'0-1,'3-9,'1-4,'1-4,28.57%,'1-2,'0-1,'2-3,'1-2,'1-2,50.00%,'0-1,'0-0,'1-6,'0-2,'0-2,9.09%,'0-0,'0-0,'0-0,'1-2,'1-2,50.00%,1,2,0,1,2,1.2,2,1,4,9,0,3.2,3,3,4,10,2,4.4,3,1,1,5,5,3.0,0,0,1,1,1,0.6,0,0,0,0,0,0.0,1,7,2,3,4,3.4,22:05.0,11:29.0,21.8,30:24.0,23:03.0,21:45.0,0.0,0.0,0.0,0,200,22.330000000000002,48.88638920134983,19.0,22.330000000000002,89.0
A. Bacierto,Shooting Guard,4,4,0,4,2,2.8,'2-4,'2-8,'0-3,'2-4,'1-1,35.00%,'2-3,'2-4,'0-3,'2-4,'1-1,46.67%,'0-1,'0-4,'0-0,'0-0,'0-0,0.00%,'0-0,'0-0,'0-0,'0-0,'0-2,0.00%,2,0,1,1,2,1.2,3,0,2,2,2,1.8,5,0,3,3,4,3.0,1,0,0,1,1,0.6,1,3,0,1,1,1.2,0,0,0,0,0,0.0,0,0,1,4,1,1.2,18:37.0,18:09.0,11.95,21:28.0,11:03.0,16:14.0,0.0,0.0,0.0,0,203,13.81,29.718785151856018,29.0,13.81,133.0
M. Manguiat,Shooting Guard,15,4,9,16,22,13.2,'3-12,'1-5,'3-10,'6-13,'7-14,37.04%,'2-6,'0-1,'2-4,'3-4,'2-2,52.94%,'1-6,'1-4,'1-6,'3-9,'5-12,29.73%,'8-12,'1-4,'2-2,'1-2,'3-4,62.50%,1,0,0,2,3,1.2,2,2,4,5,2,3.0,3,2,4,7,5,4.2,2,4,4,3,1,2.8,2,0,0,0,2,0.8,0,0,0,0,0,0.0,11,2,2,2,4,4.2,37:09.0,30:04.0,35.55,35:10.0,37:35.0,35:06.0,0.0,0.0,0.0,0,207,39.86999999999999,88.34645669291335,2.0,39.86999999999999,11.0
Y. Villanueva,Shooting Guard,5,7,7,15,10,8.8,'2-6,'3-7,'1-5,'6-10,'4-11,41.03%,'1-3,'2-4,'1-3,'3-4,'2-9,39.13%,'1-3,'1-3,'0-2,'3-6,'2-2,43.75%,'0-0,'0-0,'5-5,'0-0,'0-1,83.33%,2,2,1,4,2,2.2,3,0,5,2,3,2.6,5,2,6,6,5,4.8,0,0,2,0,2,0.8,0,0,0,1,2,0.6,0,0,2,2,1,1.0,2,2,1,1,4,2.0,20:36.0,20:00.0,19.933333333333334,22:02.0,29:57.0,22:30.0,0.0,0.0,0.0,0,208,24.333333333333336,53.39332583427071,14.0,24.333333333333336,72.0
M. Paras,Shooting Guard,2,4,4,1,2,2.6,'1-2,'2-5,'2-2,'0-0,'1-3,50.00%,'1-2,'2-5,'2-2,'0-0,'1-3,50.00%,'0-0,'0-0,'0-0,'0-0,'0-0,0.00%,'0-0,'0-0,'0-0,'1-2,'0-0,50.00%,1,2,0,0,1,0.8,0,3,2,0,0,1.0,1,5,2,0,1,1.8,0,2,0,1,0,0.6,0,0,0,1,0,0.2,0,0,0,0,0,0.0,1,0,1,0,1,0.6,13:11.0,26:07.0,20.966666666666665,07:31.0,11:10.0,15:47.0,0.0,0.0,0.0,0,210,22.376666666666665,48.99137607799024,17.0,22.376666666666665,87.0
J. Nagma,Shooting Guard,6,2,2,2,5,3.4,'3-3,'1-3,'1-4,'1-2,'2-6,44.44%,'3-3,'1-3,'1-4,'1-2,'2-6,44.44%,'0-0,'0-0,'0-0,'0-0,'0-0,0.00%,'0-0,'0-0,'0-0,'0-0,'1-2,50.00%,3,1,1,0,2,1.4,2,1,1,2,5,2.2,5,2,2,2,7,3.6,0,0,0,1,0,0.2,2,1,1,0,0,0.8,0,0,0,0,0,0.0,1,0,1,2,2,1.2,24:15.0,16:19.0,18.416666666666668,14:09.0,28:00.0,20:13.0,0.0,0.0,0.0,0,212,20.36666666666667,44.46944131983502,22.0,20.36666666666667,106.0
J. Libor,Shooting Guard,8,2,0,5,0,3.0,'2-7,'0-9,'0-2,'2-6,'0-0,16.67%,'1-4,'0-4,'0-1,'1-4,'0-0,15.38%,'1-3,'0-5,'0-1,'1-2,'0-0,18.18%,'3-4,'2-2,'0-0,'0-0,'0-0,83.33%,0,0,0,1,1,0.4,5,1,1,3,1,2.2,5,1,1,4,2,2.6,1,0,1,0,3,1.0,1,0,0,0,0,0.2,0,0,0,0,0,0.0,2,2,2,0,5,2.2,19:48.0,15:51.0,8.0,12:11.0,08:58.0,12:57.0,0.0,0.0,0.0,0,213,8.350000000000001,17.435320584926885,34.0,8.350000000000001,158.0
M. Pasilang,Shooting Guard,7,6,5,5,18,8.2,'3-6,'2-5,'2-7,'2-8,'7-13,41.03%,'3-4,'2-4,'2-6,'1-5,'5-7,50.00%,'0-2,'0-1,'0-1,'1-3,'2-6,23.08%,'1-2,'2-2,'1-3,'0-0,'2-2,66.67%,2,0,3,2,1,1.6,4,2,3,4,4,3.4,6,2,6,6,5,5.0,0,0,1,0,1,0.4,0,1,0,0,0,0.2,0,0,0,0,0,0.0,1,1,0,5,0,1.4,21:07.0,20:50.0,26.666666666666668,20:59.0,27:59.0,23:31.0,0.0,0.0,0.0,0,215,30.696666666666673,67.7090363704537,7.0,30.696666666666673,40.0
H. Agunanne,Point Guard,5,2,2,4,8,4.2,'2-2,'1-2,'1-3,'2-4,'4-8,52.63%,'2-2,'1-2,'1-3,'2-4,'1-1,58.33%,'0-0,'0-0,'0-1,'0-0,'0-0,0.00%,'1-4,'0-0,'0-0,'0-0,'0-3,14.29%,0,2,0,0,10,2.4,5,4,4,5,5,4.6,5,6,4,5,15,7.0,0,1,0,0,0,0.2,1,0,0,1,1,0.6,1,0,1,2,0,0.8,3,1,1,0,2,1.4,21:24.0,09:39.0,11.566666666666666,16:26.0,21:25.0,16:05.0,0.0,0.0,0.0,0,4,12.616666666666667,32.00304388264142,24.0,12.616666666666667,140.0
K. Quiambao,Point Guard,13,22,19,14,6,14.8,'4-11,'7-14,'5-15,'3-7,'3-17,34.38%,'3-5,'3-7,'3-5,'2-2,'4-8,55.56%,'1-6,'4-7,'2-10,'1-5,'0-9,21.62%,'4-5,'4-6,'7-7,'7-10,'0-0,78.57%,1,1,6,0,2,2.0,3,8,5,3,5,4.8,4,9,11,3,7,6.8,0,2,1,2,5,2.0,0,1,0,3,1,1.0,0,0,1,2,0,0.6,3,4,6,2,0,3.0,30:04.0,32:18.0,35.5,26:18.0,31:11.0,31:04.0,0.0,0.0,0.0,0,6,38.9,98.67252895916124,2.0,38.9,14.0
R. Gonzales,Point Guard,0,8,0,4,9,4.2,'0-2,'4-5,'0-0,'2-6,'4-5,55.56%,'0-2,'4-5,'0-0,'2-5,'4-5,58.82%,'0-0,'0-0,'0-0,'0-1,'0-0,0.00%,'0-0,'0-0,'0-2,'0-0,'1-2,25.00%,2,0,0,3,4,1.8,1,2,0,6,5,2.8,3,2,0,9,9,4.6,0,0,0,0,0,0.0,0,0,0,2,0,0.4,0,2,0,1,0,0.6,0,0,0,2,2,0.8,07:28.0,10:25.0,3.4333333333333336,12:30.0,15:01.0,09:46.0,0.0,0.0,0.0,0,12,4.663333333333333,11.828866153716074,32.0,4.663333333333333,178.0
E. Alian,Point Guard,0,0,0,0,0,0.0,'0-0,'0-0,'0-0,'0-0,'0-0,0.00%,'0-0,'0-0,'0-0,'0-0,'0-0,0.00%,'0-0,'0-0,'0-0,'0-0,'0-0,0.00%,'0-0,'0-0,'0-0,'0-0,'0-0,0.00%,0,0,0,0,0,0.0,0,0,0,0,0,0.0,0,0,0,0,0,0.0,0,0,0,0,0,0.0,0,0,0,0,0,0.0,0,0,0,0,0,0.0,0,0,0,0,0,0.0,00:00.0,00:00.0,0.0,01:34.0,02:51.0,00:53.0,0.0,0.0,0.0,0,14,0.0,0.0,38.0,0.0,215.0
G. Stevens,Point Guard,4,2,0,2,0,1.6,'2-2,'1-0,'0-0,'0-0,'0-1,100.00%,'2-2,'1-1,'0-0,'0-0,'0-1,75.00%,'0-0,'0-0,'0-0,'0-0,'0-0,0,'0-0,'0-0,'0-0,'2-4,'0-0,50.00%,0,0,0,1,0,0.2,0,0,1,1,0,0.4,0,1,1,2,0,0.8,0,0,0,0,0,0.0,0,0,0,0,0,0.0,0,0,0,0,0,0.0,0,2,0,0,0,0.4,09:45.0,04:11.0,3.4,05:16.0,05:38.0,05:38.0,0.0,0.0,0.0,0,21,3.39,8.598968461993744,34.0,3.39,187.0
J. Bayla,Point Guard,0,0,5,0,0,1.0,'0-0,'0-2,'1-3,'0-1,'0-1,14.29%,'0-0,'0-1,'1-2,'0-0,'0-0,33.33%,'0-0,'0-0,'0-1,'0-1,'0-1,0.00%,'0-0,'0-0,'3-6,'0-0,'0-0,50.00%,0,0,2,0,0,0.4,1,0,0,0,0,0.2,1,0,2,0,0,0.6,0,0,1,0,0,0.2,0,0,3,0,0,0.6,0,0,0,0,0,0.0,0,0,0,1,1,0.4,03:34.0,05:59.0,20.233333333333334,12:22.0,12:22.0,10:54.0,0.0,0.0,0.0,0,25,20.543333333333333,52.1095797750909,17.0,20.543333333333333,103.0
E. Ramos,Point Guard,4,3,3,2,0,2.4,'2-4,'1-7,'1-7,'1-2,'0-0,25.00%,'2-4,'1-5,'1-5,'1-2,'0-0,31.25%,'0-0,'0-2,'0-2,'0-0,'0-0,0.00%,'0-0,'1-2,'1-2,'0-0,'0-0,50.00%,0,2,0,0,0,0.4,0,0,0,1,0,0.2,0,2,0,1,0,0.6,0,2,2,1,0,1.0,1,0,0,0,0,0.2,0,0,0,0,0,0.0,0,2,0,0,1,0.6,09:00.0,10:43.0,10.716666666666667,08:16.0,11:25.0,10:01.0,0.0,0.0,0.0,0,31,11.546666666666667,29.288915194047522,26.0,11.546666666666667,144.0
F. Dignadice,Point Guard,0,2,2,0,5,1.8,'0-2,'0-2,'0-2,'0-3,'2-3,16.67%,'0-0,'0-2,'0-2,'0-3,'1-1,12.50%,'0-0,'0-0,'0-0,'0-0,'1-2,50.00%,'2-4,'2-4,'2-4,'0-0,'1-2,50.00%,0,3,3,0,0,1.2,0,0,0,1,1,0.4,3,3,3,1,1,2.2,0,0,0,2,0,0.4,1,0,0,1,0,0.4,0,0,0,0,0,0.0,0,2,0,0,0,0.4,00:46.0,10:41.0,10.683333333333334,10:54.0,04:00.0,07:24.0,0.0,0.0,0.0,0,33,11.483333333333334,29.128265832417355,27.0,11.483333333333334,145.0
A. Ignacio,Point Guard,0,0,0,0,0,0.0,'0-0,'0-1,'0-1,'0-1,'0-0,0.00%,'0-0,'0-1,'0-1,'0-0,'0-0,0.00%,'0-0,'0-1,'0-0,'0-1,'0-0,0.00%,'0-0,'0-0,'0-0,'0-0,'0-0,0.00%,0,0,0,0,0,0.0,0,1,1,0,0,0.4,0,1,1,0,0,0.4,0,1,1,0,0,0.4,0,0,0,0,0,0.0,0,0,0,0,0,0.0,1,0,0,0,0,0.2,00:46.0,02:10.0,2.1666666666666665,06:24.0,04:00.0,03:06.0,0.0,0.0,0.0,0,36,2.246666666666666,5.698824723091231,36.0,2.246666666666666,200.0
M. Montebon,Point Guard,0,1,13,13,6,6.6,'0-3,'0-5,'6-10,'6-10,'2-2,46.67%,'0-2,'0-2,'6-9,'6-9,'2-2,58.33%,'0-1,'0-3,'0-1,'0-1,'0-0,0.00%,'0-0,'1-1,'0-1,'0-1,'2-3,50.00%,0,0,0,0,0,0.0,3,2,3,3,3,2.8,3,2,3,3,3,2.8,7,3,5,5,5,5.0,2,0,0,0,0,0.4,1,0,0,0,0,0.2,2,2,2,2,2,2.0,21:43.0,28:32.0,24.3,24:18.0,24:18.0,24:37.0,0.0,0.0,0.0,0,42,28.02,71.07465967701023,8.0,28.02,52.0
C. Manaytay,Point Guard,10,6,10,8,7,8.2,'4-12,'3-6,'3-9,'4-10,'1-5,35.71%,'2-6,'3-4,'2-7,'4-9,'1-3,41.38%,'2-6,'0-2,'1-2,'0-1,'0-2,23.08%,'0-2,'0-1,'3-4,'0-0,'5-6,61.54%,1,1,3,4,3,2.4,7,2,4,2,4,3.8,8,3,7,6,7,6.2,2,2,1,0,1,1.2,1,0,0,1,0,0.4,0,0,0,0,1,0.2,1,2,4,4,2,2.6,27:06.0,27:06.0,23.933333333333334,23:56.0,25:22.0,25:29.0,0.0,0.0,0.0,0,51,24.703333333333333,62.6617062653251,12.0,24.703333333333333,70.0
G. Danting,Point Guard,0,0,5,3,0,1.6,'0-1,'0-1,'1-1,'1-1,'0-0,50.00%,'0-0,'0-0,'1-1,'0-0,'0-0,100.00%,'0-1,'0-0,'0-0,'0-1,'0-0,0.00%,'0-0,'0-0,'2-3,'1-1,'0-0,75.00%,0,0,0,0,0,0.0,3,1,1,0,0,1.0,3,1,1,0,0,1.0,0,3,0,0,0,0.6,0,0,2,0,0,0.4,0,0,0,0,0,0.0,0,0,0,0,0,0.0,03:51.0,04:38.0,18.0,07:23.0,00:00.0,06:46.0,0.0,0.0,0.0,0,54,19.35,49.08260759279615,20.0,19.35,113.0
K. Porter,Point Guard,7,2,8,4,8,5.8,'1-7,'1-3,'3-8,'2-8,'2-7,27.27%,'0-1,'1-3,'1-2,'2-5,'1-4,33.33%,'1-6,'0-0,'2-6,'0-3,'1-3,22.22%,'4-4,'0-0,'0-0,'0-2,'3-6,58.33%,3,2,1,2,0,1.6,6,2,1,8,4,4.2,9,4,2,10,7,6.4,1,0,2,0,0,0.6,1,0,0,1,1,0.6,0,0,1,0,0,0.2,2,1,0,1,0,0.8,27:28.0,10:46.0,19.766666666666666,20:20.0,27:09.0,21:05.0,0.0,0.0,0.0,0,57,22.156666666666666,56.201910881880444,15.0,22.156666666666666,91.0
J. Lazaro,Point Guard,3,11,4,2,6,5.2,'1-4,'5-7,'1-10,'1-5,'2-9,28.57%,'0-2,'5-7,'1-7,'1-3,'1-4,34.78%,'1-2,'0-0,'0-3,'0-2,'1-2,22.22%,'0-2,'1-2,'2-4,'0-0,'1-2,40.00%,2,6,4,2,0,2.8,2,6,2,2,0,2.4,4,12,6,4,1,5.4,0,3,1,0,1,1.0,1,1,2,0,0,0.8,0,0,0,0,0,0.0,0,0,1,1,0,0.4,22:21.0,22:19.0,18.533333333333335,14:30.0,18:38.0,19:16.0,0.0,0.0,0.0,0,58,21.573333333333334,54.72224570897101,16.0,21.573333333333334,94.0
W. Espina,Point Guard,0,0,0,3,0,0.6,'0-1,'0-1,'0-0,'1-3,'0-0,20.00%,'0-1,'0-0,'0-0,'0-0,'0-0,0.00%,'0-0,'0-1,'0-0,'1-3,'0-0,25.00%,'0-0,'0-0,'0-0,'0-0,'0-0,0.00%,0,0,0,0,0,0.0,0,0,1,0,0,0.2,0,0,1,0,0,0.2,1,0,0,0,0,0.2,0,0,0,0,0,0.0,0,0,0,0,0,0.0,0,0,1,0,0,0.2,02:30.0,00:41.0,4.916666666666667,07:32.0,02:50.0,03:41.0,0.0,0.0,0.0,0,65,4.986666666666667,12.64902342098588,31.0,4.986666666666667,175.0
J. Abate,Point Guard,10,8,11,0,8,7.4,'4-7,'3-4,'4-8,'0-2,'3-11,43.75%,'2-5,'2-2,'3-6,'0-1,'1-4,44.44%,'2-2,'1-2,'1-2,'0-1,'2-7,42.86%,'0-0,'1-2,'2-2,'0-0,'0-0,75.00%,2,1,1,0,0,0.8,4,1,3,1,5,2.8,6,1,4,1,5,3.4,1,3,1,2,2,1.8,1,1,1,2,0,1.0,0,0,1,1,0,0.4,1,1,0,2,0,0.8,28:44.0,19:48.0,16.283333333333335,16:46.0,31:32.0,22:37.0,0.0,0.0,0.0,0,72,20.023333333333337,50.79056396381163,19.0,20.023333333333337,108.0
E. Galang,Point Guard,0,3,8,0,0,2.2,'0-7,'1-6,'1-8,'0-5,'0-4,6.67%,'0-3,'0-1,'0-3,'0-0,'0-2,0.00%,'0-4,'1-5,'1-5,'0-5,'0-2,9.52%,'0-0,'0-2,'5-7,'0-0,'0-0,55.56%,0,0,1,1,0,0.4,2,2,6,1,2,2.6,2,2,7,2,2,3.0,0,0,0,2,0,0.4,0,0,1,2,1,0.8,1,0,0,1,0,0.4,0,0,1,2,1,0.8,18:59.0,24:30.0,27.133333333333333,16:41.0,16:03.0,20:40.0,0.0,0.0,0.0,0,76,28.003333333333334,71.03238352921282,9.0,28.003333333333334,53.0
J. Figueroa,Point Guard,14,8,13,9,11,11.0,'6-10,'3-9,'5-15,'3-9,'5-10,41.51%,'5-7,'2-6,'2-8,'2-6,'5-8,45.71%,'1-3,'1-3,'3-7,'1-3,'0-2,33.33%,'1-1,'1-2,'0-0,'1-2,'1-2,57.14%,0,0,3,0,2,1.0,3,3,6,3,4,3.8,3,3,11,3,6,5.2,2,4,5,4,5,4.0,1,2,2,2,2,1.8,0,0,0,0,0,0.0,1,1,1,1,2,1.2,25:07.0,35:10.0,29.533333333333335,35:10.0,30:09.0,31:01.0,0.0,0.0,0.0,0,81,36.07333333333334,91.50249429272006,4.0,36.07333333333334,18.0
E. Dela Cruz,Point Guard,2,0,8,0,5,3.0,'1-1,'0-0,'4-8,'0-0,'1-4,46.15%,'1-1,'0-0,'4-8,'0-0,'1-4,46.15%,'0-0,'0-0,'0-0,'0-0,'0-0,0.00%,'0-0,'0-0,'0-0,'0-0,'3-3,100.00%,1,0,0,0,0,0.2,2,0,1,0,3,1.2,3,0,1,0,3,1.4,0,0,1,0,1,0.4,0,0,0,0,1,0.2,1,0,0,0,0,0.2,2,0,0,0,1,0.6,08:37.0,01:44.0,11.583333333333334,01:44.0,18:16.0,08:23.0,0.0,0.0,0.0,0,83,12.313333333333334,31.233617992728508,25.0,12.313333333333334,141.0
I. Manansala,Point Guard,6,3,16,11,4,8.0,'3-6,'1-5,'6-9,'1-5,'1-3,42.86%,'3-6,'1-2,'2-4,'1-2,'1-3,47.06%,'0-1,'0-3,'4-5,'0-3,'0-0,33.33%,'0-2,'1-2,'2-4,'1-2,'2-2,50.00%,3,5,2,5,0,3.0,0,5,5,5,6,4.2,3,10,7,10,6,7.2,0,1,2,1,2,1.2,0,1,0,1,0,0.4,0,1,0,1,2,0.8,0,2,2,2,2,1.6,17:43.0,19:22.0,23.5,19:22.0,21:02.0,20:11.0,0.0,0.0,0.0,0,86,26.1,66.20444745074829,11.0,26.1,63.0
B. Parks,Point Guard,0,0,0,3,3,1.2,'0-0,'0-0,'0-1,'0-0,'1-3,25.00%,'0-0,'0-0,'0-0,'0-0,'1-1,100.00%,'0-0,'0-0,'0-1,'0-0,'0-2,0.00%,'0-0,'0-0,'0-0,'0-0,'1-2,50.00%,0,0,0,0,1,0.2,0,0,0,0,2,0.4,0,0,0,0,3,0.6,0,0,0,0,0,0.0,0,0,0,0,0,0.0,0,0,0,0,0,0.0,1,0,0,0,2,0.6,03:39.0,02:19.0,4.033333333333333,02:19.0,14:22.0,05:20.0,0.0,0.0,0.0,0,93,3.5833333333333335,9.089371776443732,33.0,3.5833333333333335,184.0
J. Daa,Point Guard,4,3,2,2,3,2.8,'1-4,'1-1,'1-6,'1-4,'1-3,27.78%,'1-1,'1-1,'1-4,'1-1,'1-3,50.00%,'0-3,'0-0,'0-2,'0-3,'0-0,0.00%,'2-2,'1-1,'0-0,'0-0,'0-0,100.00%,2,0,0,0,2,0.8,1,3,1,0,2,1.4,3,3,1,1,1,1.8,1,0,0,1,2,0.8,0,0,1,1,2,0.8,0,0,0,0,0,0.0,0,1,0,1,1,0.6,17:23.0,15:10.0,17.65,14:31.0,15:35.0,16:03.0,0.0,0.0,0.0,0,98,19.0,48.19480848905048,21.0,19.0,114.0
A. Surada,Point Guard,14,10,8,7,9,9.6,'5-8,'3-10,'3-6,'2-3,'4-6,51.52%,'4-6,'2-7,'3-6,'2-2,'4-6,55.56%,'1-2,'1-3,'0-0,'0-1,'0-0,33.33%,'3-4,'3-9,'2-2,'3-4,'1-2,57.14%,2,3,1,3,0,1.8,6,4,3,4,5,4.4,8,7,4,7,5,6.2,3,2,2,4,3,2.8,4,0,0,3,0,1.4,1,2,0,1,1,1.0,0,3,3,1,2,1.8,25:36.0,25:18.0,17.833333333333332,19:13.0,22:09.0,22:01.0,0.0,0.0,0.0,0,104,22.423333333333332,56.87832924663905,14.0,22.423333333333332,84.0
N. Pring,Point Guard,7,0,0,9,0,3.2,'3-5,'0-2,'0-3,'3-5,'0-1,37.50%,'2-3,'0-1,'0-1,'0-0,'0-1,33.33%,'1-2,'0-1,'0-2,'3-5,'0-0,40.00%,'0-0,'0-0,'0-0,'0-0,'0-0,0.00%,0,1,0,0,0,0.2,2,0,0,1,1,0.8,2,1,0,1,1,1.0,1,1,2,1,1,1.2,0,0,1,0,0,0.2,0,0,0,0,0,0.0,1,0,1,0,0,0.4,12:16.0,08:06.0,16.35,08:33.0,06:02.0,10:15.0,0.0,0.0,0.0,0,107,17.94,45.50604548913503,22.0,17.94,120.0
R. Amatong,Point Guard,0,4,0,0,0,0.8,'0-0,'1-3,'0-1,'0-1,'0-0,20.00%,'0-0,'1-2,'0-0,'0-0,'0-0,50.00%,'0-0,'0-1,'0-1,'0-1,'0-0,0.00%,'0-0,'2-2,'0-0,'0-0,'0-0,100.00%,0,0,0,0,0,0.0,0,0,0,2,0,0.4,0,0,0,2,0,0.4,1,0,0,0,0,0.2,0,0,0,0,0,0.0,0,0,0,0,0,0.0,1,0,0,1,0,0.4,02:38.0,06:01.0,2.55,03:54.0,00:51.0,03:11.0,0.0,0.0,0.0,0,125,2.4099999999999997,6.113130971505876,35.0,2.4099999999999997,198.0
A. Bron,Point Guard,0,2,6,0,0,1.6,'0-4,'1-6,'1-5,'0-2,'0-2,10.53%,'0-3,'1-4,'0-3,'0-1,'0-2,7.69%,'0-1,'0-2,'1-2,'0-1,'0-0,16.67%,'0-0,'0-0,'3-4,'0-0,'0-0,75.00%,1,2,3,3,1,2.0,0,2,1,0,0,0.6,1,4,4,3,1,2.6,1,3,1,2,0,1.4,0,4,0,0,1,1.0,0,0,0,0,0,0.0,1,0,1,4,1,1.4,14:29.0,20:51.0,20.05,11:41.0,13:02.0,16:01.0,0.0,0.0,0.0,0,126,20.54,52.101124545531405,18.0,20.54,105.0
B. Bajo,Point Guard,0,2,4,0,0,1.2,'0-2,'1-2,'2-5,'0-1,'0-1,27.27%,'0-1,'1-1,'2-4,'0-1,'0-1,37.50%,'0-1,'0-1,'0-1,'0-0,'0-0,0.00%,'0-0,'0-0,'0-0,'0-0,'0-0,0.00%,0,0,1,2,1,0.8,1,0,3,0,1,1.0,1,0,4,2,2,1.8,1,1,0,0,0,0.4,0,0,0,0,0,0.0,0,0,0,0,0,0.0,0,0,0,1,1,0.4,06:03.0,06:26.0,9.833333333333334,03:40.0,09:41.0,07:08.0,0.0,0.0,0.0,0,135,10.183333333333334,25.83072630421916,29.0,10.183333333333334,149.0
K. Limbago,Point Guard,4,3,2,5,7,4.2,'2-3,'1-13,'1-4,'2-4,'1-6,23.33%,'2-2,'0-5,'1-3,'1-2,'0-3,26.67%,'0-1,'1-8,'0-1,'1-2,'1-3,20.00%,'0-0,'0-0,'0-0,'0-0,'4-6,66.67%,2,6,4,3,4,3.8,2,3,2,3,2,2.4,4,9,6,6,6,6.2,2,2,2,4,3,2.6,3,4,1,0,1,1.8,0,0,0,0,0,0.0,6,0,2,7,1,3.2,20:29.0,30:51.0,16.5,22:05.0,24:14.0,22:49.0,0.0,0.0,0.0,0,146,17.05,43.248499196753194,23.0,17.05,122.0
C. Apag,Point Guard,2,5,6,6,17,7.2,'1-10,'2-9,'2-11,'2-11,'6-12,24.53%,'1-7,'2-4,'2-5,'0-4,'4-8,32.14%,'0-3,'0-5,'0-6,'2-7,'2-4,16.00%,'0-0,'1-3,'2-3,'0-0,'3-5,54.55%,0,1,1,2,2,1.2,4,2,5,4,6,4.2,4,3,6,6,8,5.4,5,1,0,4,6,3.2,2,4,0,5,3,2.8,0,0,0,0,0,0.0,3,3,2,4,3,3.0,23:14.0,25:48.0,25.0,27:42.0,24:32.0,25:15.0,0.0,0.0,0.0,0,148,27.71,70.28832332797836,10.0,27.71,56.0
N. Aquirre,Point Guard,2,0,11,2,2,3.4,'1-2,'0-2,'4-8,'1-2,'1-1,46.67%,'1-1,'0-2,'3-5,'1-1,'1-1,60.00%,'0-1,'0-0,'1-3,'0-1,'0-0,20.00%,'0-0,'0-0,'2-2,'0-0,'0-0,100.00%,0,0,1,0,0,0.2,0,0,1,0,0,0.2,0,0,2,0,0,0.4,0,0,1,1,0,0.4,0,0,2,0,0,0.4,0,0,0,0,0,0.0,2,0,2,0,1,1.0,10:00.0,06:47.0,23.816666666666666,06:49.0,03:39.0,10:12.0,0.0,0.0,0.0,0,152,23.956666666666667,60.76773484400102,13.0,23.956666666666667,75.0
G. Batongbakal,Point Guard,1,2,2,1,8,2.8,'0-3,'1-5,'1-2,'0-6,'3-5,23.81%,'0-1,'1-2,'1-2,'0-2,'1-1,37.50%,'0-2,'0-3,'0-0,'0-4,'2-4,15.38%,'1-2,'0-0,'0-0,'1-2,'0-0,50.00%,1,1,0,1,0,0.6,2,0,1,3,6,2.4,3,1,1,4,6,3.0,0,0,2,3,1,1.2,0,0,1,0,0,0.2,0,0,0,0,0,0.0,1,3,4,4,6,3.6,13:07.0,09:22.0,13.866666666666667,18:08.0,15:19.0,13:57.0,0.0,0.0,0.0,0,154,10.836666666666668,27.48795129787774,28.0,10.836666666666668,148.0
K. Oani,Point Guard,5,3,4,14,9,7.0,'2-12,'1-10,'1-8,'4-15,'2-10,18.18%,'1-4,'0-1,'0-1,'0-0,'0-0,16.67%,'1-8,'1-9,'1-7,'4-15,'2-10,18.37%,'0-0,'0-0,'1-1,'2-4,'3-4,66.67%,1,0,0,1,0,0.4,2,1,4,3,2,2.4,3,1,4,4,2,2.8,4,1,2,1,6,2.8,2,0,2,1,2,1.4,0,0,0,0,0,0.0,3,2,2,1,2,2.0,37:52.0,32:44.0,34.7,32:36.0,38:03.0,35:11.0,0.0,0.0,0.0,0,164,37.300000000000004,94.61401877060963,3.0,37.300000000000004,17.0
K. Dela Rosa,Point Guard,19,15,19,24,28,21.0,'7-19,'6-12,'6-16,'6-13,'11-20,45.00%,'7-17,'6-11,'6-14,'6-12,'10-17,49.30%,'0-2,'0-1,'0-2,'0-1,'1-3,11.11%,'5-6,'3-6,'7-7,'12-16,'5-6,78.05%,6,5,4,9,8,6.4,18,14,10,9,11,12.4,24,19,14,18,19,18.8,1,0,2,3,2,1.6,0,0,4,1,2,1.4,5,3,5,2,5,4.0,5,6,4,2,4,4.2,36:25.0,34:39.0,32.88333333333333,25:09.0,37:01.0,33:13.0,0.0,0.0,0.0,0,165,39.42333333333333,100.0,1.0,39.42333333333333,13.0
M. Vingno,Point Guard,2,2,0,3,2,1.8,'1-6,'1-7,'0-1,'1-4,'1-3,19.05%,'1-4,'1-6,'0-1,'0-2,'1-2,20.00%,'0-2,'0-1,'0-0,'1-2,'0-1,16.67%,'0-0,'0-2,'0-0,'0-0,'0-0,0.00%,3,0,1,2,0,1.2,1,0,3,0,0,0.8,4,0,4,2,0,2.0,0,1,0,2,0,0.6,1,1,1,0,0,0.6,0,0,0,0,0,0.0,2,1,0,0,1,0.8,13:11.0,07:17.0,5.916666666666667,14:17.0,09:49.0,10:05.0,0.0,0.0,0.0,0,176,6.3966666666666665,16.225585524646995,30.0,6.3966666666666665,166.0
C. Bariquit,Point Guard,0,8,11,6,13,7.6,'0-9,'2-5,'2-7,'1-3,'4-14,23.68%,'0-5,'2-5,'0-2,'0-0,'2-8,20.00%,'0-4,'0-0,'2-5,'1-3,'2-6,27.78%,'0-0,'4-4,'5-6,'3-4,'3-6,75.00%,5,2,0,1,4,2.4,3,6,3,3,6,4.2,8,8,3,4,10,6.6,0,1,3,2,0,1.2,0,1,2,0,2,1.0,0,0,0,0,0,0.0,2,4,3,4,6,3.8,22:52.0,25:46.0,32.93333333333333,23:01.0,29:53.0,26:53.0,0.0,0.0,0.0,0,178,32.06333333333333,81.33085313266255,5.0,32.06333333333333,30.0
A. Villava-Cua,Point Guard,0,0,0,0,0,0.0,'0-0,'0-0,'0-0,'0-5,'0-0,0.00%,'0-0,'0-0,'0-0,'0-1,'0-0,0.00%,'0-0,'0-0,'0-0,'0-4,'0-0,0.00%,'0-0,'0-0,'0-0,'0-0,'0-0,0.00%,0,0,1,0,0,0.2,0,0,0,0,0,0.0,0,0,1,0,0,0.2,0,0,0,1,0,0.2,0,0,0,1,0,0.2,0,0,0,0,0,0.0,0,0,1,1,0,0.4,00:31.0,02:02.0,1.0666666666666667,08:48.0,00:30.0,02:35.0,0.0,0.0,0.0,0,195,0.7766666666666666,1.9700684873594319,37.0,0.7766666666666666,211.0
B. Paraiso,Point Guard,4,2,13,7,10,7.2,'1-3,'1-7,'3-13,'3-9,'4-10,28.57%,'0-1,'1-5,'1-9,'2-5,'2-6,23.08%,'1-2,'0-2,'2-4,'1-4,'2-4,37.50%,'1-2,'0-0,'5-7,'0-0,'0-0,66.67%,1,3,3,1,0,1.6,2,1,4,5,6,3.6,3,4,7,6,6,5.2,3,1,2,4,0,2.0,1,0,1,1,0,0.6,0,0,0,0,0,0.0,0,1,0,0,1,0.4,17:26.0,23:08.0,27.45,32:38.0,28:20.0,25:47.0,0.0,0.0,0.0,0,198,31.75,80.5360615540712,6.0,31.75,31.0
L. San Juan,Point Guard,15,19,18,14,19,17.0,'5-13,'7-20,'6-13,'4-9,'7-21,38.16%,'2-3,'5-10,'2-6,'2-6,'5-9,47.06%,'3-10,'2-10,'4-7,'2-3,'2-12,30.95%,'2-2,'3-3,'2-2,'4-5,'3-4,87.50%,0,2,0,3,3,1.6,5,4,1,2,5,3.4,5,6,1,5,8,5.0,1,3,4,2,3,2.6,0,3,0,1,0,0.8,0,0,1,0,0,0.2,3,4,5,3,6,4.2,30:30.0,35:33.0,29.35,24:38.0,36:48.0,31:22.0,0.0,0.0,0.0,0,205,31.540000000000003,80.00338209182381,7.0,31.540000000000003,34.0
