NAME,Team,Pos,S,,,,,,Total Sets,K,,,,,,Tot K,Ave K,E,,,,,,Tot Err,Ave E,TA,,,,,,Tot Att,Ave Att,PCT,,,,,,Ave Hit PCT,A,,,,,,Tot Ass,Ave Ass,SA,,,,,,Tot SA,Ave Ace,SE,,,,,,Tot SE,Ave SE,RE,,,,,,Tot RE,Ave RE,DIG,,,,,,Tot Dig,Ave Dig,BS,,,,,,Tot BS,BA,,,,,,Tot BA,Total Blk,Ave Blk,BE,,,,,,Tot BE,Ave BE,PTS,,,,,,Tot Pts,Ave Pts,Tot Err,,,,,,Ave Err
,,,Game 1,Game 2,Game 3,Game 4,Game 5,Game 6,,Game 1,Game 2,Game 3,Game 4,Game 5,Game 6,,,Game 1,Game 2,Game 3,Game 4,Game 5,Game 6,,,Game 1,Game 2,Game 3,Game 4,Game 5,Game 6,,,Game 1,Game 2,Game 3,Game 4,Game 5,Game 6,,Game 1,Game 2,Game 3,Game 4,Game 5,Game 6,,,Game 1,,Game 3,Game 4,Game 5,Game 6,,,Game 1,Game 2,Game 3,Game 4,Game 5,Game 6,,,Game 1,Game 2,Game 3,Game 4,Game 5,Game 6,,,Game 1,Game 2,Game 3,Game 4,Game 5,Game 6,,,Game 1,Game 2,Game 3,Game 4,Game 5,Game 6,,Game 1,Game 2,Game 3,Game 4,Game 5,Game 6,,,,Game 1,Game 2,Game 3,Game 4,Game 5,Game 6,,,Game 1,Game 2,Game 3,Game 4,Game 5,Game 6,,,Game 1,Game 2,Game 3,Game 4,Game 5,Game 6,
C. Jurevicius,Penn St.,OH,3,4,4,5,5,4,25,8,8,5,11,20,10,62,2.48,2,1,4,4,8,4,23,0.92,12,19,16,24,42,26,139,5.56,0.5,0.368,0.063,0.292,0.286,0.231,0.07,0,0,0,0,0,0,0,0,0,0,0,0,0,0,0,0,0,0,0,0,0,0,0,0,0,0,0,0,0,0,0,0,2,1,5,4,2,3,17,0.68,0,0,0,0,0,0,0,3,1,3,0,4,2,13,13,0.52,0,0,0,0,0,0,0,0,9.5,8.5,6.5,11,22,11,68.5,2.74,2,1,4,4,8,4,0.92
M. Mendelson,Penn St.,MB,3,4,4,5,5,4,25,4,4,5,1,1,6,21,0.84,0,2,2,3,1,1,9,0.36,8,16,17,9,4,14,68,2.72,0.5,0.125,0.176,-0.222,0,0.357,0.037,0,2,2,0,1,1,6,0.24,0,0,0,0,0,0,0,0,0,0,0,0,0,0,0,0,0,0,0,0,0,0,0,0,0,1,2,0,1,1,5,0.2,0,0,1,0,0,1,2,2,6,2,1,0,5,16,18,0.72,0,1,0,0,0,0,1,0.04,5,7,7,1.5,1,9.5,31,1.24,0,3,2,3,1,1,0.4
J. Mruzik,Penn St.,OH,3,4,4,5,5,4,25,10,21,20,20,26,29,126,5.04,1,7,9,5,5,6,33,1.32,19,50,52,54,70,73,318,12.72,0.474,0.28,0.212,0.278,0.3,0.315,0.074,0,2,2,0,2,1,7,0.28,4,0,1,1,1,1,8,0.32,0,0,2,3,3,1,9,0.36,0,1,0,3,5,1,10,0.4,5,9,13,8,12,14,61,2.44,0,1,0,0,0,1,2,0,3,0,4,1,4,12,14,0.56,0,0,0,1,1,2,4,0.16,14,23.5,21,23,27.5,33,142,5.68,1,8,11,12,14,10,2.24
J. Nathan,Penn St.,L,3,4,4,5,5,4,25,0,0,0,0,0,0,0,0,0,0,0,0,0,0,0,0,0,0,0,0,0,0,0,0,0,0,0,0,0,0,0,0,3,1,0,0,3,7,0.28,0,0,0,0,0,1,1,0.04,1,1,0,2,0,0,4,0.16,3,1,1,2,0,0,7,0.28,1,2,7,9,6,10,35,1.4,0,0,0,0,0,0,0,0,0,0,0,0,0,0,0,0,0,0,0,0,0,0,0,0,0,0,0,0,0,1,1,0.04,4,2,1,4,0,0,0.44
I. Starck,Penn St.,S,3,4,4,5,5,4,25,2,5,3,6,2,0,18,0.72,0,0,2,0,2,2,6,0.24,3,8,12,16,9,7,55,2.2,0.667,0.625,0.083,0.375,0,-0.286,0.059,32,41,43,41,56,55,268,10.72,1,0,0,0,1,1,3,0.12,0,0,3,2,3,3,11,0.44,0,1,0,0,0,0,1,0.04,5,7,13,11,11,13,60,2.4,0,0,0,0,0,0,0,1,5,3,3,2,1,15,15,0.6,0,0,0,0,0,0,0,0,3.5,7.5,4.5,7.5,4,1.5,28.5,1.14,0,1,5,2,5,5,0.72
T. Trammell,Penn St.,MB,3,4,4,5,5,4,25,3,8,9,8,5,8,41,1.64,1,0,1,1,2,1,6,0.24,7,9,17,12,13,15,73,2.92,0.286,0.889,0.471,0.583,0.231,0.467,0.117,0,0,2,0,0,0,2,0.08,0,0,0,0,0,0,0,0,0,0,0,0,0,0,0,0,0,0,0,0,0,0,0,0,0,1,0,0,1,0,2,0.08,0,2,0,1,1,0,4,2,4,4,4,4,3,21,25,1,0,0,0,0,1,0,1,0.04,4,12,11,11,8,9.5,55.5,2.22,1,0,1,1,3,1,0.28
A. Falduto,Penn St.,L,3,4,4,5,5,4,25,0,0,0,0,0,0,0,0,0,0,0,0,0,0,0,0,0,0,0,0,0,0,0,0,0,0,0,0,0,0,0,2,3,5,4,1,2,17,0.68,3,2,4,1,2,2,14,0.56,1,3,0,2,1,1,8,0.32,2,2,0,2,0,0,6,0.24,12,9,11,10,3,14,59,2.36,0,0,0,0,0,0,0,0,0,0,0,0,0,0,0,0,0,0,0,0,0,0,0,0,3,2,4,1,2,2,14,0.56,3,5,0,4,1,1,0.56
G. Grimes,Penn St.,L,3,4,4,5,5,4,25,0,0,0,0,0,0,0,0,0,0,0,0,0,0,0,0,0,0,0,0,0,0,0,0,0,0,0,0,0,0,0,6,2,7,5,9,7,36,1.44,0,0,0,1,1,1,3,0.12,2,0,4,1,3,3,13,0.52,2,1,1,3,1,1,9,0.36,14,16,15,17,25,16,103,4.12,0,0,0,0,0,0,0,0,0,0,0,0,0,0,0,0,0,0,0,0,0,0,0,0,0,0,0,1,1,1,3,0.12,4,1,5,4,4,4,0.88
C. Hannah,Penn St.,OH,3,4,4,5,5,4,25,11,13,24,9,16,19,92,3.68,0,3,4,10,7,9,33,1.32,20,23,42,29,44,42,200,8,0.55,0.435,0.476,-0.034,0.205,0.238,0.075,0,0,0,0,0,0,0,0,0,1,1,2,1,1,6,0.24,1,5,2,2,2,4,16,0.64,1,1,0,0,0,2,4,0.16,3,2,4,2,5,3,19,0.76,0,0,1,1,1,1,4,1,1,0,2,0,1,5,9,0.36,0,0,0,0,0,0,0,0,11.5,14.5,26,13,18,21.5,104.5,4.18,2,9,6,12,9,15,2.12
Q. Menger,Penn St.,L,3,4,4,5,5,4,25,0,0,0,0,0,0,0,0,0,0,0,0,0,0,0,0,0,0,1,0,0,0,1,0.04,0,0,0,0,0,0,0,1,0,1,1,0,0,3,0.12,1,0,1,2,1,0,5,0.2,0,2,1,1,2,1,7,0.28,0,0,0,0,0,0,0,0,1,0,2,1,0,4,8,0.32,0,0,0,0,0,0,0,0,0,0,0,0,0,0,0,0,0,0,0,0,0,0,0,0,1,0,1,2,1,0,5,0.2,0,2,1,1,2,1,0.28
J. Hopp,Penn St.,MB,3,0,0,5,5,0,13,1,0,0,1,1,0,3,0.23,1,0,0,0,1,0,2,0.15,4,0,0,2,4,0,10,0.77,0,0,0,0.5,0,0,0.038,0,0,0,0,0,0,0,0,0,0,0,0,0,0,0,0,0,0,0,0,0,0,0,0,0,0,0,0,0,0,0,0,0,0,0,1,0,0,1,0.08,0,0,0,0,1,0,1,1,0,0,4,3,0,8,9,0.69,0,0,0,0,0,0,0,0,1.5,0,0,3,3.5,0,8,0.62,1,0,0,0,1,0,0.15
A. Starck,Penn St.,OH,3,0,0,0,0,0,3,1,0,0,0,0,0,1,0.33,1,0,0,0,0,0,1,0.33,4,0,0,0,0,0,4,1.33,0,0,0,0,0,0,0,0,0,0,0,0,0,0,0,3,0,0,0,0,0,3,1,0,0,0,0,0,0,0,0,0,0,0,0,0,0,0,0,0,0,0,0,0,0,0,0,0,0,0,0,0,0,0,0,0,0,0,0,0,0,0,0,0,0,0,0,0,0,0,0,4,0,0,0,0,0,4,1.33,1,0,0,0,0,0,0.33
C. Burke,Penn St.,MB,3,0,0,0,0,0,3,0,0,0,0,0,0,0,0,0,0,0,0,0,0,0,0,0,0,0,0,0,0,0,0,0,0,0,0,0,0,0,0,0,0,0,0,0,0,0,0,0,0,0,0,0,0,0,0,0,0,0,0,0,0,0,0,0,0,0,0,0,0,0,0,0,0,0,0,0,0,0,0,0,0,0,0,0,0,0,0,0,0,0,0,0,0,0,0,0,0,0,0,0,0,0,0,0,0,0,0,0,0,0,0,0,0,0,0,0,0
A. Markley,Penn St.,OH,3,0,0,0,0,0,3,2,0,0,0,0,0,2,0.67,0,0,0,0,0,0,0,0,2,0,0,0,0,0,2,0.67,1,0,0,0,0,0,0.333,0,0,0,0,0,0,0,0,0,0,0,0,0,0,0,0,0,0,0,0,0,0,0,0,0,0,0,0,0,0,0,0,0,0,0,0,0,0,0,0,0,0,0,0,0,0,0,0,0,0,0,0,0,0,0,0,0,0,0,0,0,0,0,0,2,0,0,0,0,0,2,0.67,0,0,0,0,0,0,0
C. Cresse,Louisville,MB,3,5,3,4,4,4,23,2,7,6,8,9,4,36,1.57,0,3,1,2,2,2,10,0.43,2,19,10,12,16,13,72,3.13,1,0.211,0.5,0.5,0.438,0.154,0.122,0,0,0,0,0,1,1,0.04,0,0,0,0,0,0,0,0,0,0,0,0,0,0,0,0,0,0,0,0,0,0,0,0,0,1,0,0,0,0,1,0.04,0,3,0,0,2,0,5,1,11,2,6,4,7,31,36,1.57,0,0,0,1,0,0,1,0.04,2.5,15.5,7,11,13,7.5,56.5,2.46,0,3,1,3,2,2,0.48
E. Glock,Louisville,S,3,5,3,4,4,4,23,0,0,0,0,0,0,0,0,0,0,0,0,0,0,0,0,0,1,0,0,0,0,1,0.04,0,0,0,0,0,0,0,16,25,22,19,9,11,102,4.43,0,0,0,0,0,0,0,0,0,0,0,0,0,0,0,0,0,0,0,0,0,0,0,0,6,6,1,2,3,2,20,0.87,0,0,0,0,0,0,0,0,0,0,0,0,0,0,0,0,0,0,0,0,0,0,0,0,0,0,0,0,0,0,0,0,0,0,0,0,0,0,0
P. P. Kong,Louisville,MB,3,5,3,4,4,4,23,3,2,4,6,7,1,23,1,1,2,2,3,0,2,10,0.43,4,8,8,12,9,6,47,2.04,0.5,0,0.25,0.25,0.778,-0.167,0.07,0,0,0,0,0,0,0,0,0,0,0,0,0,0,0,0,0,0,0,0,0,0,0,0,0,0,0,0,0,0,0,0,0,0,1,1,0,0,2,0.09,1,0,1,1,1,0,4,0,6,2,6,3,1,18,22,0.96,0,0,0,0,1,1,2,0.09,4,5,6,10,9.5,1.5,36,1.57,1,2,2,3,1,3,0.52
C. Luper,Louisville,OH,3,5,3,4,4,4,23,9,19,13,13,14,21,89,3.87,3,9,1,4,5,6,28,1.22,22,57,21,26,42,59,227,9.87,0.273,0.175,0.571,0.346,0.214,0.254,0.08,0,0,0,1,0,0,1,0.04,1,2,0,0,1,0,4,0.17,2,0,0,1,0,0,3,0.13,0,2,0,1,0,2,5,0.22,5,14,9,13,9,6,56,2.43,0,0,0,1,0,0,1,1,4,0,3,1,1,10,11,0.48,0,1,0,0,1,1,3,0.13,10.5,23,13,15.5,15.5,21.5,99,4.3,5,12,1,6,6,9,1.7
P. PeteOPPen,Louisville,OH,3,5,0,0,4,4,16,2,0,0,0,2,4,8,0.5,0,0,0,0,0,4,4,0.25,4,0,0,0,4,30,38,2.38,0.5,0,0,0,0.5,0,0.063,0,0,0,0,0,0,0,0,0,0,0,0,2,3,5,0.31,0,0,0,0,0,2,2,0.13,0,0,0,0,0,4,4,0.25,1,0,0,0,4,10,15,0.94,0,0,0,0,0,0,0,0,0,0,0,1,2,3,3,0.19,0,0,0,0,0,0,0,0,2,0,0,0,4.5,8,14.5,0.91,0,0,0,0,0,10,0.63
R. Robins,Louisville,OPP,3,5,3,4,4,4,23,8,2,7,6,5,2,30,1.3,1,4,0,3,2,2,12,0.52,16,15,10,10,11,6,68,2.96,0.438,-0.133,0.7,0.3,0.273,0,0.069,0,1,0,0,0,0,1,0.04,0,0,0,0,0,0,0,0,0,0,0,0,0,0,0,0,0,0,0,0,0,0,0,0,1,4,0,7,2,2,16,0.7,0,1,0,0,0,0,1,2,5,1,1,0,1,10,11,0.48,0,0,0,0,0,0,0,0,9,5.5,7.5,6.5,5,2.5,36,1.57,1,4,0,3,2,2,0.52
N. Cabello,Louisville,S,3,5,3,4,4,4,23,0,0,0,0,0,0,0,0,0,0,0,1,0,1,2,0.09,1,0,1,1,2,4,9,0.39,0,0,0,-1,0,-0.25,-0.054,16,19,23,29,44,31,162,7.04,2,0,3,0,2,1,8,0.35,1,1,1,0,1,3,7,0.3,0,0,0,0,0,0,0,0,9,7,4,10,8,10,48,2.09,0,0,0,0,0,0,0,1,0,0,1,3,3,8,8,0.35,0,0,0,0,0,2,2,0.09,2.5,0,3,0.5,3.5,2.5,12,0.52,1,1,1,1,1,6,0.48
S. M. Diaz,Louisville,OH,3,5,3,4,4,4,23,9,7,7,12,14,20,69,3,2,5,1,2,3,4,17,0.74,19,23,14,26,31,40,153,6.65,0.368,0.087,0.429,0.385,0.355,0.4,0.088,1,0,0,0,1,0,2,0.09,0,0,0,0,1,0,1,0.04,0,0,1,1,1,0,3,0.13,0,0,0,0,0,0,0,0,2,2,2,4,4,6,20,0.87,1,1,0,1,0,0,3,4,6,3,6,1,5,25,28,1.22,0,0,0,0,0,0,0,0,12,11,8.5,16,15.5,22.5,85.5,3.72,2,5,2,3,4,4,0.87
K. Schrand,Louisville,L,3,5,3,4,4,4,23,0,0,0,0,0,0,0,0,0,0,0,0,0,0,0,0,1,0,0,0,0,0,1,0.04,0,0,0,0,0,0,0,1,0,0,0,0,0,1,0.04,1,1,0,0,1,0,3,0.13,0,2,1,0,1,1,5,0.22,0,0,0,0,0,0,0,0,5,1,1,1,1,3,12,0.52,0,0,0,0,0,0,0,0,0,0,0,0,0,0,0,0,0,0,0,0,0,0,0,0,1,1,0,0,1,0,3,0.13,0,2,1,0,1,1,0.22
E. Scott,Louisville,L,3,5,3,4,4,4,23,0,0,0,0,0,0,0,0,0,0,0,0,0,0,0,0,0,0,0,0,0,0,0,0,0,0,0,0,0,0,0,6,7,4,7,5,7,36,1.57,1,2,0,0,1,0,4,0.17,1,0,1,2,1,0,5,0.22,0,1,0,1,0,1,3,0.13,13,26,8,13,14,24,98,4.26,0,0,0,0,0,0,0,0,0,0,0,0,0,0,0,0,0,0,0,0,0,0,0,0,1,2,0,0,1,0,4,0.17,1,1,1,3,1,1,0.35
H. Sherman,Louisville,MB,3,5,0,0,0,4,12,3,0,0,0,0,1,4,0.33,2,0,0,0,0,0,2,0.17,6,1,0,0,0,5,12,1,0.167,0,0,0,0,0.2,0.031,1,0,0,0,0,0,1,0.08,0,0,0,0,0,0,0,0,0,0,0,0,0,1,1,0.08,0,0,0,0,0,0,0,0,0,1,0,0,0,1,2,0.17,0,0,0,0,0,0,0,7,4,0,0,0,4,15,15,1.25,0,1,0,0,0,1,2,0.17,6.5,2,0,0,0,3,11.5,0.96,2,1,0,0,0,2,0.42
S. Untiedti,Louisville,L,0,0,0,0,0,4,4,0,0,0,0,0,0,0,0,0,0,0,0,0,0,0,0,0,0,0,0,0,0,0,0,0,0,0,0,0,0,0,0,0,0,0,0,0,0,0,0,0,0,0,0,0,0,0,0,0,0,0,0,0,0,0,0,0,0,0,0,0,0,0,0,0,0,0,0,0,0,0,0,0,0,0,0,0,0,0,0,0,0,0,0,0,0,0,0,0,0,0,0,0,0,0,0,0,0,0,0,0,0,0,0,0,0,0,0,0,0
A. Debeer,Louisville,OH,3,5,3,4,4,0,19,7,19,15,15,14,0,70,3.68,3,5,4,6,4,0,22,1.16,17,50,28,45,38,0,178,9.37,0.235,0.28,0.393,0.2,0.263,0,0.072,0,0,2,0,1,0,3,0.16,0,0,0,1,0,0,1,0.05,0,4,3,4,0,0,11,0.58,0,0,0,2,2,0,4,0.21,5,11,7,6,9,0,38,2,0,0,0,1,2,0,3,0,4,0,1,1,0,6,9,0.47,0,0,0,1,1,0,2,0.11,7,21,15,17.5,16.5,0,77,4.05,3,9,7,13,7,0,2.05
A. Bankston,Louisville,OH,3,0,0,0,0,0,3,2,0,0,0,0,0,2,0.67,4,0,0,0,0,0,4,1.33,8,0,0,0,0,0,8,2.67,-0.25,0,0,0,0,0,-0.083,0,0,0,0,0,0,0,0,0,0,0,0,0,0,0,0,0,0,0,0,0,0,0,0,0,0,0,0,0,0,0,0,1,0,0,0,0,0,1,0.33,0,0,0,0,0,0,0,0,0,0,0,0,0,0,0,0,0,0,0,0,0,0,0,0,2,0,0,0,0,0,2,0.67,4,0,0,0,0,0,1.33
O. Babcock,Pittsburgh,OPP,3,3,5,3,4,0,18,12,13,31,13,33,0,102,5.67,4,8,11,1,8,0,32,1.78,29,36,69,32,65,0,231,12.83,0.276,0.139,0.29,0.375,0.385,0,0.081,1,1,0,0,2,0,4,0.22,2,2,0,1,0,0,5,0.28,2,2,4,5,1,0,14,0.78,0,0,0,0,0,0,0,0,11,4,12,7,5,0,39,2.17,0,0,0,0,0,0,0,2,4,3,3,2,0,14,14,0.78,0,0,0,0,0,0,0,0,15,17,32.5,15.5,34,0,114,6.33,6,10,15,6,9,0,2.56
R. Fairbanks,Pittsburgh,OPP,3,3,5,3,4,0,18,1,2,1,1,1,0,6,0.33,0,0,1,0,0,0,1,0.06,3,3,4,1,4,0,15,0.83,0.333,0.667,0,1,0.25,0,0.125,33,36,54,31,53,0,207,11.5,5,0,1,1,1,0,8,0.44,0,0,1,1,1,0,3,0.17,0,0,0,0,0,0,0,0,8,4,12,5,10,0,39,2.17,0,0,0,0,0,0,0,0,2,1,2,1,0,6,6,0.33,0,0,0,0,0,0,0,0,6,3,2.5,3,2.5,0,17,0.94,0,0,2,1,1,0,0.22
R. Jones,Pittsburgh,MB,3,3,5,3,4,0,18,3,2,3,2,2,0,12,0.67,1,0,0,0,1,0,2,0.11,8,5,8,3,4,0,28,1.56,0.25,0.4,0.375,0.667,0.25,0,0.108,0,1,0,1,1,0,3,0.17,0,0,0,0,0,0,0,0,0,0,0,0,0,0,0,0,0,0,0,0,0,0,0,0,0,1,0,0,2,0,3,0.17,1,1,0,0,0,0,2,2,3,2,1,2,0,10,12,0.67,0,0,0,1,0,0,1,0.06,5,4.5,4,2.5,3,0,19,1.06,1,0,0,1,1,0,0.17
B. Kelley,Pittsburgh,MB,0,3,5,3,4,0,15,0,6,12,8,7,0,33,2.2,0,0,2,1,2,0,5,0.33,,11,25,14,16,0,66,4.4,0,0.545,0.4,0.5,0.313,0,0.117,,0,0,0,0,0,0,0,,0,0,0,0,0,0,0,0,0,0,0,0,0,0,0,0,0,0,0,0,0,0,0,0,2,0,1,1,0,4,0.27,0,0,2,0,0,0,2,0,5,6,5,1,0,17,19,1.27,0,1,1,0,0,0,2,0.13,0,8.5,17,10.5,7.5,0,43.5,2.9,0,1,3,1,2,0,0.47
T. Stafford,Pittsburgh,OH,3,3,5,3,4,0,18,14,10,14,6,18,0,62,3.44,4,4,2,4,4,0,18,1,32,28,43,17,42,0,162,9,0.313,0.214,0.279,0.118,0.333,0,0.07,1,1,1,2,3,0,8,0.44,1,0,1,0,0,0,2,0.11,1,3,1,0,2,0,7,0.39,0,1,4,1,2,0,8,0.44,6,9,12,8,15,0,50,2.78,0,0,0,1,1,0,2,2,0,3,0,0,0,5,7,0.39,0,0,0,0,0,0,0,0,16,10,16.5,7,19,0,68.5,3.81,5,8,7,5,8,0,1.83
V. V. Gomez,Pittsburgh,OH,3,3,5,3,4,0,18,7,10,1,7,8,0,33,1.83,4,5,3,3,5,0,20,1.11,17,21,10,17,22,0,87,4.83,0.176,0.238,-0.2,0.235,0.136,0,0.033,0,2,1,0,1,0,4,0.22,2,1,3,0,1,0,7,0.39,1,0,1,0,1,0,3,0.17,0,1,4,0,4,0,9,0.5,6,4,11,4,5,0,30,1.67,0,0,0,0,0,0,0,1,1,0,0,0,0,2,2,0.11,0,0,0,0,1,0,1,0.06,9.5,11.5,4,7,9,0,41,2.28,5,6,8,3,11,0,1.83
B. Bayless,Pittsburgh,OH,3,3,5,3,4,0,18,0,0,4,0,1,0,5,0.28,1,0,1,0,1,0,3,0.17,4,0,15,0,2,0,21,1.17,-0.25,0,0.2,0,0,0,-0.003,0,0,0,0,0,0,0,0,0,0,0,0,0,0,0,0,0,0,0,0,0,0,0,0,0,0,1,0,2,0,3,0.17,0,0,2,0,0,0,2,0.11,0,0,0,0,0,0,0,2,0,1,1,0,0,4,4,0.22,0,0,0,0,0,0,0,0,1,0,4.5,0.5,1,0,7,0.39,1,0,2,0,3,0,0.33
C. Flood,Pittsburgh,OH,3,3,5,3,4,0,18,0,0,0,0,0,0,0,0,0,0,0,0,0,0,0,0,0,0,0,0,0,0,0,0,0,0,0,0,0,0,0,0,0,1,0,0,0,1,0.06,0,1,0,1,0,0,2,0.11,0,0,1,0,0,0,1,0.06,0,0,0,0,0,0,0,0,0,2,5,1,3,0,11,0.61,0,0,0,0,0,0,0,0,0,0,0,0,0,0,0,0,0,0,0,0,0,0,0,0,0,1,0,1,0,0,2,0.11,0,0,1,0,0,0,0.06
D. Griffin,Pittsburgh,L,3,3,5,3,4,0,18,0,0,0,0,0,0,0,0,0,0,0,0,0,0,0,0,0,0,0,0,0,0,0,0,0,0,0,0,0,0,0,0,0,0,0,0,0,0,0,0,0,0,0,0,0,0,0,0,0,0,0,0,0,0,0,0,0,0,0,0,0,0,0,0,0,0,1,0,0,1,0.06,0,0,0,0,0,0,0,0,0,0,0,0,0,0,0,0,0,0,0,0,0,0,0,0,0,0,0,0,0,0,0,0,0,0,0,0,0,0,0
E. Klika,Pittsburgh,L,3,3,5,3,4,0,18,0,0,0,0,0,0,0,0,0,0,0,0,0,0,0,0,0,0,0,0,0,0,0,0,0,0,0,0,0,0,0,2,0,3,1,5,0,11,0.61,0,0,0,0,0,0,0,0,0,0,0,0,0,0,0,0,0,0,2,1,0,0,3,0.17,12,8,13,9,21,0,63,3.5,0,0,0,0,0,0,0,0,0,0,0,0,0,0,0,0,0,0,0,0,0,0,0,0,0,0,0,0,0,0,0,0,0,0,2,1,0,0,0.17
M. Meyer,Pittsburgh,L,3,3,5,3,4,0,18,0,0,0,0,0,0,0,0,0,0,0,0,0,0,0,0,0,0,0,0,0,0,0,0,0,0,0,0,0,0,0,0,0,0,0,0,0,0,0,1,0,3,1,0,0,5,0.28,0,1,0,1,1,0,3,0.17,0,0,0,0,0,0,0,0,3,0,4,2,2,0,11,0.61,0,0,0,0,0,0,0,0,0,0,0,0,0,0,0,0,0,0,0,0,0,0,0,0,1,0,3,1,0,0,5,0.28,0,1,0,1,1,0,0.17
D. Virlan,Pittsburgh,MB,3,0,0,0,0,0,3,1,0,0,0,0,0,1,0.33,0,0,0,0,0,0,0,0,3,0,0,0,0,0,3,1,0.333,0,0,0,0,0,0.111,0,0,0,0,0,0,0,0,0,0,0,0,0,0,0,0,0,0,0,0,0,0,0,0,0,0,0,0,0,0,0,0,0,0,0,0,0,0,0,0,0,0,0,0,0,0,0,2,0,0,0,0,0,2,2,0.67,0,0,0,0,0,0,0,0,2,0,0,0,0,0,2,0.67,0,0,0,0,0,0,0
N. Buzlutepe,Pittsburgh,S,3,0,0,0,0,0,3,0,0,0,0,0,0,0,0,0,0,0,0,0,0,0,0,0,0,0,0,0,0,0,0,0,0,0,0,0,0,0,2,0,0,0,0,0,2,0.67,0,0,0,0,0,0,0,0,0,0,0,0,0,0,0,0,0,0,0,0,0,0,0,0,1,0,0,0,0,0,1,0.33,0,0,0,0,0,0,0,0,0,0,0,0,0,0,0,0,0,0,0,0,0,0,0,0,0,0,0,0,0,0,0,0,0,0,0,0,0,0,0
B. Garibaldi,Pittsburgh,MB,3,0,0,0,0,0,3,2,0,0,0,0,0,2,0.67,0,0,0,0,0,0,0,0,2,0,0,0,0,0,2,0.67,1,0,0,0,0,0,0.333,0,0,0,0,0,0,0,0,0,0,0,0,0,0,0,0,0,0,0,0,0,0,0,0,0,0,0,0,0,0,0,0,0,0,0,0,0,0,0,0,0,0,0,0,0,0,0,3,0,0,0,0,0,3,3,1,0,0,0,0,0,0,0,0,3.5,0,0,0,0,0,3.5,1.17,0,0,0,0,0,0,0
R. Allick,Nebraska,MB,3,3,4,3,5,0,18,3,6,10,5,8,0,32,1.78,0,2,3,1,2,0,8,0.44,3,9,19,9,17,0,57,3.17,1,0.444,0.368,0.444,0.353,0,0.145,0,0,0,0,1,0,1,0.06,0,0,0,0,0,0,0,0,0,0,0,0,0,0,0,0,0,0,0,0,0,0,0,0,0,0,0,0,1,0,1,0.06,0,0,0,2,2,0,4,1,7,4,2,8,0,22,26,1.44,0,0,2,0,0,0,2,0.11,3.5,9.5,12,8,14,0,47,2.61,0,2,5,1,2,0,0.56
M. Beason,Nebraska,OH,3,3,4,3,5,0,18,3,8,3,4,8,0,26,1.44,2,2,4,4,2,0,14,0.78,11,17,21,19,29,0,97,5.39,0.091,0.353,-0.048,0,0.207,0,0.034,2,0,0,0,0,0,2,0.11,2,0,0,2,1,0,5,0.28,0,0,3,1,1,0,5,0.28,0,0,0,0,0,0,0,0,3,3,6,5,4,0,21,1.17,0,0,0,0,0,0,0,2,3,3,0,3,0,11,11,0.61,0,0,1,0,1,0,2,0.11,6,9.5,4.5,6,10.5,0,36.5,2.03,2,2,8,5,4,0,1.17
A. Jackson,Nebraska,MB,3,3,4,3,5,0,18,6,6,8,9,19,0,48,2.67,1,4,4,1,2,0,12,0.67,11,15,18,15,27,0,86,4.78,0.455,0.133,0.222,0.533,0.63,0,0.11,0,0,0,0,0,0,0,0,0,0,0,0,0,0,0,0,0,0,0,0,0,0,0,0,0,0,0,0,0,0,0,0,0,1,0,1,0,0,2,0.11,0,0,0,0,0,0,0,3,3,7,3,5,0,21,21,1.17,0,0,1,0,0,0,1,0.06,7.5,7.5,11.5,10.5,21.5,0,58.5,3.25,1,4,5,1,2,0,0.72
O. Mauch,Nebraska,L,3,3,4,3,5,0,18,0,0,0,0,0,0,0,0,0,0,0,0,0,0,0,0,0,0,0,0,0,0,0,0,0,0,0,0,0,0,0,0,0,0,0,0,0,0,0,4,0,1,1,1,0,7,0.39,0,1,1,0,1,0,3,0.17,0,0,2,3,1,0,6,0.33,5,1,7,5,9,0,27,1.5,0,0,0,0,0,0,0,0,0,0,0,0,0,0,0,0,0,0,0,0,0,0,0,0,4,0,1,1,1,0,7,0.39,0,1,3,3,2,0,0.5
H. Murray,Nebraska,MB,3,3,4,3,5,0,18,12,9,22,9,20,0,72,4,1,2,8,4,10,0,25,1.39,25,17,44,29,58,0,173,9.61,0.44,0.412,0.318,0.172,0.172,0,0.084,0,3,1,0,1,0,5,0.28,0,2,4,0,3,0,9,0.5,1,2,1,0,3,0,7,0.39,0,0,0,0,4,0,4,0.22,4,12,16,8,15,0,55,3.06,0,0,0,0,0,0,0,1,2,4,1,6,0,14,14,0.78,0,1,0,0,1,0,2,0.11,12.5,12,28,9.5,26,0,88,4.89,2,5,9,4,18,0,2.11
B. Reilly,Nebraska,S,3,3,4,3,5,0,18,2,4,2,0,0,0,8,0.44,0,0,0,2,1,0,3,0.17,3,7,3,9,4,0,26,1.44,0.667,0.571,0.667,-0.222,-0.25,0,0.08,26,33,47,26,55,0,187,10.39,0,0,1,0,0,0,1,0.06,1,0,1,0,1,0,3,0.17,0,0,0,0,0,0,0,0,11,6,6,8,15,0,46,2.56,0,0,0,0,0,0,0,1,1,4,3,1,0,10,10,0.56,0,0,0,1,1,0,2,0.11,2.5,4.5,5,1.5,0.5,0,14,0.78,1,0,1,3,3,0,0.44
L. Choboy,Nebraska,L,3,3,4,3,5,0,18,0,0,0,0,0,0,0,0,0,0,0,0,0,0,0,0,0,0,0,0,0,0,0,0,0,0,0,0,0,0,0,2,1,0,1,0,0,4,0.22,0,0,0,0,0,0,0,0,0,0,0,0,0,0,0,0,1,1,1,0,0,0,3,0.17,3,6,6,4,6,0,25,1.39,0,0,0,0,0,0,0,0,0,0,0,0,0,0,0,0,0,0,0,0,0,0,0,0,0,0,0,0,0,0,0,0,1,1,1,0,0,0,0.17
T. Landfair,Nebraska,OH,3,3,4,3,5,0,18,4,8,8,11,10,0,41,2.28,1,4,5,3,5,0,18,1,8,27,28,26,29,0,118,6.56,0.375,0.148,0.107,0.308,0.172,0,0.062,0,0,0,0,0,0,0,0,0,0,0,0,0,0,0,0,0,0,0,0,0,0,0,0,0,0,0,0,0,0,0,0,0,3,3,2,2,0,10,0.56,0,0,0,0,0,0,0,1,4,1,2,3,0,11,11,0.61,0,0,0,0,0,0,0,0,4.5,10,8.5,12,11.5,0,46.5,2.58,1,4,5,3,5,0,1
K. Orr,Nebraska,S,3,3,4,3,5,0,18,0,0,0,0,0,0,0,0,0,0,0,0,0,0,0,0,0,0,0,0,0,0,0,0,0,0,0,0,0,0,0,0,0,0,0,0,0,0,0,0,1,0,0,1,0,2,0.11,0,1,0,2,0,0,3,0.17,0,0,0,0,0,0,0,0,1,2,3,3,5,0,14,0.78,0,0,0,0,0,0,0,0,0,0,0,0,0,0,0,0,0,0,0,0,0,0,0,0,0,1,0,0,1,0,2,0.11,0,1,0,2,0,0,0.17
L. Rodriguez,Nebraska,L,3,3,4,3,5,0,18,0,0,0,0,0,0,0,0,0,0,0,0,0,0,0,0,0,0,1,0,0,0,1,0.06,0,0,0,0,0,0,0,5,1,2,5,5,0,18,1,0,0,1,0,0,0,1,0.06,0,0,1,0,1,0,2,0.11,0,0,1,0,1,0,2,0.11,13,9,22,14,15,0,73,4.06,0,0,0,0,0,0,0,0,0,0,0,0,0,0,0,0,0,0,0,0,0,0,0,0,0,0,1,0,0,0,1,0.06,0,0,2,0,2,0,0.22
L. Blackwell,Nebraska,MB,3,0,0,0,0,0,3,4,0,0,0,0,0,4,1.33,2,0,0,0,0,0,2,0.67,10,0,0,0,0,0,10,3.33,0.2,0,0,0,0,0,0.067,1,0,0,0,0,0,1,0.33,0,0,0,0,0,0,0,0,0,0,0,0,0,0,0,0,0,0,0,0,0,0,0,0,0,0,0,0,0,0,0,0,0,0,0,0,0,0,0,1,0,0,0,0,0,1,1,0.33,0,0,0,0,0,0,0,0,4.5,0,0,0,0,0,4.5,1.5,2,0,0,0,0,0,0.67
L. Krause,Nebraska,OH,3,0,0,0,0,0,3,2,0,0,0,0,0,2,0.67,1,0,0,0,0,0,1,0.33,5,0,0,0,0,0,5,1.67,0.2,0,0,0,0,0,0.067,0,0,0,0,0,0,0,0,0,0,0,0,0,0,0,0,0,0,0,0,0,0,0,0,0,0,0,0,0,0,0,0,0,0,0,0,0,0,0,0,0,0,0,0,0,0,0,0,0,0,0,0,0,0,0,0,0,0,0,0,0,0,0,0,2,0,0,0,0,0,2,0.67,1,0,0,0,0,0,0.33
L. Andrew,Stanford,MB,3,3,4,4,0,0,14,4,3,10,4,0,0,21,1.5,3,0,1,1,0,0,5,0.36,10,7,15,10,0,0,42,3,0.1,0.429,0.6,0.3,0,0,0.102,0,0,0,0,0,0,0,0,0,0,0,0,0,0,0,0,0,0,0,0,0,0,0,0,1,0,0,0,0,0,1,0.07,0,0,0,0,0,0,0,0,0,0,0,0,0,0,0,2,1,2,3,0,0,8,8,0.57,0,0,0,1,0,0,1,0.07,5,3.5,11,5.5,0,0,25,1.79,4,0,1,2,0,0,0.5
S. Francis,Stanford,MB,3,3,4,4,0,0,14,4,6,17,10,0,0,37,2.64,0,1,2,5,0,0,8,0.57,8,11,36,25,0,0,80,5.71,0.5,0.455,0.417,0.2,0,0,0.112,0,0,1,0,0,0,1,0.07,0,0,0,0,0,0,0,0,0,0,0,0,0,0,0,0,0,0,0,0,0,0,0,0,0,0,1,0,0,0,1,0.07,0,0,1,1,0,0,2,3,3,3,4,0,0,13,15,1.07,0,0,0,1,0,0,1,0.07,5.5,7.5,19.5,13,0,0,45.5,3.25,0,1,2,6,0,0,0.64
J. Harvey,Stanford,OPP,3,3,4,4,0,0,14,10,13,10,8,0,0,41,2.93,3,1,5,3,0,0,12,0.86,20,23,24,20,0,0,87,6.21,0.35,0.522,0.208,0.25,0,0,0.095,0,1,0,0,0,0,1,0.07,1,0,3,3,0,0,7,0.5,2,0,3,4,0,0,9,0.64,0,0,0,0,0,0,0,0,4,1,10,8,0,0,23,1.64,0,0,0,1,0,0,1,3,0,0,1,0,0,4,5,0.36,0,1,0,0,0,0,1,0.07,12.5,13,13,12.5,0,0,51,3.64,5,2,8,7,0,0,1.57
K. Miner,Stanford,S,3,3,4,4,0,0,14,1,2,2,2,0,0,7,0.5,0,0,1,1,0,0,2,0.14,1,2,7,6,0,0,16,1.14,1,1,0.143,0.167,0,0,0.165,37,36,56,46,0,0,175,12.5,0,1,1,0,0,0,2,0.14,0,2,4,1,0,0,7,0.5,0,0,0,0,0,0,0,0,6,5,9,4,0,0,24,1.71,0,0,0,1,0,0,1,2,2,5,1,0,0,10,11,0.79,0,0,0,0,0,0,0,0,2,4,5.5,3.5,0,0,15,1.07,0,2,5,2,0,0,0.64
A. Pringle,Stanford,L,3,3,4,4,0,0,14,0,0,0,0,0,0,0,0,0,0,0,0,0,0,0,0,0,0,0,1,0,0,1,0.07,0,0,0,0,0,0,0,0,1,0,1,0,0,2,0.14,0,0,0,0,0,0,0,0,0,0,0,0,0,0,0,0,1,0,0,0,0,0,1,0.07,7,5,6,5,0,0,23,1.64,0,0,0,0,0,0,0,0,0,0,0,0,0,0,0,0,0,0,0,0,0,0,0,0,0,0,0,0,0,0,0,0,1,0,0,0,0,0,0.07
E. Rubin,Stanford,OH,3,3,4,4,0,0,14,15,15,16,14,0,0,60,4.29,4,0,11,11,0,0,26,1.86,26,26,47,45,0,0,144,10.29,0.423,0.577,0.106,0.067,0,0,0.084,2,1,3,1,0,0,7,0.5,3,1,1,1,0,0,6,0.43,3,3,3,2,0,0,11,0.79,1,0,0,0,0,0,1,0.07,5,10,13,8,0,0,36,2.57,0,1,0,0,0,0,1,0,2,0,4,0,0,6,7,0.5,0,0,0,1,0,0,1,0.07,18,18,17,17,0,0,70,5,8,3,14,14,0,0,2.79
T. Beaven,Stanford,L,3,0,0,4,0,0,7,0,0,0,0,0,0,0,0,0,0,0,0,0,0,0,0,0,0,0,0,0,0,0,0,0,0,0,0,0,0,0,0,0,0,0,0,0,0,0,0,0,0,0,0,0,0,0,0,0,0,0,0,0,0,0,0,0,0,0,0,0,0,0,0,0,0,0,0,0,0,0,0,0,0,0,0,0,0,0,0,0,0,0,0,0,0,0,0,0,0,0,0,0,0,0,0,0,0,0,0,0,0,0,0,0,0,0,0,0,0
M. Cawa,Stanford,L,0,0,0,4,0,0,4,0,0,0,0,0,0,0,0,0,0,0,0,0,0,0,0,0,0,0,0,0,0,0,0,0,0,0,0,0,0,0,0,0,0,0,0,0,0,0,0,0,0,0,0,0,0,0,0,0,0,0,0,0,0,0,0,0,0,0,0,0,0,0,0,0,0,0,0,0,0,0,0,0,0,0,0,0,0,0,0,0,0,0,0,0,0,0,0,0,0,0,0,0,0,0,0,,,0,,,0,0,0,,,0,,,
K. KiOPPch,Stanford,L,3,3,4,4,0,0,14,0,0,0,0,0,0,0,0,0,0,0,0,0,0,0,0,0,0,0,0,0,0,0,0,0,0,0,0,0,0,0,1,0,0,0,0,0,1,0.07,2,0,0,0,0,0,2,0.14,3,0,1,2,0,0,6,0.43,0,0,0,0,0,0,0,0,1,0,0,1,0,0,2,0.14,0,0,0,0,0,0,0,0,0,0,0,0,0,0,0,0,0,0,0,0,0,0,0,0,2,0,0,0,0,0,2,0.14,3,0,1,2,0,0,0.43
I. Kurt,Stanford,OH,3,3,4,4,0,0,14,9,10,17,13,0,0,49,3.5,2,1,5,7,0,0,15,1.07,14,17,34,43,0,0,108,7.71,0.5,0.529,0.353,0.14,0,0,0.109,0,1,0,0,0,0,1,0.07,4,1,1,0,0,0,6,0.43,1,3,4,2,0,0,10,0.71,0,1,0,0,0,0,1,0.07,1,1,4,2,0,0,8,0.57,0,0,0,0,0,0,0,0,0,0,1,0,0,1,1,0.07,0,1,0,0,0,0,1,0.07,13,11,18,13.5,0,0,55.5,3.96,3,6,9,9,0,0,1.93
E. Oglivie,Stanford,L,3,3,4,4,0,0,14,0,0,0,0,0,0,0,0,0,0,0,0,0,0,0,0,0,0,0,0,0,0,0,0,0,0,0,0,0,0,0,2,6,10,1,0,0,19,1.36,1,1,0,0,0,0,2,0.14,2,1,1,0,0,0,4,0.29,1,1,0,0,0,0,2,0.14,12,9,16,14,0,0,51,3.64,0,0,0,0,0,0,0,0,0,0,0,0,0,0,0,0,0,0,0,0,0,0,0,0,1,1,0,0,0,0,2,0.14,3,2,1,0,0,0,0.43
T. Yu,Stanford,S,3,3,4,4,0,0,14,0,0,0,0,0,0,0,0,0,0,0,0,0,0,0,0,0,0,0,0,0,0,0,0,0,0,0,0,0,0,0,0,0,0,0,0,0,0,0,1,0,0,1,0,0,2,0.14,0,0,1,0,0,0,1,0.07,0,0,0,0,0,0,0,0,1,1,1,0,0,0,3,0.21,0,0,0,0,0,0,0,0,0,0,0,0,0,0,0,0,0,0,0,0,0,0,0,0,1,0,0,1,0,0,2,0.14,0,0,1,0,0,0,0.07
C. Booth,Wisconsin,MB,3,4,5,3,0,0,15,6,10,14,6,0,0,36,2.4,2,4,2,2,0,0,10,0.67,10,20,27,14,0,0,71,4.73,0.4,0.3,0.444,0.286,0,0,0.095,1,0,1,1,0,0,3,0.2,0,0,0,0,0,0,0,0,0,0,0,0,0,0,0,0,0,0,0,0,0,0,0,0,1,2,1,0,0,0,4,0.27,0,0,0,0,0,0,0,5,8,9,3,0,0,25,25,1.67,0,1,0,0,0,0,1,0.07,8.5,14,18.5,7.5,0,0,48.5,3.23,2,5,2,2,0,0,0.73
C. Crawford,Wisconsin,MB,3,4,5,3,0,0,15,3,2,4,1,0,0,10,0.67,1,1,2,2,0,0,6,0.4,7,4,8,5,0,0,24,1.6,0.286,0.25,0.25,-0.2,0,0,0.039,0,0,0,0,0,0,0,0,1,0,0,0,0,0,1,0.07,0,0,0,1,0,0,1,0.07,0,0,0,0,0,0,0,0,1,0,7,0,0,0,8,0.53,0,0,0,1,0,0,1,2,2,2,4,0,0,10,11,0.73,0,0,0,0,0,0,0,0,5,3,5,4,0,0,17,1.13,1,1,2,3,0,0,0.47
S. Franklin,Wisconsin,OH,3,4,5,3,0,0,15,12,20,21,11,0,0,64,4.27,2,5,6,5,0,0,18,1.2,22,51,66,40,0,0,179,11.93,0.455,0.294,0.227,0.15,0,0,0.075,0,0,0,0,0,0,0,0,0,0,2,0,0,0,2,0.13,0,0,3,0,0,0,3,0.2,0,0,0,2,0,0,2,0.13,8,10,8,9,0,0,35,2.33,0,0,0,0,0,0,0,3,2,2,1,0,0,8,8,0.53,0,0,0,0,0,0,0,0,13.5,21,24,11.5,0,0,70,4.67,2,5,9,7,0,0,1.53
C. HFuerBringer,Wisconsin,S,3,4,5,3,0,0,15,0,0,3,0,0,0,3,0.2,1,0,0,1,0,0,2,0.13,1,4,7,3,0,0,15,1,-1,0,0.429,-0.333,0,0,-0.06,41,49,56,28,0,0,174,11.6,1,4,0,3,0,0,8,0.53,1,1,3,3,0,0,8,0.53,0,0,0,0,0,0,0,0,8,21,12,7,0,0,48,3.2,0,0,0,0,0,0,0,3,2,1,2,0,0,8,8,0.53,1,2,0,1,0,0,4,0.27,2.5,5,3.5,4,0,0,15,1,3,3,3,5,0,0,0.93
J. Orzol,Wisconsin,OH,3,4,5,3,0,0,15,8,8,8,7,0,0,31,2.07,2,5,5,3,0,0,15,1,21,29,21,25,0,0,96,6.4,0.286,0.103,0.143,0.16,0,0,0.046,0,1,1,0,0,0,2,0.13,3,0,0,0,0,0,3,0.2,1,0,3,0,0,0,4,0.27,1,0,1,1,0,0,3,0.2,4,13,9,9,0,0,35,2.33,0,0,0,0,0,0,0,1,0,2,2,0,0,5,5,0.33,0,0,0,0,0,0,0,0,11.5,8,9,8,0,0,36.5,2.43,4,5,9,4,0,0,1.47
A. Smrek,Wisconsin,MB,3,4,5,3,0,0,15,14,13,10,7,0,0,44,2.93,1,2,5,2,0,0,10,0.67,19,40,30,18,0,0,107,7.13,0.684,0.275,0.167,0.278,0,0,0.094,0,2,1,1,0,0,4,0.27,0,0,0,0,0,0,0,0,0,0,0,0,0,0,0,0,0,0,0,0,0,0,0,0,0,2,5,5,0,0,12,0.8,0,1,0,0,0,0,1,5,8,9,3,0,0,25,26,1.73,0,0,1,0,0,0,1,0.07,16.5,18,14.5,8.5,0,0,57.5,3.83,1,2,6,2,0,0,0.73
G. Guctekin,Wisconsin,L,3,4,5,3,0,0,15,0,0,0,0,0,0,0,0,0,0,0,0,0,0,0,0,0,0,0,0,0,0,0,0,0,0,0,0,0,0,0,0,2,1,1,0,0,4,0.27,0,0,1,0,0,0,1,0.07,0,2,0,1,0,0,3,0.2,0,0,0,0,0,0,0,0,2,3,13,6,0,0,24,1.6,0,0,0,0,0,0,0,0,0,0,0,0,0,0,0,0,0,0,0,0,0,0,0,0,0,0,1,0,0,0,1,0.07,0,2,0,1,0,0,0.2
D. Robinson,Wisconsin,OPP,3,4,5,3,0,0,15,5,8,7,2,0,0,22,1.47,0,0,2,2,0,0,4,0.27,10,18,15,6,0,0,49,3.27,0.5,0.444,0.333,0,0,0,0.085,0,0,0,0,0,0,0,0,0,0,0,0,0,0,0,0,0,0,0,0,0,0,0,0,0,0,0,0,0,0,0,0,1,0,0,0,0,0,1,0.07,0,1,0,0,0,0,1,2,2,2,1,0,0,7,8,0.53,1,0,0,0,0,0,1,0.07,6,10,8,2.5,0,0,26.5,1.77,1,0,2,2,0,0,0.33
L. Schumacher,Wisconsin,L,3,4,5,3,0,0,15,0,0,0,0,0,0,0,0,0,0,0,0,0,0,0,0,0,0,1,0,0,0,1,0.07,0,0,0,0,0,0,0,3,0,5,2,0,0,10,0.67,0,0,1,0,0,0,1,0.07,2,0,0,2,0,0,4,0.27,0,2,3,0,0,0,5,0.33,14,19,24,7,0,0,64,4.27,0,0,0,0,0,0,0,0,0,0,0,0,0,0,0,0,0,0,0,0,0,0,0,0,0,0,1,0,0,0,1,0.07,2,2,3,2,0,0,0.6
S. Damrow,Wisconsin,L,3,4,0,0,0,0,7,0,0,0,0,0,0,0,0,0,0,0,0,0,0,0,0,0,0,0,0,0,0,0,0,0,0,0,0,0,0,0,0,0,0,0,0,0,0,0,2,0,0,0,0,0,2,0.29,3,3,0,0,0,0,6,0.86,0,0,0,0,0,0,0,0,2,5,0,0,0,0,7,1,0,0,0,0,0,0,0,0,0,0,0,0,0,0,0,0,0,0,0,0,0,0,0,0,2,0,0,0,0,0,2,0.29,3,3,0,0,0,0,0.86
E. Beavin,Kentucky,L,3,4,4,3,0,0,14,0,0,0,0,0,0,0,0,0,0,0,0,0,0,0,0,0,1,0,0,0,0,1,0.07,0,0,0,0,0,0,0,0,0,1,1,0,0,2,0.14,1,0,0,0,0,0,1,0.07,1,0,0,2,0,0,3,0.21,1,0,0,0,0,0,1,0.07,9,8,10,11,0,0,38,2.71,0,0,0,0,0,0,0,0,0,0,0,0,0,0,0,0,0,0,0,0,0,0,0,0,1,0,0,0,0,0,1,0.07,2,0,0,2,0,0,0.29
B. Bultema,Kentucky,MB,3,4,4,3,0,0,14,4,8,10,6,0,0,28,2,2,5,3,2,0,0,12,0.86,8,20,16,15,0,0,59,4.21,0.25,0.15,0.438,0.267,0,0,0.079,0,0,0,1,0,0,1,0.07,0,0,0,0,0,0,0,0,0,0,0,0,0,0,0,0,0,0,0,0,0,0,0,0,1,1,1,0,0,0,3,0.21,0,1,0,1,0,0,2,1,6,2,1,0,0,10,12,0.86,0,0,0,0,0,0,0,0,4.5,12,11,7.5,0,0,35,2.5,2,5,3,2,0,0,0.86
J. Dailey,Kentucky,MB,3,4,4,3,0,0,14,7,9,5,3,0,0,24,1.71,0,0,3,3,0,0,6,0.43,13,16,15,14,0,0,58,4.14,0.538,0.563,0.133,0,0,0,0.088,0,0,0,0,0,0,0,0,0,0,0,0,0,0,0,0,0,0,0,0,0,0,0,0,0,0,0,0,0,0,0,0,3,0,2,0,0,0,5,0.36,0,0,2,0,0,0,2,4,4,1,4,0,0,13,15,1.07,1,0,0,1,0,0,2,0.14,9,11,7.5,5,0,0,32.5,2.32,1,0,3,4,0,0,0.57
B. Deleye,Kentucky,OH,3,4,4,3,0,0,14,15,18,22,22,0,0,77,5.5,2,6,4,9,0,0,21,1.5,27,45,43,40,0,0,155,11.07,0.481,0.267,0.419,0.325,0,0,0.107,1,1,0,0,0,0,2,0.14,3,3,3,1,0,0,10,0.71,4,4,3,3,0,0,14,1,0,1,1,3,0,0,5,0.36,5,11,6,2,0,0,24,1.71,0,0,1,0,0,0,1,1,2,1,0,0,0,4,5,0.36,0,0,0,0,0,0,0,0,18.5,22,26.5,23,0,0,90,6.43,6,11,8,15,0,0,2.86
E. Grome,Kentucky,S,3,4,4,3,0,0,14,1,1,2,0,0,0,4,0.29,0,0,0,0,0,0,0,0,1,1,2,2,0,0,6,0.43,1,1,1,0,0,0,0.214,33,47,50,37,0,0,167,11.93,1,0,1,0,0,0,2,0.14,1,0,1,1,0,0,3,0.21,0,0,0,0,0,0,0,0,8,12,10,5,0,0,35,2.5,0,0,1,0,0,0,1,2,5,2,3,0,0,12,13,0.93,0,2,0,0,0,0,2,0.14,3,3.5,5,1.5,0,0,13,0.93,1,2,1,1,0,0,0.36
M. Wilson,Kentucky,OH,3,4,4,3,0,0,14,8,11,13,7,0,0,39,2.79,3,5,4,4,0,0,16,1.14,24,26,24,20,0,0,94,6.71,0.208,0.231,0.375,0.15,0,0,0.069,1,0,0,0,0,0,1,0.07,2,0,0,0,0,0,2,0.14,1,3,3,3,0,0,10,0.71,0,0,0,0,0,0,0,0,3,5,1,5,0,0,14,1,0,0,0,0,0,0,0,1,3,0,2,0,0,6,6,0.43,0,0,0,0,0,0,0,0,10.5,12.5,13,8,0,0,44,3.14,4,8,7,7,0,0,1.86
E. Lamb,Kentucky,OH,3,4,4,3,0,0,14,10,12,4,4,0,0,30,2.14,2,2,2,5,0,0,11,0.79,18,27,21,23,0,0,89,6.36,0.444,0.37,0.095,-0.043,0,0,0.062,0,0,0,0,0,0,0,0,1,0,0,0,0,0,1,0.07,0,0,0,0,0,0,0,0,1,2,2,0,0,0,5,0.36,0,0,1,0,0,0,1,0.07,2,0,0,0,0,0,2,1,0,0,0,0,0,1,3,0.21,1,0,1,0,0,0,2,0.14,13.5,12,4,4,0,0,33.5,2.39,4,4,5,5,0,0,1.29
A. Sarafa,Kentucky,S,3,4,4,3,0,0,14,0,0,0,0,0,0,0,0,0,0,0,0,0,0,0,0,0,0,0,0,0,0,0,0,0,0,0,0,0,0,0,0,0,0,0,0,0,0,0,0,0,1,1,0,0,2,0.14,0,1,1,0,0,0,2,0.14,0,0,0,0,0,0,0,0,0,5,0,0,0,0,5,0.36,0,0,0,0,0,0,0,0,0,0,0,0,0,0,0,0,0,0,0,0,0,0,0,0,0,0,1,1,0,0,2,0.14,0,1,1,0,0,0,0.14
A. Thigpen,Kentucky,OH,3,4,4,3,0,0,14,0,0,2,0,0,0,2,0.14,0,0,0,0,0,0,0,0,0,0,2,0,0,0,2,0.14,0,0,1,0,0,0,0.071,0,1,0,0,0,0,1,0.07,0,0,0,0,0,0,0,0,0,0,0,0,0,0,0,0,0,0,0,0,0,0,0,0,0,0,0,0,0,0,0,0,0,0,0,0,0,0,0,0,0,0,0,0,0,0,0,0,0,0,0,0,0,0,0,0,0,0,2,0,0,0,2,0.14,0,0,0,0,0,0,0
M. Tuozzo,Kentucky,L,3,4,4,3,0,0,14,0,0,1,0,0,0,1,0.07,0,0,0,0,0,0,0,0,0,0,1,0,0,0,1,0.07,0,0,1,0,0,0,0.071,7,4,4,2,0,0,17,1.21,0,1,0,1,0,0,2,0.14,0,2,1,2,0,0,5,0.36,0,0,2,1,0,0,3,0.21,12,8,12,7,0,0,39,2.79,0,0,0,0,0,0,0,0,0,0,0,0,0,0,0,0,0,0,0,0,0,0,0,0,0,1,1,1,0,0,3,0.21,0,2,3,3,0,0,0.57
K. Washington,Kentucky,MB,3,0,0,0,0,0,3,0,0,0,0,0,0,0,0,0,0,0,0,0,0,0,0,1,0,0,0,0,0,1,0.33,0,0,0,0,0,0,0,0,0,0,0,0,0,0,0,0,0,0,0,0,0,0,0,0,0,0,0,0,0,0,0,0,0,0,0,0,0,0,0,0,0,0,0,0,0,0,0,0,0,0,0,0,0,0,0,0,0,0,0,0,0,0,0,0,0,0,0,0,0,0,0,0,0,0,0,0,0,0,0,0,0,0,0,0,0,0
S. Breissinger,Creighton,L,3,3,4,5,0,0,15,0,0,0,0,0,0,0,0,0,0,0,0,0,0,0,0,0,0,0,0,0,0,0,0,0,0,0,0,0,0,0,2,1,3,3,0,0,9,0.6,1,0,1,1,0,0,3,0.2,1,1,1,2,0,0,5,0.33,1,0,2,2,0,0,5,0.33,9,3,6,5,0,0,23,1.53,0,0,0,0,0,0,0,0,0,0,0,0,0,0,0,0,0,0,0,0,0,0,0,0,1,0,1,1,0,0,3,0.2,2,1,3,4,0,0,0.67
E. Goetzinger,Creighton,MB,3,3,4,5,0,0,15,9,12,7,8,0,0,36,2.4,1,2,2,4,0,0,9,0.6,14,18,15,17,0,0,64,4.27,0.571,0.556,0.333,0.235,0,0,0.113,2,2,1,0,0,0,5,0.33,0,0,0,0,0,0,0,0,0,0,0,0,0,0,0,0,0,0,0,0,0,0,0,0,0,0,1,1,0,0,2,0.13,0,0,0,0,0,0,0,4,3,3,4,0,0,14,14,0.93,0,0,0,0,0,0,0,0,11,13.5,8.5,10,0,0,43,2.87,1,2,2,4,0,0,0.6
A. Martin,Creighton,OH,3,3,4,5,0,0,15,13,11,15,17,0,0,56,3.73,3,5,7,10,0,0,25,1.67,26,35,42,53,0,0,156,10.4,0.385,0.171,0.19,0.132,0,0,0.059,0,0,1,1,0,0,2,0.13,2,2,1,2,0,0,7,0.47,3,4,2,4,0,0,13,0.87,1,3,1,1,0,0,6,0.4,6,4,3,8,0,0,21,1.4,0,0,0,0,0,0,0,0,0,2,1,0,0,3,3,0.2,0,0,0,0,0,0,0,0,15,13,17,19.5,0,0,64.5,4.3,7,12,10,15,0,0,2.93
K. Reinhardt,Creighton,MB,3,3,4,5,0,0,15,6,2,9,3,0,0,20,1.33,0,2,2,2,0,0,6,0.4,8,8,16,11,0,0,43,2.87,0.75,0,0.438,0.091,0,0,0.085,1,0,2,1,0,0,4,0.27,0,0,0,0,0,0,0,0,0,0,0,0,0,0,0,0,0,0,0,1,0,0,1,0.07,0,0,0,1,0,0,1,0.07,0,0,1,1,0,0,2,2,4,7,4,0,0,17,19,1.27,0,1,0,2,0,0,3,0.2,7,4,13.5,6,0,0,30.5,2.03,0,3,2,5,0,0,0.67
N. Sis,Creighton,OH,3,3,4,5,0,0,15,11,10,15,8,0,0,44,2.93,3,2,5,8,0,0,18,1.2,26,22,44,33,0,0,125,8.33,0.308,0.364,0.227,0,0,0,0.06,1,2,1,0,0,0,4,0.27,0,2,4,3,0,0,9,0.6,1,2,2,0,0,0,5,0.33,0,0,0,2,0,0,2,0.13,6,12,13,12,0,0,43,2.87,0,0,0,0,0,0,0,3,2,3,1,0,0,9,9,0.6,0,0,0,0,0,0,0,0,12.5,13,20.5,11.5,0,0,57.5,3.83,4,4,7,10,0,0,1.67
K. Wait,Creighton,S,3,3,4,5,0,0,15,9,8,5,4,0,0,26,1.73,0,0,1,1,0,0,2,0.13,12,9,8,12,0,0,41,2.73,0.75,0.889,0.5,0.25,0,0,0.159,35,35,47,36,0,0,153,10.2,1,0,0,1,0,0,2,0.13,0,0,1,0,0,0,1,0.07,0,0,0,1,0,0,1,0.07,7,8,17,9,0,0,41,2.73,0,0,0,0,0,0,0,3,2,1,5,0,0,11,11,0.73,0,0,0,0,0,0,0,0,11.5,9,5.5,7.5,0,0,33.5,2.23,0,0,2,2,0,0,0.27
M. Bilinovic,Creighton,L,3,3,4,5,0,0,15,1,0,0,0,0,0,1,0.07,0,0,0,0,0,0,0,0,1,0,0,0,0,0,1,0.07,1,0,0,0,0,0,0.067,5,2,2,5,0,0,14,0.93,0,2,1,2,0,0,5,0.33,1,0,2,0,0,0,3,0.2,1,0,0,0,0,0,1,0.07,17,6,9,16,0,0,48,3.2,0,0,0,0,0,0,0,0,0,0,0,0,0,0,0,0,0,0,0,0,0,0,0,0,1,2,1,2,0,0,6,0.4,2,0,2,0,0,0,0.27
A. Hausmann,Creighton,L,3,3,4,5,0,0,15,0,0,0,0,0,0,0,0,0,0,0,0,0,0,0,0,0,0,0,0,0,0,0,0,0,0,0,0,0,0,0,0,0,0,0,0,0,0,0,0,0,1,1,0,0,2,0.13,1,0,1,4,0,0,6,0.4,0,0,0,0,0,0,0,0,1,0,0,1,0,0,2,0.13,0,0,0,0,0,0,0,0,0,0,0,0,0,0,0,0,0,0,0,0,0,0,0,0,0,0,1,1,0,0,2,0.13,1,0,1,4,0,0,0.4
J. Johnson,Creighton,MB,3,3,4,5,0,0,15,2,4,9,8,0,0,23,1.53,3,1,1,2,0,0,7,0.47,8,8,12,23,0,0,51,3.4,-0.125,0.375,0.667,0.261,0,0,0.079,0,0,0,0,0,0,0,0,0,0,0,0,0,0,0,0,0,0,0,0,0,0,0,0,0,0,0,0,0,0,0,0,0,3,2,3,0,0,8,0.53,0,0,0,0,0,0,0,0,3,4,1,0,0,8,8,0.53,0,0,1,0,0,0,1,0.07,2,5.5,11,8.5,0,0,27,1.8,3,1,2,2,0,0,0.53
S. Mccune,Creighton,L,3,3,4,0,0,0,10,0,0,0,0,0,0,0,0,0,0,0,0,0,0,0,0,0,0,0,0,0,0,0,0,0,0,0,0,0,0,0,0,0,0,0,0,0,0,0,0,0,0,0,0,0,0,0,1,0,1,0,0,0,2,0.2,0,0,0,0,0,0,0,0,0,0,0,0,0,0,0,0,0,0,0,0,0,0,0,0,0,0,0,0,0,0,0,0,0,0,0,0,0,0,0,0,0,0,0,0,0,0,0,0,1,0,1,0,0,0,0.2
A. Milner,Creighton,MB,3,0,0,0,0,0,3,0,0,0,0,0,0,0,0,1,0,0,0,0,0,1,0.33,3,0,0,0,0,0,3,1,-0.333,0,0,0,0,0,-0.111,0,0,0,0,0,0,0,0,0,0,0,0,0,0,0,0,0,0,0,0,0,0,0,0,0,0,0,0,0,0,0,0,0,0,0,0,0,0,0,0,0,0,0,0,0,0,0,0,0,0,0,0,0,0,0,0,0,0,0,0,0,0,0,0,0,0,0,0,0,0,0,0,1,0,0,0,0,0,0.33
D. Ndamsimpson,Creighton,OH,3,0,0,0,0,0,3,1,0,0,0,0,0,1,0.33,0,0,0,0,0,0,0,0,1,0,0,0,0,0,1,0.33,1,0,0,0,0,0,0.333,0,0,0,0,0,0,0,0,0,0,0,0,0,0,0,0,0,0,0,0,0,0,0,0,0,0,0,0,0,0,0,0,0,0,0,0,0,0,0,0,0,0,0,0,0,0,0,0,0,0,0,0,0,0,0,0,0,0,0,0,0,0,0,0,1,0,0,0,0,0,1,0.33,0,0,0,0,0,0,0
C. Cline,Oregon,S,3,4,5,0,0,0,12,1,2,1,0,0,0,4,0.33,1,0,4,0,0,0,5,0.42,4,6,6,0,0,0,16,1.33,0,0.333,-0.5,0,0,0,-0.014,29,40,46,0,0,0,115,9.58,1,2,0,0,0,0,3,0.25,1,1,3,0,0,0,5,0.42,0,0,0,0,0,0,0,0,12,13,12,0,0,0,37,3.08,0,0,0,0,0,0,0,1,1,1,0,0,0,3,3,0.25,1,0,0,0,0,0,1,0.08,2.5,4.5,1.5,0,0,0,8.5,0.71,3,1,7,0,0,0,0.92
M. Colyer,Oregon,OH,3,4,5,0,0,0,12,8,19,15,0,0,0,42,3.5,6,4,8,0,0,0,18,1.5,28,45,56,0,0,0,129,10.75,0.071,0.333,0.125,0,0,0,0.044,0,1,0,0,0,0,1,0.08,1,2,4,0,0,0,7,0.58,0,2,1,0,0,0,3,0.25,0,1,1,0,0,0,2,0.17,5,8,7,0,0,0,20,1.67,0,0,0,0,0,0,0,2,1,4,0,0,0,7,7,0.58,0,0,1,0,0,0,1,0.08,10,21.5,21,0,0,0,52.5,4.38,6,7,11,0,0,0,2
N. Glover,Oregon,OPP,3,4,5,0,0,0,12,11,7,10,0,0,0,28,2.33,2,4,9,0,0,0,15,1.25,21,21,33,0,0,0,75,6.25,0.429,0.143,0.03,0,0,0,0.05,0,0,0,0,0,0,0,0,0,0,0,0,0,0,0,0,0,0,0,0,0,0,0,0,0,0,1,0,0,0,1,0.08,1,2,2,0,0,0,5,0.42,0,0,1,0,0,0,1,2,1,2,0,0,0,5,6,0.5,0,0,0,0,0,0,0,0,12,7.5,12,0,0,0,31.5,2.63,2,4,10,0,0,0,1.33
C. Neal,Oregon,MB,3,4,5,0,0,0,12,3,5,5,0,0,0,13,1.08,4,0,1,0,0,0,5,0.42,10,8,14,0,0,0,32,2.67,-0.1,0.625,0.286,0,0,0,0.068,0,0,1,0,0,0,1,0.08,0,0,0,0,0,0,0,0,0,0,0,0,0,0,0,0,0,0,0,0,0,0,0,0,2,2,2,0,0,0,6,0.5,0,1,0,0,0,0,1,5,2,6,0,0,0,13,14,1.17,0,0,0,0,0,0,0,0,5.5,7,8,0,0,0,20.5,1.71,4,0,1,0,0,0,0.42
O. Ofoegbu,Oregon,MB,3,4,5,0,0,0,12,12,8,13,0,0,0,33,2.75,0,4,4,0,0,0,8,0.67,16,15,25,0,0,0,56,4.67,0.75,0.267,0.36,0,0,0,0.115,0,1,0,0,0,0,1,0.08,0,0,0,0,0,0,0,0,0,0,0,0,0,0,0,0,0,0,0,0,0,0,0,0,3,2,0,0,0,0,5,0.42,0,0,0,0,0,0,0,0,2,4,0,0,0,6,6,0.5,1,0,0,0,0,0,1,0.08,12,9,15,0,0,0,36,3,1,4,4,0,0,0,0.75
M. Ohwobete,Oregon,OH,3,4,5,0,0,0,12,9,12,14,0,0,0,35,2.92,3,3,4,0,0,0,10,0.83,29,36,35,0,0,0,100,8.33,0.207,0.25,0.286,0,0,0,0.062,0,1,0,0,0,0,1,0.08,5,3,2,0,0,0,10,0.83,5,1,0,0,0,0,6,0.5,3,1,3,0,0,0,7,0.58,3,14,12,0,0,0,29,2.42,0,1,1,0,0,0,2,0,1,3,0,0,0,4,6,0.5,0,0,3,0,0,0,3,0.25,14,16.5,18.5,0,0,0,49,4.08,11,5,10,0,0,0,2.17
M. Delos Reyes,Oregon,L,3,4,5,0,0,0,12,0,0,0,0,0,0,0,0,0,0,0,0,0,0,0,0,0,0,0,0,0,0,0,0,0,0,0,0,0,0,0,0,0,0,0,0,0,0,0,0,1,1,0,0,0,2,0.17,0,3,0,0,0,0,3,0.25,0,0,0,0,0,0,0,0,1,0,2,0,0,0,3,0.25,0,0,0,0,0,0,0,0,0,0,0,0,0,0,0,0,0,0,0,0,0,0,0,0,0,1,1,0,0,0,2,0.17,0,3,0,0,0,0,0.25
D. Mcclellan,Oregon,L,3,4,5,0,0,0,12,0,0,0,0,0,0,0,0,0,0,0,0,0,0,0,0,0,0,0,0,0,0,0,0,0,0,0,0,0,0,0,1,1,0,0,0,0,2,0.17,0,2,2,0,0,0,4,0.33,0,1,2,0,0,0,3,0.25,0,2,1,0,0,0,3,0.25,14,5,9,0,0,0,28,2.33,0,0,0,0,0,0,0,0,0,0,0,0,0,0,0,0,0,0,0,0,0,0,0,0,0,2,2,0,0,0,4,0.33,0,3,3,0,0,0,0.5
M. Morris,Oregon,L,3,4,5,0,0,0,12,0,0,0,0,0,0,0,0,0,0,0,0,0,0,0,0,0,0,0,0,0,0,0,0,0,0,0,0,0,0,0,7,8,6,0,0,0,21,1.75,0,2,2,0,0,0,4,0.33,0,2,0,0,0,0,2,0.17,0,1,2,0,0,0,3,0.25,5,15,16,0,0,0,36,3,0,0,0,0,0,0,0,0,0,0,0,0,0,0,0,0,0,0,0,0,0,0,0,0,0,2,2,0,0,0,4,0.33,0,3,2,0,0,0,0.42
M. Tvrdy,Oregon,MB,3,4,0,0,0,0,7,0,0,0,0,0,0,0,0,0,2,0,0,0,0,2,0.29,0,2,0,0,0,0,2,0.29,0,-1,0,0,0,0,-0.143,0,0,0,0,0,0,0,0,0,0,0,0,0,0,0,0,0,0,0,0,0,0,0,0,0,0,0,0,0,0,0,0,0,0,0,0,0,0,0,0,0,0,0,0,0,0,0,0,0,0,0,0,0,0,0,0,0,0,0,0,0,0,0,0,0,0,0,0,0,0,0,0,0,2,0,0,0,0,0.29
M. Crownover,Missouri,S,3,4,4,0,0,0,11,0,0,0,0,0,0,0,0,0,1,3,0,0,0,4,0.36,2,3,3,0,0,0,8,0.73,0,-0.333,-1,0,0,0,-0.121,40,52,37,0,0,0,129,11.73,0,1,0,0,0,0,1,0.09,2,2,1,0,0,0,5,0.45,0,0,0,0,0,0,0,0,11,6,3,0,0,0,20,1.82,0,1,0,0,0,0,1,1,4,1,0,0,0,6,7,0.64,0,0,0,0,0,0,0,0,0.5,4,0.5,0,0,0,5,0.45,2,3,4,0,0,0,0.82
C. Finney,Missouri,MB,3,4,4,0,0,0,11,7,4,6,0,0,0,17,1.55,1,0,0,0,0,0,1,0.09,11,8,11,0,0,0,30,2.73,0.545,0.5,0.545,0,0,0,0.145,0,0,2,0,0,0,2,0.18,0,0,0,0,0,0,0,0,0,0,0,0,0,0,0,0,0,0,0,0,0,0,0,0,0,1,1,0,0,0,2,0.18,0,0,0,0,0,0,0,2,7,3,0,0,0,12,12,1.09,0,0,0,0,0,0,0,0,8,7.5,7.5,0,0,0,23,2.09,1,0,0,0,0,0,0
J. Liff,Missouri,OPP,3,4,4,0,0,0,11,11,16,20,0,0,0,47,4.27,3,9,5,0,0,0,17,1.55,23,35,44,0,0,0,102,9.27,0.348,0.2,0.341,0,0,0,0.081,2,0,1,0,0,0,3,0.27,1,4,2,0,0,0,7,0.64,2,2,2,0,0,0,6,0.55,0,0,0,0,0,0,0,0,6,10,9,0,0,0,25,2.27,0,0,0,0,0,0,0,0,2,1,0,0,0,3,3,0.27,0,0,0,0,0,0,0,0,12,21,22.5,0,0,0,55.5,5.05,5,11,7,0,0,0,2.09
M. Isenberg,Missouri,OPP,0,4,4,0,0,0,8,0,0,5,0,0,0,5,0.63,0,0,0,0,0,0,0,0,0,0,9,0,0,0,9,1.13,0,0,0.556,0,0,0,0.069,0,0,0,0,0,0,0,0,0,0,0,0,0,0,0,0,0,0,0,0,0,0,0,0,0,0,0,0,0,0,0,0,0,0,0,0,0,0,0,0,0,0,2,0,0,0,2,0,0,1,0,0,0,1,3,0.38,0,0,0,0,0,0,0,0,0,0,7.5,0,0,0,7.5,0.94,0,0,0,0,0,0,0
K. P. Catala,Missouri,L,3,4,4,0,0,0,11,0,0,0,0,0,0,0,0,0,0,0,0,0,0,0,0,0,0,0,0,0,0,0,0,0,0,0,0,0,0,0,2,0,1,0,0,0,3,0.27,1,1,3,0,0,0,5,0.45,3,3,0,0,0,0,6,0.55,2,0,0,0,0,0,2,0.18,11,7,8,0,0,0,26,2.36,0,0,0,0,0,0,0,0,0,0,0,0,0,0,0,0,0,0,0,0,0,0,0,0,1,1,3,0,0,0,5,0.45,5,3,0,0,0,0,0.73
M. Vernon,Missouri,OH,3,4,4,0,0,0,11,20,23,11,0,0,0,54,4.91,5,7,12,0,0,0,24,2.18,48,52,35,0,0,0,135,12.27,0.313,0.308,-0.029,0,0,0,0.054,0,0,0,0,0,0,0,0,1,1,0,0,0,0,2,0.18,1,4,1,0,0,0,6,0.55,0,0,3,0,0,0,3,0.27,6,4,6,0,0,0,16,1.45,0,0,2,0,0,0,2,3,3,1,0,0,0,7,9,0.82,1,0,1,0,0,0,2,0.18,22.5,25.5,13.5,0,0,0,61.5,5.59,7,11,17,0,0,0,3.18
J. Demarrais,Missouri,OH,3,4,4,0,0,0,11,9,12,6,0,0,0,27,2.45,4,7,0,0,0,0,11,1,24,25,14,0,0,0,63,5.73,0.208,0.2,0.429,0,0,0,0.076,0,0,0,0,0,0,0,0,0,0,0,0,0,0,0,0,0,0,0,0,0,0,0,0,0,0,1,0,0,0,1,0.09,1,1,0,0,0,0,2,0.18,0,0,0,0,0,0,0,0,2,1,0,0,0,3,3,0.27,1,0,1,0,0,0,2,0.18,9,13,6.5,0,0,0,28.5,2.59,5,7,2,0,0,0,1.27
C. Morrissey,Missouri,OPP,0,0,4,0,0,0,4,0,0,0,0,0,0,0,0,0,0,0,0,0,0,0,0,0,0,0,0,0,0,0,0,0,0,0,0,0,0,0,0,0,0,0,0,0,0,0,0,0,0,0,0,0,0,0,0,0,1,0,0,0,1,0.25,0,0,0,0,0,0,0,0,0,0,1,0,0,0,1,0.25,0,0,0,0,0,0,0,0,0,0,0,0,0,0,0,0,0,0,0,0,0,0,0,0,0,0,0,0,0,0,0,0,0,0,1,0,0,0,0.25
K. Rush,Missouri,L,0,0,4,0,0,0,4,0,0,0,0,0,0,0,0,0,0,0,0,0,0,0,0,0,0,0,0,0,0,0,0,0,0,0,0,0,0,0,0,0,0,0,0,0,0,0,0,0,0,0,0,0,0,0,0,0,0,0,0,0,0,0,0,0,0,0,0,0,0,0,0,0,0,0,0,0,0,0,0,0,0,0,0,0,0,0,0,0,0,0,0,0,0,0,0,0,0,0,0,0,0,0,0,0,0,0,0,0,0,0,0,0,0,0,0,0,0
M. Sands,Missouri,L,3,4,4,0,0,0,11,0,0,0,0,0,0,0,0,0,0,0,0,0,0,0,0,0,0,0,0,0,0,0,0,0,0,0,0,0,0,0,2,5,4,0,0,0,11,1,0,4,0,0,0,0,4,0.36,1,0,1,0,0,0,2,0.18,2,1,1,0,0,0,4,0.36,20,14,13,0,0,0,47,4.27,0,0,0,0,0,0,0,0,0,0,0,0,0,0,0,0,0,0,0,0,0,0,0,0,0,4,0,0,0,0,4,0.36,3,1,2,0,0,0,0.55
R. Haith,Missouri,MB,3,4,0,0,0,0,7,2,4,0,0,0,0,6,0.86,3,0,0,0,0,0,3,0.43,12,11,0,0,0,0,23,3.29,-0.083,0.364,0,0,0,0,0.04,0,0,0,0,0,0,0,0,0,0,0,0,0,0,0,0,2,3,0,0,0,0,5,0.71,0,0,0,0,0,0,0,0,2,1,0,0,0,0,3,0.43,0,0,0,0,0,0,0,3,4,0,0,0,0,7,7,1,0,0,0,0,0,0,0,0,3.5,6,0,0,0,0,9.5,1.36,5,3,0,0,0,0,1.14
S. Dudley,Missouri,S,3,4,0,0,0,0,7,0,0,0,0,0,0,0,0,0,0,0,0,0,0,0,0,0,0,0,0,0,0,0,0,0,0,0,0,0,0,0,2,4,0,0,0,0,6,0.86,0,0,0,0,0,0,0,0,0,0,0,0,0,0,0,0,0,0,0,0,0,0,0,0,1,1,0,0,0,0,2,0.29,0,0,0,0,0,0,0,0,0,0,0,0,0,0,0,0,0,0,0,0,0,0,0,0,0,0,0,0,0,0,0,0,0,0,0,0,0,0,0
N. Franco,Missouri,OPP,3,4,0,0,0,0,7,0,3,0,0,0,0,3,0.43,0,1,0,0,0,0,1,0.14,2,4,0,0,0,0,6,0.86,0,0.5,0,0,0,0,0.071,0,0,0,0,0,0,0,0,0,0,0,0,0,0,0,0,0,0,0,0,0,0,0,0,0,0,0,0,0,0,0,0,0,1,0,0,0,0,1,0.14,0,0,0,0,0,0,0,1,0,0,0,0,0,1,1,0.14,0,0,0,0,0,0,0,0,0.5,3,0,0,0,0,3.5,0.5,0,1,0,0,0,0,0.14
Y. Anchante,Marquette,S,3,5,4,0,0,0,12,3,5,1,0,0,0,9,0.75,0,2,0,0,0,0,2,0.17,4,9,6,0,0,0,19,1.58,0.75,0.333,0.167,0,0,0,0.104,39,51,35,0,0,0,125,10.42,1,1,0,0,0,0,2,0.17,1,0,1,0,0,0,2,0.17,0,0,0,0,0,0,0,0,16,25,15,0,0,0,56,4.67,0,0,0,0,0,0,0,1,2,1,0,0,0,4,4,0.33,0,0,1,0,0,0,1,0.08,4.5,7,1.5,0,0,0,13,1.08,1,2,2,0,0,0,0.42
H. Bray,Marquette,MB,3,5,4,0,0,0,12,9,9,6,0,0,0,24,2,3,6,3,0,0,0,12,1,16,25,19,0,0,0,60,5,0.375,0.12,0.158,0,0,0,0.054,0,0,0,0,0,0,0,0,1,0,0,0,0,0,1,0.08,1,1,2,0,0,0,4,0.33,0,0,0,0,0,0,0,0,0,0,2,0,0,0,2,0.17,1,0,2,0,0,0,3,2,3,2,0,0,0,7,10,0.83,1,0,1,0,0,0,2,0.17,12,10.5,9,0,0,0,31.5,2.63,5,7,6,0,0,0,1.5
E. Foti,Marquette,OPP,3,5,4,0,0,0,12,8,10,5,0,0,0,23,1.92,4,8,2,0,0,0,14,1.17,23,35,20,0,0,0,78,6.5,0.174,0.057,0.15,0,0,0,0.032,0,2,4,0,0,0,6,0.5,3,1,0,0,0,0,4,0.33,3,1,2,0,0,0,6,0.5,0,1,0,0,0,0,1,0.08,3,9,2,0,0,0,14,1.17,0,0,0,0,0,0,0,2,3,1,0,0,0,6,6,0.5,0,0,1,0,0,0,1,0.08,12,12.5,5.5,0,0,0,30,2.5,7,10,5,0,0,0,1.83
A. Hamilton,Marquette,OH,3,5,4,0,0,0,12,14,20,12,0,0,0,46,3.83,2,12,5,0,0,0,19,1.58,27,58,46,0,0,0,131,10.92,0.444,0.138,0.152,0,0,0,0.061,2,3,2,0,0,0,7,0.58,0,2,1,0,0,0,3,0.25,0,2,2,0,0,0,4,0.33,1,1,1,0,0,0,3,0.25,5,14,5,0,0,0,24,2,0,0,1,0,0,0,1,1,2,1,0,0,0,4,5,0.42,0,0,0,0,0,0,0,0,14.5,23,14.5,0,0,0,52,4.33,3,15,8,0,0,0,2.17
C. Murray,Marquette,MB,3,5,4,0,0,0,12,3,6,7,0,0,0,16,1.33,1,0,0,0,0,0,1,0.08,7,15,17,0,0,0,39,3.25,0.286,0.4,0.412,0,0,0,0.091,0,0,1,0,0,0,1,0.08,0,0,0,0,0,0,0,0,0,0,0,0,0,0,0,0,0,0,0,0,0,0,0,0,0,1,1,0,0,0,2,0.17,0,0,0,0,0,0,0,2,4,2,0,0,0,8,8,0.67,0,0,0,0,0,0,0,0,4,8,8,0,0,0,20,1.67,1,0,0,0,0,0,0.08
J. Reitsma,Marquette,OH,3,5,4,0,0,0,12,0,1,0,0,0,0,1,0.08,0,2,0,0,0,0,2,0.17,0,7,1,0,0,0,8,0.67,0,-0.143,0,0,0,0,-0.012,2,3,1,0,0,0,6,0.5,0,0,1,0,0,0,1,0.08,2,1,1,0,0,0,4,0.33,2,1,2,0,0,0,5,0.42,3,9,10,0,0,0,22,1.83,0,0,0,0,0,0,0,0,0,0,0,0,0,0,0,0,0,0,0,0,0,0,0,0,0,1,1,0,0,0,2,0.17,4,4,3,0,0,0,0.92
M. Berezowitz,Marquette,L,3,5,4,0,0,0,12,0,0,0,0,0,0,0,0,0,0,0,0,0,0,0,0,0,0,1,0,0,0,1,0.08,0,0,0,0,0,0,0,0,4,1,0,0,0,5,0.42,2,1,0,0,0,0,3,0.25,1,1,1,0,0,0,3,0.25,0,1,3,0,0,0,4,0.33,9,21,18,0,0,0,48,4,0,0,0,0,0,0,0,0,0,0,0,0,0,0,0,0,0,0,0,0,0,0,0,0,2,1,0,0,0,0,3,0.25,1,2,4,0,0,0,0.58
S. Ifill,Marquette,OPP,0,5,4,0,0,0,9,0,0,0,0,0,0,0,0,0,0,0,0,0,0,0,0,0,0,0,0,0,0,0,0,0,0,0,0,0,0,0,0,0,0,0,0,0,0,0,0,0,0,0,0,0,0,0,0,0,0,0,0,0,0,0,0,0,0,0,0,0,0,0,0,0,0,0,0,0,0,0,0,0,0,0,0,0,0,0,0,0,0,0,0,0,0,0,0,0,0,0,0,0,0,0,0,0,0,0,0,0,0,0,0,0,0,0,0,0,0
S. Naber,Marquette,L,3,5,4,0,0,0,12,0,0,0,0,0,0,0,0,0,0,0,0,0,0,0,0,0,0,0,0,0,0,0,0,0,0,0,0,0,0,0,1,1,0,0,0,0,2,0.17,0,0,0,0,0,0,0,0,0,0,0,0,0,0,0,0,0,2,0,0,0,0,2,0.17,2,0,0,0,0,0,2,0.17,0,0,0,0,0,0,0,0,0,0,0,0,0,0,0,0,0,0,0,0,0,0,0,0,0,0,0,0,0,0,0,0,0,2,0,0,0,0,0.17
N. Ring,Marquette,OH,3,5,4,0,0,0,12,11,16,14,0,0,0,41,3.42,1,8,6,0,0,0,15,1.25,17,34,32,0,0,0,83,6.92,0.588,0.235,0.25,0,0,0,0.089,1,0,1,0,0,0,2,0.17,0,0,0,0,0,0,0,0,0,0,0,0,0,0,0,0,0,1,1,0,0,0,2,0.17,1,7,2,0,0,0,10,0.83,0,0,0,0,0,0,0,0,0,1,0,0,0,1,1,0.08,0,0,1,0,0,0,1,0.08,11,16,14.5,0,0,0,41.5,3.46,1,9,8,0,0,0,1.5
A. Studer,Marquette,L,3,5,4,0,0,0,12,0,0,1,0,0,0,1,0.08,0,0,0,0,0,0,0,0,0,0,1,0,0,0,1,0.08,0,0,1,0,0,0,0.083,0,0,1,0,0,0,1,0.08,0,0,0,0,0,0,0,0,0,0,0,0,0,0,0,0,0,0,0,0,0,0,0,0,0,3,7,0,0,0,10,0.83,0,0,0,0,0,0,0,0,0,0,0,0,0,0,0,0,0,0,0,0,0,0,0,0,0,0,1,0,0,0,1,0.08,0,0,0,0,0,0,0
M. Daugherty,Marquette,MB,3,5,0,0,0,0,8,0,0,0,0,0,0,0,0,0,1,0,0,0,0,1,0.13,0,1,0,0,0,0,1,0.13,0,-1,0,0,0,0,-0.125,0,0,0,0,0,0,0,0,0,0,0,0,0,0,0,0,0,0,0,0,0,0,0,0,0,0,0,0,0,0,0,0,0,0,0,0,0,0,0,0,0,0,0,0,0,0,0,0,0,0,0,0,0,0,0,0,0,0,0,0,0,0,0,0,0,0,0,0,0,0,0,0,0,1,0,0,0,0,0.13
J. Garrison,Marquette,L,0,5,0,0,0,0,5,0,0,0,0,0,0,0,0,0,0,0,0,0,0,0,0,0,0,0,0,0,0,0,0,0,0,0,0,0,0,0,0,0,0,0,0,0,0,0,0,0,0,0,0,0,0,0,0,0,0,0,0,0,0,0,0,0,0,0,0,0,0,0,0,1,0,0,0,0,1,0.2,0,0,0,0,0,0,0,0,0,0,0,0,0,0,0,0,0,0,0,0,0,0,0,0,0,0,0,0,0,0,0,0,0,0,0,0,0,0,0
A. Ames,Texas,MB,3,3,4,0,0,0,10,8,2,8,0,0,0,18,1.8,3,1,1,0,0,0,5,0.5,20,11,13,0,0,0,44,4.4,0.25,0.091,0.538,0,0,0,0.088,1,1,0,0,0,0,2,0.2,0,0,0,0,0,0,0,0,0,0,0,0,0,0,0,0,0,0,0,0,0,0,0,0,1,0,0,0,0,0,1,0.1,0,1,0,0,0,0,1,5,6,2,0,0,0,13,14,1.4,0,0,0,0,0,0,0,0,10.5,6,9,0,0,0,25.5,2.55,3,1,1,0,0,0,0.5
A. Carlson,Texas,S,3,3,4,0,0,0,10,2,0,0,0,0,0,2,0.2,0,1,0,0,0,0,1,0.1,2,3,0,0,0,0,5,0.5,1,-0.333,0,0,0,0,0.067,38,40,41,0,0,0,119,11.9,1,0,1,0,0,0,2,0.2,2,0,0,0,0,0,2,0.2,0,0,0,0,0,0,0,0,1,4,9,0,0,0,14,1.4,0,0,0,0,0,0,0,1,4,0,0,0,0,5,5,0.5,0,0,0,0,0,0,0,0,3.5,2,1,0,0,0,6.5,0.65,2,1,0,0,0,0,0.3
R. Rutherford,Texas,OPP,3,3,4,0,0,0,10,7,7,5,0,0,0,19,1.9,0,4,4,0,0,0,8,0.8,11,16,12,0,0,0,39,3.9,0.636,0.188,0.083,0,0,0,0.091,0,0,0,0,0,0,0,0,0,0,0,0,0,0,0,0,0,0,0,0,0,0,0,0,0,0,0,0,0,0,0,0,0,2,1,0,0,0,3,0.3,0,0,0,0,0,0,0,4,2,0,0,0,0,6,6,0.6,0,0,0,0,0,0,0,0,9,8,5,0,0,0,22,2.2,0,4,4,0,0,0,0.8
M. Singletary,Texas,MB,3,3,4,0,0,0,10,10,6,11,0,0,0,27,2.7,2,3,2,0,0,0,7,0.7,16,14,23,0,0,0,53,5.3,0.5,0.214,0.391,0,0,0,0.111,0,0,1,0,0,0,1,0.1,0,0,0,0,0,0,0,0,0,0,0,0,0,0,0,0,0,0,1,0,0,0,1,0.1,0,1,1,0,0,0,2,0.2,0,0,0,0,0,0,0,3,3,0,0,0,0,6,6,0.6,0,0,1,0,0,0,1,0.1,11.5,7.5,11,0,0,0,30,3,2,3,4,0,0,0,0.9
M. Skinner,Texas,OH,3,3,4,0,0,0,10,15,23,23,0,0,0,61,6.1,3,6,11,0,0,0,20,2,27,49,62,0,0,0,138,13.8,0.444,0.347,0.194,0,0,0,0.098,2,0,0,0,0,0,2,0.2,0,1,1,0,0,0,2,0.2,1,3,2,0,0,0,6,0.6,0,0,3,0,0,0,3,0.3,11,12,4,0,0,0,27,2.7,1,0,0,0,0,0,1,2,2,0,0,0,0,4,5,0.5,0,0,0,0,0,0,0,0,17,25,24,0,0,0,66,6.6,4,9,16,0,0,0,2.9
J. Wenaas,Texas,OH,3,3,4,0,0,0,10,3,13,4,0,0,0,20,2,0,0,5,0,0,0,5,0.5,15,21,23,0,0,0,59,5.9,0.2,0.619,-0.043,0,0,0,0.078,0,0,3,0,0,0,3,0.3,0,0,0,0,0,0,0,0,0,2,0,0,0,0,2,0.2,0,0,2,0,0,0,2,0.2,13,3,13,0,0,0,29,2.9,0,0,0,0,0,0,0,1,1,0,0,0,0,2,2,0.2,0,0,0,0,0,0,0,0,3.5,13.5,4,0,0,0,21,2.1,0,2,7,0,0,0,0.9
K. Akana,Texas,L,3,3,4,0,0,0,10,0,0,0,0,0,0,0,0,0,0,0,0,0,0,0,0,0,0,0,0,0,0,0,0,0,0,0,0,0,0,0,1,2,0,0,0,0,3,0.3,3,0,0,0,0,0,3,0.3,1,3,1,0,0,0,5,0.5,0,1,2,0,0,0,3,0.3,3,6,7,0,0,0,16,1.6,0,0,0,0,0,0,0,0,0,0,0,0,0,0,0,0,0,0,0,0,0,0,0,0,3,0,0,0,0,0,3,0.3,1,4,3,0,0,0,0.8
R. Binney,Texas,S,3,3,4,0,0,0,10,0,0,0,0,0,0,0,0,0,0,0,0,0,0,0,0,0,0,0,0,0,0,0,0,0,0,0,0,0,0,0,0,1,0,0,0,0,1,0.1,1,1,0,0,0,0,2,0.2,1,0,1,0,0,0,2,0.2,0,0,0,0,0,0,0,0,5,4,1,0,0,0,10,1,0,0,0,0,0,0,0,0,0,0,0,0,0,0,0,0,0,0,0,0,0,0,0,0,1,1,0,0,0,0,2,0.2,1,0,1,0,0,0,0.2
R. Emerick,Texas,L,3,0,4,0,0,0,7,0,0,0,0,0,0,0,0,0,0,0,0,0,0,0,0,0,0,0,0,0,0,0,0,0,0,0,0,0,0,0,0,0,0,0,0,0,0,0,0,0,1,0,0,0,1,0.14,0,0,0,0,0,0,0,0,0,0,0,0,0,0,0,0,3,0,1,0,0,0,4,0.57,0,0,0,0,0,0,0,0,0,0,0,0,0,0,0,0,0,0,0,0,0,0,0,0,0,0,1,0,0,0,1,0.14,0,0,0,0,0,0,0
E. Halter,Texas,L,3,3,4,0,0,0,10,0,0,0,0,0,0,0,0,0,0,1,0,0,0,1,0.1,0,0,1,0,0,0,1,0.1,0,0,-1,0,0,0,-0.1,1,6,4,0,0,0,11,1.1,0,0,0,0,0,0,0,0,2,1,1,0,0,0,4,0.4,0,0,0,0,0,0,0,0,10,12,16,0,0,0,38,3.8,0,0,0,0,0,0,0,0,0,0,0,0,0,0,0,0,0,0,0,0,0,0,0,0,0,0,0,0,0,0,0,0,2,1,2,0,0,0,0.5
D. Kahahawai,Texas,OH,0,0,4,0,0,0,4,0,0,4,0,0,0,4,1,0,0,2,0,0,0,2,0.5,0,0,11,0,0,0,11,2.75,0,0,0.182,0,0,0,0.045,0,0,0,0,0,0,0,0,0,0,0,0,0,0,0,0,0,0,0,0,0,0,0,0,0,0,0,0,0,0,0,0,0,0,0,0,0,0,0,0,0,0,0,0,0,0,0,0,0,2,0,0,0,2,2,0.5,0,0,0,0,0,0,0,0,0,0,5,0,0,0,5,1.25,0,0,2,0,0,0,0.5
E. Swindle,Texas,S,3,0,4,0,0,0,7,1,0,0,0,0,0,1,0.14,2,0,0,0,0,0,2,0.29,3,0,2,0,0,0,5,0.71,-0.333,0,0,0,0,0,-0.048,3,0,2,0,0,0,5,0.71,0,0,0,0,0,0,0,0,0,0,0,0,0,0,0,0,0,0,0,0,0,0,0,0,0,0,0,0,0,0,0,0,1,0,0,0,0,0,1,1,0,0,0,0,0,1,2,0.29,0,0,0,0,0,0,0,0,2.5,0,0,0,0,0,2.5,0.36,2,0,0,0,0,0,0.29
I. Cosokpalla,Texas A&M,MB,4,4,5,0,0,0,13,6,6,8,0,0,0,20,1.54,1,2,1,0,0,0,4,0.31,14,15,18,0,0,0,47,3.62,0.357,0.267,0.389,0,0,0,0.078,0,0,0,0,0,0,0,0,0,0,0,0,0,0,0,0,0,0,0,0,0,0,0,0,0,0,0,0,0,0,0,0,3,1,5,0,0,0,9,0.69,0,0,3,0,0,0,3,2,6,7,0,0,0,15,18,1.38,1,0,1,0,0,0,2,0.15,7,9,14.5,0,0,0,30.5,2.35,2,2,2,0,0,0,0.46
E. Hellmuth,Texas A&M,OH,4,4,5,0,0,0,13,11,20,14,0,0,0,45,3.46,8,12,14,0,0,0,34,2.62,30,48,55,0,0,0,133,10.23,0.1,0.167,0,0,0,0,0.021,0,0,0,0,0,0,0,0,0,1,2,0,0,0,3,0.23,2,3,2,0,0,0,7,0.54,4,0,4,0,0,0,8,0.62,6,13,10,0,0,0,29,2.23,0,0,0,0,0,0,0,1,0,2,0,0,0,3,3,0.23,0,1,0,0,0,0,1,0.08,11.5,21,17,0,0,0,49.5,3.81,14,16,20,0,0,0,3.85
L. Lednicky,Texas A&M,OPP,4,4,5,0,0,0,13,23,27,23,0,0,0,73,5.62,8,3,7,0,0,0,18,1.38,54,48,59,0,0,0,161,12.38,0.278,0.5,0.271,0,0,0,0.081,1,0,0,0,0,0,1,0.08,0,0,0,0,0,0,0,0,0,0,0,0,0,0,0,0,0,0,0,0,0,0,0,0,5,11,18,0,0,0,34,2.62,1,0,0,0,0,0,1,2,6,7,0,0,0,15,16,1.23,0,0,0,0,0,0,0,0,25,30,26.5,0,0,0,81.5,6.27,8,3,7,0,0,0,1.38
M. Perkins,Texas A&M,MB,4,4,5,0,0,0,13,4,6,13,0,0,0,23,1.77,2,1,0,0,0,0,3,0.23,14,17,23,0,0,0,54,4.15,0.143,0.294,0.565,0,0,0,0.077,0,1,0,0,0,0,1,0.08,0,0,0,0,0,0,0,0,0,1,0,0,0,0,1,0.08,0,0,0,0,0,0,0,0,3,1,3,0,0,0,7,0.54,0,0,0,0,0,0,0,4,2,3,0,0,0,9,9,0.69,0,0,0,0,0,0,0,0,6,7,14.5,0,0,0,27.5,2.12,2,2,0,0,0,0,0.31
E. Stinson,Texas A&M,L,4,4,5,0,0,0,13,0,0,0,0,0,0,0,0,0,0,0,0,0,0,0,0,0,0,1,0,0,0,1,0.08,0,0,0,0,0,0,0,0,0,0,0,0,0,0,0,1,0,0,0,0,0,1,0.08,2,2,1,0,0,0,5,0.38,1,2,0,0,0,0,3,0.23,12,13,8,0,0,0,33,2.54,0,0,0,0,0,0,0,0,0,0,0,0,0,0,0,0,0,0,0,0,0,0,0,0,1,0,0,0,0,0,1,0.08,3,4,1,0,0,0,0.62
M. Waak,Texas A&M,S,4,4,5,0,0,0,13,1,0,2,0,0,0,3,0.23,0,1,0,0,0,0,1,0.08,5,2,6,0,0,0,13,1,0.2,-0.5,0.333,0,0,0,0.003,44,59,56,0,0,0,159,12.23,1,1,0,0,0,0,2,0.15,1,2,1,0,0,0,4,0.31,0,0,0,0,0,0,0,0,6,8,8,0,0,0,22,1.69,0,0,0,0,0,0,0,0,1,1,0,0,0,2,2,0.15,0,0,0,0,0,0,0,0,2,1.5,2.5,0,0,0,6,0.46,1,3,1,0,0,0,0.38
T. Humphrey,Texas A&M,OH,4,4,5,0,0,0,13,10,6,8,0,0,0,24,1.85,4,3,4,0,0,0,11,0.85,28,12,26,0,0,0,66,5.08,0.214,0.25,0.154,0,0,0,0.048,1,0,0,0,0,0,1,0.08,0,0,0,0,0,0,0,0,0,2,0,0,0,0,2,0.15,1,0,0,0,0,0,1,0.08,6,1,3,0,0,0,10,0.77,0,0,0,0,0,0,0,3,1,2,0,0,0,6,6,0.46,0,0,0,0,0,0,0,0,11.5,6.5,9,0,0,0,27,2.08,5,5,4,0,0,0,1.08
M. Manning,Texas A&M,S,4,4,5,0,0,0,13,0,0,0,0,0,0,0,0,0,0,0,0,0,0,0,0,0,0,0,0,0,0,0,0,0,0,0,0,0,0,0,0,0,0,0,0,0,0,0,4,0,2,0,0,0,6,0.46,1,3,2,0,0,0,6,0.46,0,0,0,0,0,0,0,0,1,1,0,0,0,0,2,0.15,0,0,0,0,0,0,0,0,0,0,0,0,0,0,0,0,0,0,0,0,0,0,0,0,4,0,2,0,0,0,6,0.46,1,3,2,0,0,0,0.46
T. Thomas,Texas A&M,L,4,4,5,0,0,0,13,0,0,0,0,0,0,0,0,0,0,0,0,0,0,0,0,0,0,0,0,0,0,0,0,0,0,0,0,0,0,0,0,0,0,0,0,0,0,0,3,1,0,0,0,0,4,0.31,0,1,0,0,0,0,1,0.08,0,0,0,0,0,0,0,0,1,2,0,0,0,0,3,0.23,0,0,0,0,0,0,0,0,0,0,0,0,0,0,0,0,0,0,0,0,0,0,0,0,3,1,0,0,0,0,4,0.31,0,1,0,0,0,0,0.08
A. Underwood,Texas A&M,L,4,4,5,0,0,0,13,0,0,0,0,0,0,0,0,0,0,0,0,0,0,0,0,0,0,0,0,0,0,0,0,0,0,0,0,0,0,0,6,2,2,0,0,0,10,0.77,0,1,0,0,0,0,1,0.08,1,0,2,0,0,0,3,0.23,1,0,0,0,0,0,1,0.08,12,16,17,0,0,0,45,3.46,0,0,0,0,0,0,0,0,0,1,0,0,0,1,1,0.08,0,0,0,0,0,0,0,0,0,1,0.5,0,0,0,1.5,0.12,2,0,2,0,0,0,0.31
I. Lopuyo,Texas A&M,OPP,0,4,0,0,0,0,4,0,0,0,0,0,0,0,0,0,0,0,0,0,0,0,0,0,0,0,0,0,0,0,0,0,0,0,0,0,0,0,0,0,0,0,0,0,0,0,0,0,0,0,0,0,0,0,0,0,0,0,0,0,0,0,0,0,0,0,0,0,0,0,0,0,0,0,0,0,0,0,0,0,0,0,0,0,0,0,0,0,0,0,0,0,0,0,0,0,0,0,0,0,0,0,0,0,0,0,0,0,0,0,0,0,0,0,0,0,0
L. Almodovar,Dayton,OH,4,5,4,0,0,0,13,22,34,20,0,0,0,76,5.85,10,13,11,0,0,0,34,2.62,61,77,68,0,0,0,206,15.85,0.197,0.273,0.132,0,0,0,0.046,0,1,0,0,0,0,1,0.08,4,2,0,0,0,0,6,0.46,2,4,4,0,0,0,10,0.77,0,1,2,0,0,0,3,0.23,13,8,7,0,0,0,28,2.15,0,0,0,0,0,0,0,1,2,1,0,0,0,4,4,0.31,0,0,0,0,0,0,0,0,26.5,37,20.5,0,0,0,84,6.46,12,18,17,0,0,0,3.62
A. Miller,Dayton,S,4,5,4,0,0,0,13,5,3,1,0,0,0,9,0.69,0,0,1,0,0,0,1,0.08,12,7,5,0,0,0,24,1.85,0.417,0.429,0,0,0,0,0.065,38,51,21,0,0,0,110,8.46,0,1,0,0,0,0,1,0.08,1,2,3,0,0,0,6,0.46,0,0,0,0,0,0,0,0,6,7,5,0,0,0,18,1.38,0,0,0,0,0,0,0,1,1,0,0,0,0,2,2,0.15,0,0,0,0,0,0,0,0,5.5,4.5,1,0,0,0,11,0.85,1,2,4,0,0,0,0.54
L. Sarkissian,Dayton,MB,4,5,4,0,0,0,13,8,17,8,0,0,0,33,2.54,2,2,3,0,0,0,7,0.54,16,30,22,0,0,0,68,5.23,0.375,0.5,0.227,0,0,0,0.085,0,0,0,0,0,0,0,0,1,1,0,0,0,0,2,0.15,1,1,2,0,0,0,4,0.31,0,0,0,0,0,0,0,0,3,3,3,0,0,0,9,0.69,0,2,0,0,0,0,2,2,2,3,0,0,0,7,9,0.69,0,0,0,0,0,0,0,0,10,21,9.5,0,0,0,40.5,3.12,3,3,5,0,0,0,0.85
A. Williams,Dayton,MB,4,5,4,0,0,0,13,2,3,0,0,0,0,5,0.38,1,1,1,0,0,0,3,0.23,7,9,1,0,0,0,17,1.31,0.143,0.222,-1,0,0,0,-0.049,0,0,0,0,0,0,0,0,0,0,0,0,0,0,0,0,0,0,0,0,0,0,0,0,0,0,0,0,0,0,0,0,2,5,0,0,0,0,7,0.54,0,0,0,0,0,0,0,1,1,1,0,0,0,3,3,0.23,1,0,0,0,0,0,1,0.08,2.5,3.5,0.5,0,0,0,6.5,0.5,2,1,1,0,0,0,0.31
A. Yates,Dayton,MB,4,5,4,0,0,0,13,3,1,5,0,0,0,9,0.69,0,2,1,0,0,0,3,0.23,6,8,14,0,0,0,28,2.15,0.5,-0.125,0.286,0,0,0,0.051,0,0,0,0,0,0,0,0,0,0,0,0,0,0,0,0,0,0,0,0,0,0,0,0,0,1,0,0,0,0,1,0.08,0,1,0,0,0,0,1,0.08,1,0,0,0,0,0,1,1,4,5,0,0,0,10,11,0.85,0,0,2,0,0,0,2,0.15,4.5,3,7.5,0,0,0,15,1.15,0,3,3,0,0,0,0.46
E. Young,Dayton,L,4,5,4,0,0,0,13,1,0,0,0,0,0,1,0.08,0,0,0,0,0,0,0,0,1,0,0,0,0,0,1,0.08,1,0,0,0,0,0,0.077,0,0,0,0,0,0,0,0,4,1,2,0,0,0,7,0.54,1,2,0,0,0,0,3,0.23,2,2,0,0,0,0,4,0.31,6,5,4,0,0,0,15,1.15,0,0,0,0,0,0,0,0,0,0,0,0,0,0,0,0,0,0,0,0,0,0,0,0,5,1,2,0,0,0,8,0.62,3,4,0,0,0,0,0.54
G. Arroyo,Dayton,L,4,5,4,0,0,0,13,0,0,0,0,0,0,0,0,0,0,0,0,0,0,0,0,0,1,0,0,0,0,1,0.08,0,0,0,0,0,0,0,0,1,1,0,0,0,2,0.15,0,3,2,0,0,0,5,0.38,1,2,1,0,0,0,4,0.31,0,2,2,0,0,0,4,0.31,9,14,9,0,0,0,32,2.46,0,0,0,0,0,0,0,0,0,0,0,0,0,0,0,0,0,0,0,0,0,0,0,0,0,3,2,0,0,0,5,0.38,1,4,3,0,0,0,0.62
K. Kaminski,Dayton,L,4,5,4,0,0,0,13,1,0,0,0,0,0,1,0.08,0,0,0,0,0,0,0,0,1,1,1,0,0,0,3,0.23,1,0,0,0,0,0,0.077,4,13,8,0,0,0,25,1.92,2,2,0,0,0,0,4,0.31,1,1,2,0,0,0,4,0.31,1,0,3,0,0,0,4,0.31,15,22,16,0,0,0,53,4.08,0,0,0,0,0,0,0,0,0,0,0,0,0,0,0,0,0,0,0,0,0,0,0,0,3,2,0,0,0,0,5,0.38,2,1,5,0,0,0,0.62
A. Larkin,Dayton,S,0,0,4,0,0,0,4,0,0,0,0,0,0,0,0,0,0,0,0,0,0,0,0,0,0,0,0,0,0,0,0,0,0,0,0,0,0,0,0,0,5,0,0,0,5,1.25,0,0,0,0,0,0,0,0,0,0,1,0,0,0,1,0.25,0,0,0,0,0,0,0,0,0,0,3,0,0,0,3,0.75,0,0,0,0,0,0,0,0,0,1,0,0,0,1,1,0.25,0,0,0,0,0,0,0,0,0,0,0.5,0,0,0,0.5,0.13,0,0,1,0,0,0,0.25
K. Mcneel,Dayton,OH,0,5,4,0,0,0,9,0,0,0,0,0,0,0,0,0,1,0,0,0,0,1,0.11,0,3,0,0,0,0,3,0.33,0,-0.333,0,0,0,0,-0.037,0,0,0,0,0,0,0,0,0,0,0,0,0,0,0,0,0,0,0,0,0,0,0,0,0,0,0,0,0,0,0,0,0,0,0,0,0,0,0,0,0,0,0,0,0,0,0,0,0,0,0,0,0,0,0,0,0,0,0,0,0,0,0,0,0,0,0,0,0,0,0,0,0,1,0,0,0,0,0.11
T. Russel,Dayton,OH,0,5,4,0,0,0,9,0,0,2,0,0,0,2,0.22,0,2,2,0,0,0,4,0.44,0,4,16,0,0,0,20,2.22,0,-0.5,0,0,0,0,-0.056,0,0,0,0,0,0,0,0,0,0,0,0,0,0,0,0,0,0,0,0,0,0,0,0,0,0,0,0,0,0,0,0,0,0,0,0,0,0,0,0,0,0,0,0,0,0,0,0,0,3,0,0,0,3,3,0.33,0,0,1,0,0,0,1,0.11,0,0,3.5,0,0,0,3.5,0.39,0,2,3,0,0,0,0.56
B. Smith,Dayton,OH,4,5,4,0,0,0,13,11,14,3,0,0,0,28,2.15,1,4,7,0,0,0,12,0.92,21,31,22,0,0,0,74,5.69,0.476,0.323,-0.182,0,0,0,0.047,0,0,0,0,0,0,0,0,0,0,0,0,0,0,0,0,0,0,0,0,0,0,0,0,0,0,0,0,0,0,0,0,3,1,2,0,0,0,6,0.46,0,0,0,0,0,0,0,0,2,2,0,0,0,4,4,0.31,1,0,1,0,0,0,2,0.15,11,15,4,0,0,0,30,2.31,2,4,8,0,0,0,1.08
J. Auguste,Florida,MB,3,5,4,0,0,0,12,6,15,11,0,0,0,32,2.67,0,4,4,0,0,0,8,0.67,8,25,17,0,0,0,50,4.17,0.75,0.44,0.412,0,0,0,0.133,0,0,0,0,0,0,0,0,0,0,0,0,0,0,0,0,0,0,0,0,0,0,0,0,0,0,0,0,0,0,0,0,0,1,0,0,0,0,1,0.08,0,0,0,0,0,0,0,7,6,2,0,0,0,15,15,1.25,1,2,0,0,0,0,3,0.25,9.5,18,12,0,0,0,39.5,3.29,1,6,4,0,0,0,0.92
E. Canaan,Florida,L,3,5,4,0,0,0,12,0,0,0,0,0,0,0,0,0,0,0,0,0,0,0,0,0,0,0,0,0,0,0,0,0,0,0,0,0,0,0,0,2,1,0,0,0,3,0.25,1,2,0,0,0,0,3,0.25,3,3,1,0,0,0,7,0.58,0,1,0,0,0,0,1,0.08,2,9,1,0,0,0,12,1,0,0,0,0,0,0,0,0,0,0,0,0,0,0,0,0,0,0,0,0,0,0,0,0,1,2,0,0,0,0,3,0.25,3,4,1,0,0,0,0.67
I. Martin,Florida,OH,3,5,4,0,0,0,12,7,18,8,0,0,0,33,2.75,0,5,2,0,0,0,7,0.58,19,36,27,0,0,0,82,6.83,0.368,0.361,0.222,0,0,0,0.079,2,2,0,0,0,0,4,0.33,4,1,0,0,0,0,5,0.42,0,1,1,0,0,0,2,0.17,0,2,1,0,0,0,3,0.25,7,7,7,0,0,0,21,1.75,0,0,2,0,0,0,2,1,2,1,0,0,0,4,6,0.5,0,1,2,0,0,0,3,0.25,11.5,20,10.5,0,0,0,42,3.5,0,9,6,0,0,0,1.25
K. Martin,Florida,OH,3,5,4,0,0,0,12,18,33,21,0,0,0,72,6,7,11,5,0,0,0,23,1.92,34,71,50,0,0,0,155,12.92,0.324,0.31,0.32,0,0,0,0.079,0,0,0,0,0,0,0,0,1,1,0,0,0,0,2,0.17,1,2,1,0,0,0,4,0.33,0,0,1,0,0,0,1,0.08,3,4,6,0,0,0,13,1.08,1,0,2,0,0,0,3,4,3,3,0,0,0,10,13,1.08,0,1,0,0,0,0,1,0.08,22,35.5,24.5,0,0,0,82,6.83,8,14,7,0,0,0,2.42
A. Stucky,Florida,S,0,5,4,0,0,0,9,0,1,1,0,0,0,2,0.22,0,0,1,0,0,0,1,0.11,0,5,5,0,0,0,10,1.11,0,0.2,0,0,0,0,0.022,0,40,37,0,0,0,77,8.56,0,2,0,0,0,0,2,0.22,0,0,1,0,0,0,1,0.11,0,0,0,0,0,0,0,0,0,7,11,0,0,0,18,2,0,0,1,0,0,0,1,0,1,0,0,0,0,1,2,0.22,0,1,0,0,0,0,1,0.11,0,3.5,2,0,0,0,5.5,0.61,0,1,2,0,0,0,0.33
A. Thomas,Florida,MB,3,5,4,0,0,0,12,3,1,4,0,0,0,8,0.67,1,4,1,0,0,0,6,0.5,8,6,8,0,0,0,22,1.83,0.25,-0.5,0.375,0,0,0,0.01,0,0,0,0,0,0,0,0,0,0,0,0,0,0,0,0,0,0,0,0,0,0,0,0,0,0,0,0,0,0,0,0,0,0,1,0,0,0,1,0.08,0,0,0,0,0,0,0,2,1,2,0,0,0,5,5,0.42,1,0,1,0,0,0,2,0.17,4,1.5,5,0,0,0,10.5,0.88,2,4,2,0,0,0,0.67
T. Adams,Florida,L,0,0,4,0,0,0,4,0,0,0,0,0,0,0,0,0,0,0,0,0,0,0,0,0,0,0,0,0,0,0,0,0,0,0,0,0,0,0,0,0,0,0,0,0,0,0,0,0,0,0,0,0,0,0,0,0,0,0,0,0,0,0,0,0,0,0,0,0,0,0,0,0,3,0,0,0,3,0.75,0,0,0,0,0,0,0,0,0,0,0,0,0,0,0,0,0,0,0,0,0,0,0,0,0,0,0,0,0,0,0,0,0,0,0,0,0,0,0
A. Fitzpatrick,Florida,OH,3,5,4,0,0,0,12,6,8,6,0,0,0,20,1.67,3,5,4,0,0,0,12,1,17,27,25,0,0,0,69,5.75,0.176,0.111,0.08,0,0,0,0.031,1,0,0,0,0,0,1,0.08,0,0,0,0,0,0,0,0,0,0,0,0,0,0,0,0,0,1,2,0,0,0,3,0.25,0,3,4,0,0,0,7,0.58,0,1,0,0,0,0,1,1,5,1,0,0,0,7,8,0.67,1,1,0,0,0,0,2,0.17,6.5,11.5,6.5,0,0,0,24.5,2.04,4,7,6,0,0,0,1.42
E. Hoyle,Florida,L,3,5,4,0,0,0,12,0,0,0,0,0,0,0,0,0,0,0,0,0,0,0,0,0,0,0,0,0,0,0,0,0,0,0,0,0,0,0,0,0,0,0,0,0,0,0,0,1,0,0,0,0,1,0.08,0,1,3,0,0,0,4,0.33,0,0,0,0,0,0,0,0,1,0,2,0,0,0,3,0.25,0,0,0,0,0,0,0,0,0,0,0,0,0,0,0,0,0,0,0,0,0,0,0,0,0,1,0,0,0,0,1,0.08,0,1,3,0,0,0,0.33
E. Mckissock,Florida,L,3,5,4,0,0,0,12,0,0,0,0,0,0,0,0,0,0,0,0,0,0,0,0,0,1,1,0,0,0,2,0.17,0,0,0,0,0,0,0,7,4,4,0,0,0,15,1.25,0,1,0,0,0,0,1,0.08,1,3,1,0,0,0,5,0.42,2,0,2,0,0,0,4,0.33,13,19,13,0,0,0,45,3.75,0,0,0,0,0,0,0,0,0,0,0,0,0,0,0,0,0,0,0,0,0,0,0,0,0,1,0,0,0,0,1,0.08,3,3,3,0,0,0,0.75
T. Parks,Florida,S,3,5,4,0,0,0,12,2,0,0,0,0,0,2,0.17,0,0,0,0,0,0,0,0,2,1,0,0,0,0,3,0.25,1,0,0,0,0,0,0.083,30,27,6,0,0,0,63,5.25,2,1,0,0,0,0,3,0.25,2,3,0,0,0,0,5,0.42,0,0,0,0,0,0,0,0,12,4,6,0,0,0,22,1.83,0,0,0,0,0,0,0,3,0,0,0,0,0,3,3,0.25,0,0,0,0,0,0,0,0,5.5,1,0,0,0,0,6.5,0.54,2,3,0,0,0,0,0.42
A. Rothe,Florida,MB,0,5,4,0,0,0,9,0,1,0,0,0,0,1,0.11,0,0,1,0,0,0,1,0.11,0,3,3,0,0,0,6,0.67,0,0.333,-0.333,0,0,0,0,0,0,0,0,0,0,0,0,0,0,0,0,0,0,0,0,0,0,0,0,0,0,0,0,0,0,0,0,0,0,0,0,0,0,0,0,0,0,0,0,0,0,0,0,0,0,0,0,4,1,0,0,0,5,5,0.56,0,0,0,0,0,0,0,0,0,3,0.5,0,0,0,3.5,0.39,0,0,1,0,0,0,0.11
T. AndeOPPon,Purdue,S,3,3,3,0,0,0,9,3,0,1,0,0,0,4,0.44,0,0,1,0,0,0,1,0.11,3,2,2,0,0,0,7,0.78,1,0,0,0,0,0,0.111,45,39,35,0,0,0,119,13.22,1,2,0,0,0,0,3,0.33,1,1,0,0,0,0,2,0.22,0,0,0,0,0,0,0,0,5,6,3,0,0,0,14,1.56,0,0,0,0,0,0,0,1,1,3,0,0,0,5,5,0.56,2,0,0,0,0,0,2,0.22,4.5,2.5,2.5,0,0,0,9.5,1.06,3,1,1,0,0,0,0.56
C. Chicoine,Purdue,OH,3,3,3,0,0,0,9,12,9,6,0,0,0,27,3,1,3,3,0,0,0,7,0.78,25,22,17,0,0,0,64,7.11,0.44,0.273,0.176,0,0,0,0.099,1,0,1,0,0,0,2,0.22,0,1,0,0,0,0,1,0.11,0,0,1,0,0,0,1,0.11,0,1,0,0,0,0,1,0.11,19,9,5,0,0,0,33,3.67,0,1,1,0,0,0,2,0,2,0,0,0,0,2,4,0.44,0,0,0,0,0,0,0,0,12,12,7,0,0,0,31,3.44,1,4,4,0,0,0,1
R. Colvin,Purdue,MB,3,3,3,0,0,0,9,7,7,13,0,0,0,27,3,4,1,2,0,0,0,7,0.78,15,12,20,0,0,0,47,5.22,0.2,0.5,0.55,0,0,0,0.139,0,0,0,0,0,0,0,0,0,0,0,0,0,0,0,0,2,0,2,0,0,0,4,0.44,0,0,0,0,0,0,0,0,2,1,0,0,0,0,3,0.33,0,1,0,0,0,0,1,6,5,2,0,0,0,13,14,1.56,1,1,3,0,0,0,5,0.56,10,10.5,14,0,0,0,34.5,3.83,7,2,7,0,0,0,1.78
E. Hudson,Purdue,OH,3,3,3,0,0,0,9,21,20,10,0,0,0,51,5.67,1,2,4,0,0,0,7,0.78,44,32,33,0,0,0,109,12.11,0.455,0.563,0.182,0,0,0,0.133,0,0,0,0,0,0,0,0,0,0,0,0,0,0,0,0,0,1,1,0,0,0,2,0.22,1,0,0,0,0,0,1,0.11,7,2,6,0,0,0,15,1.67,0,0,0,0,0,0,0,5,1,1,0,0,0,7,7,0.78,0,0,1,0,0,0,1,0.11,23.5,20.5,10.5,0,0,0,54.5,6.06,2,3,6,0,0,0,1.22
R. Mcaleer,Purdue,L,3,3,3,0,0,0,9,0,0,0,0,0,0,0,0,0,0,0,0,0,0,0,0,1,0,0,0,0,0,1,0.11,0,0,0,0,0,0,0,3,3,1,0,0,0,7,0.78,0,2,0,0,0,0,2,0.22,0,1,1,0,0,0,2,0.22,3,2,0,0,0,0,5,0.56,7,6,3,0,0,0,16,1.78,0,0,0,0,0,0,0,0,0,0,0,0,0,0,0,0,0,0,0,0,0,0,0,0,0,2,0,0,0,0,2,0.22,3,3,1,0,0,0,0.78
L. MyeOPP,Purdue,MB,3,3,3,0,0,0,9,3,3,5,0,0,0,11,1.22,0,0,0,0,0,0,0,0,9,9,8,0,0,0,26,2.89,0.333,0.333,0.625,0,0,0,0.144,0,0,0,0,0,0,0,0,0,0,0,0,0,0,0,0,0,0,0,0,0,0,0,0,0,0,0,0,0,0,0,0,0,0,0,0,0,0,0,0,0,2,0,0,0,0,2,4,4,4,0,0,0,12,14,1.56,0,1,2,0,0,0,3,0.33,5,7,7,0,0,0,19,2.11,0,1,2,0,0,0,0.33
L. Carr,Purdue,MB,3,0,3,0,0,0,6,1,0,0,0,0,0,1,0.17,2,0,0,0,0,0,2,0.33,7,0,1,0,0,0,8,1.33,-0.143,0,0,0,0,0,-0.024,0,0,0,0,0,0,0,0,0,0,0,0,0,0,0,0,0,0,0,0,0,0,0,0,0,0,0,0,0,0,0,0,0,0,0,0,0,0,0,0,0,0,0,0,0,0,0,1,0,0,0,0,0,1,1,0.17,1,0,0,0,0,0,1,0.17,1.5,0,0,0,0,0,1.5,0.25,3,0,0,0,0,0,0.5
A. Hornung,Purdue,L,3,3,3,0,0,0,9,0,0,0,0,0,0,0,0,0,0,0,0,0,0,0,0,0,1,0,0,0,0,1,0.11,0,0,0,0,0,0,0,1,1,0,0,0,0,2,0.22,1,0,0,0,0,0,1,0.11,2,2,2,0,0,0,6,0.67,0,1,3,0,0,0,4,0.44,11,10,8,0,0,0,29,3.22,0,0,0,0,0,0,0,0,0,0,0,0,0,0,0,0,0,0,0,0,0,0,0,0,1,0,0,0,0,0,1,0.11,2,3,5,0,0,0,1.11
R. Williams,Purdue,L,3,3,3,0,0,0,9,0,0,0,0,0,0,0,0,0,0,0,0,0,0,0,0,0,0,0,0,0,0,0,0,0,0,0,0,0,0,0,0,0,0,0,0,0,0,0,0,0,0,0,0,0,0,0,0,0,0,0,0,0,0,0,0,0,0,0,0,0,0,0,0,0,0,0,0,0,0,0,0,0,0,0,0,0,0,0,0,0,0,0,0,0,0,0,0,0,0,0,0,0,0,0,0,0,0,0,0,0,0,0,0,0,0,0,0,0,0
K. Wollard,Purdue,OH,3,3,3,0,0,0,9,4,5,2,0,0,0,11,1.22,0,2,3,0,0,0,5,0.56,7,10,7,0,0,0,24,2.67,0.571,0.3,-0.143,0,0,0,0.081,0,0,0,0,0,0,0,0,0,0,0,0,0,0,0,0,0,0,0,0,0,0,0,0,0,0,0,0,0,0,0,0,0,1,1,0,0,0,2,0.22,0,0,0,0,0,0,0,3,5,2,0,0,0,10,10,1.11,0,1,0,0,0,0,1,0.11,5.5,7.5,3,0,0,0,16,1.78,0,3,3,0,0,0,0.67
R. Achtzehn,A&M,OH,3,0,0,0,0,0,3,4,0,0,0,0,0,4,1.33,2,0,0,0,0,0,2,0.67,12,0,0,0,0,0,12,4,0.167,0,0,0,0,0,0.056,0,0,0,0,0,0,0,0,0,0,0,0,0,0,0,0,0,0,0,0,0,0,0,0,0,0,0,0,0,0,0,0,1,0,0,0,0,0,1,0.33,0,0,0,0,0,0,0,0,0,0,0,0,0,0,0,0,0,0,0,0,0,0,0,0,4,0,0,0,0,0,4,1.33,2,0,0,0,0,0,0.67
T. Arrington,A&M,OH,3,0,0,0,0,0,3,7,0,0,0,0,0,7,2.33,2,0,0,0,0,0,2,0.67,20,0,0,0,0,0,20,6.67,0.25,0,0,0,0,0,0.083,0,0,0,0,0,0,0,0,0,0,0,0,0,0,0,0,0,0,0,0,0,0,0,0,0,0,0,0,0,0,0,0,2,0,0,0,0,0,2,0.67,2,0,0,0,0,0,2,1,0,0,0,0,0,1,3,1,0,0,0,0,0,0,0,0,9.5,0,0,0,0,0,9.5,3.17,2,0,0,0,0,0,0.67
K. Baumann,A&M,MB,3,0,0,0,0,0,3,4,0,0,0,0,0,4,1.33,3,0,0,0,0,0,3,1,12,0,0,0,0,0,12,4,0.083,0,0,0,0,0,0.028,0,0,0,0,0,0,0,0,0,0,0,0,0,0,0,0,0,0,0,0,0,0,0,0,0,0,0,0,0,0,0,0,3,0,0,0,0,0,3,1,0,0,0,0,0,0,0,0,0,0,0,0,0,0,0,0,0,0,0,0,0,0,0,0,4,0,0,0,0,0,4,1.33,3,0,0,0,0,0,1
A. Hoglund,A&M,S,3,0,0,0,0,0,3,1,0,0,0,0,0,1,0.33,0,0,0,0,0,0,0,0,3,0,0,0,0,0,3,1,0.333,0,0,0,0,0,0.111,25,0,0,0,0,0,25,8.33,0,0,0,0,0,0,0,0,1,0,0,0,0,0,1,0.33,0,0,0,0,0,0,0,0,5,0,0,0,0,0,5,1.67,0,0,0,0,0,0,0,1,0,0,0,0,0,1,1,0.33,0,0,0,0,0,0,0,0,1.5,0,0,0,0,0,1.5,0.5,1,0,0,0,0,0,0.33
K. Payne,A&M,OH,3,0,0,0,0,0,3,8,0,0,0,0,0,8,2.67,7,0,0,0,0,0,7,2.33,38,0,0,0,0,0,38,12.67,0.026,0,0,0,0,0,0.009,0,0,0,0,0,0,0,0,0,0,0,0,0,0,0,0,0,0,0,0,0,0,0,0,0,0,0,0,0,0,0,0,4,0,0,0,0,0,4,1.33,1,0,0,0,0,0,1,1,0,0,0,0,0,1,2,0.67,0,0,0,0,0,0,0,0,9.5,0,0,0,0,0,9.5,3.17,7,0,0,0,0,0,2.33
L. Stolfus,A&M,MB,3,0,0,0,0,0,3,4,0,0,0,0,0,4,1.33,1,0,0,0,0,0,1,0.33,13,0,0,0,0,0,13,4.33,0.231,0,0,0,0,0,0.077,0,0,0,0,0,0,0,0,0,0,0,0,0,0,0,0,4,0,0,0,0,0,4,1.33,0,0,0,0,0,0,0,0,1,0,0,0,0,0,1,0.33,0,0,0,0,0,0,0,2,0,0,0,0,0,2,2,0.67,0,0,0,0,0,0,0,0,5,0,0,0,0,0,5,1.67,5,0,0,0,0,0,1.67
M. Baese,A&M,OPP,3,0,0,0,0,0,3,0,0,0,0,0,0,0,0,0,0,0,0,0,0,0,0,0,0,0,0,0,0,0,0,0,0,0,0,0,0,0,0,0,0,0,0,0,0,0,0,0,0,0,0,0,0,0,0,0,0,0,0,0,0,0,0,0,0,0,0,0,0,0,0,0,0,0,0,0,0,0,0,0,0,0,0,0,0,0,0,0,0,0,0,0,0,0,0,0,0,0,0,0,0,0,0,0,0,0,0,0,0,0,0,0,0,0,0,0,0
B. Jaeger,A&M,OH,3,0,0,0,0,0,3,0,0,0,0,0,0,0,0,0,0,0,0,0,0,0,0,0,0,0,0,0,0,0,0,0,0,0,0,0,0,0,1,0,0,0,0,0,1,0.33,0,0,0,0,0,0,0,0,0,0,0,0,0,0,0,0,2,0,0,0,0,0,2,0.67,9,0,0,0,0,0,9,3,0,0,0,0,0,0,0,0,0,0,0,0,0,0,0,0,0,0,0,0,0,0,0,0,0,0,0,0,0,0,0,0,2,0,0,0,0,0,0.67
K. Mahaney,A&M,L,3,0,0,0,0,0,3,0,0,0,0,0,0,0,0,0,0,0,0,0,0,0,0,0,0,0,0,0,0,0,0,0,0,0,0,0,0,0,0,0,0,0,0,0,0,0,0,0,0,0,0,0,0,0,0,0,0,0,0,0,0,0,2,0,0,0,0,0,2,0.67,7,0,0,0,0,0,7,2.33,0,0,0,0,0,0,0,0,0,0,0,0,0,0,0,0,0,0,0,0,0,0,0,0,0,0,0,0,0,0,0,0,2,0,0,0,0,0,0.67
M. Smith,A&M,MB,3,0,0,0,0,0,3,0,0,0,0,0,0,0,0,0,0,0,0,0,0,0,0,0,0,0,0,0,0,0,0,0,0,0,0,0,0,0,0,0,0,0,0,0,0,0,0,0,0,0,0,0,0,0,0,0,0,0,0,0,0,0,0,0,0,0,0,0,0,0,0,0,0,0,0,0,0,0,0,0,0,0,0,0,0,0,0,0,0,0,0,0,0,0,0,0,0,0,0,0,0,0,0,0,0,0,0,0,0,0,0,0,0,0,0,0,0
K. White,A&M,L,3,0,0,0,0,0,3,0,0,0,0,0,0,0,0,0,0,0,0,0,0,0,0,0,0,0,0,0,0,0,0,0,0,0,0,0,0,0,1,0,0,0,0,0,1,0.33,0,0,0,0,0,0,0,0,1,0,0,0,0,0,1,0.33,1,0,0,0,0,0,1,0.33,4,0,0,0,0,0,4,1.33,0,0,0,0,0,0,0,0,0,0,0,0,0,0,0,0,0,0,0,0,0,0,0,0,0,0,0,0,0,0,0,0,2,0,0,0,0,0,0.67
